[22:43:51] [ServerMain/INFO]: [bootstrap] Running Java 21 (OpenJDK 64-Bit Server VM 21.0.10+7-Ubuntu-124.04; Ubuntu null) on Linux 6.8.0-1044-azure (amd64)
[22:43:51] [ServerMain/INFO]: [bootstrap] Loading Paper 1.21.11-131-ver/1.21.11@6d5b910 (2026-05-03T16:08:07Z) for Minecraft 1.21.11
[22:43:51] [ServerMain/INFO]: [PluginInitializerManager] Initializing plugins...
[22:43:54] [ServerMain/INFO]: [PluginInitializerManager] Initialized 27 plugins
[22:43:54] [ServerMain/INFO]: [PluginInitializerManager] Paper plugins (4):
 - CustomDiscs (2.5.2), FancyHolograms (2.10.0-java21), FancyNpcs (2.10.0+2-java21), HuskHomes (4.10-089d883)
[22:43:54] [ServerMain/INFO]: [PluginInitializerManager] Bukkit plugins (23):
 - BreweryX (3.6.5;HEAD), Chunky (1.4.40), CommandAPI (11.2.0), GrimAC (2.3.74-65815fc), InvSeePlusPlus (0.31.10), LuckPerms (5.5.42), Multiverse-Core (5.6.2-pre), PlaceholderAPI (2.12.2), ProtocolLib (5.4.0), PterodactylAntiCrash (1.0), SkinsRestorer (15.12.0), TAB (6.0.2), URLCustomDiscs (2.7.2), ViaBackwards (5.9.1), ViaVersion (5.9.1), WorldEdit (7.4.2+7450-eb8e82c), WorldGuard (7.0.15+2347-5fafea6), mclogs (3.2.0), nAntiBot (2.0.6), nLogin (2.0.16), nonchat (1.5.9), packetevents (2.12.1), voicechat (2.6.17)
[22:44:01] [ServerMain/INFO]: Environment: Environment[sessionHost=https://sessionserver.mojang.com, servicesHost=https://api.minecraftservices.com, profilesHost=https://api.mojang.com, name=PROD]
[22:44:05] [Worker-Main-1/WARN]: Found loot table element validation problem in {infinity_cave:custom_items/frostpale_plant@minecraft:loot_table}.pools[0].entries[0]: Unreachable entry!
[22:44:05] [Worker-Main-1/WARN]: Found loot table element validation problem in {minecraft:blocks/pitcher_crop@minecraft:loot_table}.pools[1].entries[0]->{infinity_cave:custom_items/frostpale_plant@minecraft:loot_table}.pools[0].entries[0]: Unreachable entry!
[22:44:07] [ServerMain/INFO]: Loaded 1490 recipes
[22:44:07] [ServerMain/INFO]: Loaded 1877 advancements
[22:44:07] [ServerMain/INFO]: [ca.spottedleaf.dataconverter.minecraft.datatypes.MCTypeRegistry] Initialising converters for DataConverter...
[22:44:08] [ServerMain/INFO]: [ca.spottedleaf.dataconverter.minecraft.datatypes.MCTypeRegistry] Finished initialising converters for DataConverter in 411.0ms
[22:44:08] [Server thread/INFO]: Starting minecraft server version 1.21.11
[22:44:08] [Server thread/INFO]: Loading properties
[22:44:08] [Server thread/INFO]: This server is running Paper version 1.21.11-131-ver/1.21.11@6d5b910 (2026-05-03T16:08:07Z) (Implementing API version 1.21.11-R0.1-SNAPSHOT)
[22:44:08] [Server thread/INFO]: [spark] This server bundles the spark profiler. For more information please visit https://docs.papermc.io/paper/profiling
[22:44:08] [Server thread/INFO]: Server Ping Player Sample Count: 12
[22:44:08] [Server thread/INFO]: Using 4 threads for Netty based IO
[22:44:08] [Server thread/INFO]: [MoonriseCommon] Paper is using 1 worker threads, 1 I/O threads
[22:44:09] [Server thread/INFO]: Default game type: SURVIVAL
[22:44:09] [Server thread/INFO]: Generating keypair
[22:44:09] [Server thread/INFO]: Starting Minecraft server on *:25565
[22:44:09] [Server thread/INFO]: Paper: Using libdeflate (Linux x86_64) compression from Velocity.
[22:44:09] [Server thread/INFO]: Paper: Using OpenSSL 3.x.x (Linux x86_64) cipher from Velocity.
[22:44:11] [Server thread/ERROR]: [ModernPluginLoadingStrategy] Could not load plugin 'mclogs-bukkit-26.1-3.2.0-all.jar' in folder 'plugins/.paper-remapped'
org.bukkit.plugin.InvalidPluginException: Unsupported API version 26.1
	at org.bukkit.craftbukkit.util.CraftMagicNumbers.checkSupported(CraftMagicNumbers.java:370) ~[paper-1.21.11.jar:1.21.11-131-6d5b910]
	at io.papermc.paper.plugin.provider.type.spigot.SpigotPluginProvider.createInstance(SpigotPluginProvider.java:121) ~[paper-1.21.11.jar:1.21.11-131-6d5b910]
	at io.papermc.paper.plugin.provider.type.spigot.SpigotPluginProvider.createInstance(SpigotPluginProvider.java:35) ~[paper-1.21.11.jar:1.21.11-131-6d5b910]
	at io.papermc.paper.plugin.entrypoint.strategy.modern.ModernPluginLoadingStrategy.loadProviders(ModernPluginLoadingStrategy.java:116) ~[paper-1.21.11.jar:1.21.11-131-6d5b910]
	at io.papermc.paper.plugin.storage.SimpleProviderStorage.enter(SimpleProviderStorage.java:38) ~[paper-1.21.11.jar:1.21.11-131-6d5b910]
	at io.papermc.paper.plugin.entrypoint.LaunchEntryPointHandler.enter(LaunchEntryPointHandler.java:39) ~[paper-1.21.11.jar:1.21.11-131-6d5b910]
	at org.bukkit.craftbukkit.CraftServer.loadPlugins(CraftServer.java:555) ~[paper-1.21.11.jar:1.21.11-131-6d5b910]
	at net.minecraft.server.dedicated.DedicatedServer.initServer(DedicatedServer.java:320) ~[paper-1.21.11.jar:1.21.11-131-6d5b910]
	at net.minecraft.server.MinecraftServer.runServer(MinecraftServer.java:1253) ~[paper-1.21.11.jar:1.21.11-131-6d5b910]
	at net.minecraft.server.MinecraftServer.lambda$spin$2(MinecraftServer.java:388) ~[paper-1.21.11.jar:1.21.11-131-6d5b910]
	at java.base/java.lang.Thread.run(Thread.java:1583) ~[?:?]
[22:44:11] [Server thread/INFO]: [ViaVersion] Loading server plugin ViaVersion v5.9.1
[22:44:11] [Server thread/INFO]: [ViaVersion] ViaVersion 5.9.1 is now loaded. Registering protocol transformers and injecting...
[22:44:11] [Via-Mappingloader-1/INFO]: [ViaVersion] Loading block connection mappings ...
[22:44:12] [Server thread/INFO]: [ViaBackwards] Loading translations...
[22:44:12] [Server thread/INFO]: [ViaBackwards] Registering protocols...
[22:44:12] [Server thread/INFO]: [PlaceholderAPI] Loading server plugin PlaceholderAPI v2.12.2
[22:44:12] [Server thread/INFO]: [WorldEdit] Loading server plugin WorldEdit v7.4.2+7450-eb8e82c
[22:44:13] [Server thread/INFO]: Got request to register class com.sk89q.worldedit.bukkit.BukkitServerInterface with WorldEdit [com.sk89q.worldedit.extension.platform.PlatformManager@4ea5948c]
[22:44:13] [Server thread/INFO]: [ProtocolLib] Loading server plugin ProtocolLib v5.4.0
[22:44:13] [Server thread/WARN]: [ProtocolLib] Version (MC: 1.21.11) has not yet been tested! Proceed with caution.
[22:44:14] [Server thread/INFO]: [ViaBackwards] Loading server plugin ViaBackwards v5.9.1
[22:44:14] [Server thread/INFO]: [FancyNpcs] Loading server plugin FancyNpcs v2.10.0+2-java21
[22:44:14] [Server thread/INFO]: [LuckPerms] Loading server plugin LuckPerms v5.5.42
[22:44:14] [Server thread/INFO]: [LuckPerms] Loading configuration...
[22:44:14] [Server thread/INFO]: [CommandAPI] Loading server plugin CommandAPI v11.2.0
[22:44:14] [Server thread/INFO]: [CommandAPI] Loaded version PaperNMS_1_21_R7
[22:44:14] [Server thread/INFO]: [CommandAPI] Hooked into Spigot successfully for Chat/ChatComponents
[22:44:14] [Server thread/INFO]: [CommandAPI] Hooked into Adventure for AdventureChat/AdventureChatComponents
[22:44:14] [Server thread/INFO]: [CommandAPI] Hooked into Paper for paper-specific API implementations
[22:44:14] [Server thread/INFO]: [CommandAPI] Loaded platform CommandAPIPaper > CommandAPIBukkit
[22:44:14] [Server thread/INFO]: [WorldGuard] Loading server plugin WorldGuard v7.0.15+2347-5fafea6
[22:44:14] [Server thread/INFO]: [voicechat] Loading server plugin voicechat v2.6.17
[22:44:14] [Server thread/INFO]: [packetevents] Loading server plugin packetevents v2.12.1
[22:44:16] [Server thread/INFO]: [SkinsRestorer] Loading server plugin SkinsRestorer v15.12.0
[22:44:16] [Server thread/INFO]: [FancyHolograms] Loading server plugin FancyHolograms v2.10.0-java21
[22:44:16] [Server thread/INFO]: [TAB] Loading server plugin TAB v6.0.2
[22:44:16] [Server thread/INFO]: [HuskHomes] Loading server plugin HuskHomes v4.10-089d883
[22:44:16] [FancyLogger/INFO]: [FancyHolograms] (Server thread) INFO: Successfully loaded FancyHolograms version 2.10.0-java21
[22:44:16] [Server thread/INFO]: [HuskHomes] Registered 'on_load' hooks
[22:44:16] [Server thread/INFO]: [HuskHomes] Successfully loaded HuskHomes v4.10-089d883
[22:44:16] [Server thread/INFO]: [PAC] Loading server plugin PterodactylAntiCrash v1.0
[22:44:16] [Server thread/INFO]: [CoreLogging] Loading server plugin Multiverse-Core v5.6.2-pre
[22:44:16] [Server thread/INFO]: [nAntiBot] Loading server plugin nAntiBot v2.0.6
[22:44:17] [Server thread/INFO]: [BreweryX] Loading server plugin BreweryX v3.6.5;HEAD
[22:44:17] [Server thread/INFO]: [GrimAC] Loading server plugin GrimAC v2.3.74-65815fc
[22:44:17] [Server thread/INFO]: [GrimAC] Loading PacketEvents...
[22:44:19] [Server thread/INFO]: [InvSee++] Loading server plugin InvSeePlusPlus v0.31.10
[22:44:19] [Server thread/INFO]: [Chunky] Loading server plugin Chunky v1.4.40
[22:44:19] [Server thread/INFO]: [CustomDiscs] Loading server plugin CustomDiscs v2.5.2
[22:44:19] [Server thread/INFO]: [URLCustomDiscs] Loading server plugin URLCustomDiscs v2.7.2
[22:44:19] [Server thread/INFO]: [nLogin] Loading server plugin nLogin v2.0.16
[22:44:19] [Server thread/INFO]: [nonchat] Loading server plugin nonchat v1.5.9
[22:44:19] [Server thread/INFO]: Server permissions file permissions.yml is empty, ignoring it
[22:44:19] [Server thread/INFO]: [WorldEdit] Enabling WorldEdit v7.4.2+7450-eb8e82c
[22:44:19] [Server thread/INFO]: Registering commands with com.sk89q.worldedit.bukkit.BukkitServerInterface
[22:44:20] [Server thread/INFO]: WEPIF: Using the Bukkit Permissions API.
[22:44:20] [Server thread/INFO]: Using com.sk89q.worldedit.bukkit.adapter.impl.v1_21_11.PaperweightAdapter as the Bukkit adapter
[22:44:20] [Server thread/INFO]: [ProtocolLib] Enabling ProtocolLib v5.4.0
[22:44:20] [Server thread/INFO]: [LuckPerms] Enabling LuckPerms v5.5.42
[22:44:21] [Server thread/INFO]:         __    
[22:44:21] [Server thread/INFO]:   |    |__)   LuckPerms v5.5.42
[22:44:21] [Server thread/INFO]:   |___ |      Running on Bukkit - Paper
[22:44:21] [Server thread/INFO]: 
[22:44:21] [Server thread/INFO]: [LuckPerms] Loading storage provider... [H2]
[22:44:21] [Server thread/INFO]: [LuckPerms] Loading internal permission managers...
[22:44:21] [Server thread/INFO]: [LuckPerms] Performing initial data load...
[22:44:21] [Server thread/INFO]: [LuckPerms] Successfully enabled. (took 1430ms)
[22:44:21] [Server thread/INFO]: [SkinsRestorer] Enabling SkinsRestorer v15.12.0
[22:44:22] [Server thread/INFO]: [SkinsRestorer] Running on Minecraft 1.21.11.
[22:44:23] [Server thread/INFO]: [SkinsRestorer] Using paper join listener!
[22:44:23] [Server thread/INFO]: [PlaceholderAPI] Successfully registered internal expansion: skinsrestorer [15.12.0]
[22:44:23] [Server thread/INFO]: [SkinsRestorer] PlaceholderAPI expansion registered!
[22:44:23] [Server thread/INFO]: [nAntiBot] Enabling nAntiBot v2.0.6
[22:44:23] [Folia Async Scheduler Thread #1/INFO]: [SkinsRestorer] ----------------------------------------------
[22:44:23] [Folia Async Scheduler Thread #1/INFO]: [SkinsRestorer]     +==================+
[22:44:23] [Folia Async Scheduler Thread #1/INFO]: [SkinsRestorer]     |   SkinsRestorer  |
[22:44:23] [Folia Async Scheduler Thread #1/INFO]: [SkinsRestorer]     |------------------|
[22:44:23] [Folia Async Scheduler Thread #1/INFO]: [SkinsRestorer]     |  Standalone Mode |
[22:44:23] [Folia Async Scheduler Thread #1/INFO]: [SkinsRestorer]     +==================+
[22:44:23] [Folia Async Scheduler Thread #1/INFO]: [SkinsRestorer] ----------------------------------------------
[22:44:23] [Folia Async Scheduler Thread #1/INFO]: [SkinsRestorer]     Version: 15.12.0
[22:44:23] [Folia Async Scheduler Thread #1/INFO]: [SkinsRestorer]     Commit: 2903414
[22:44:23] [Folia Async Scheduler Thread #1/INFO]: [SkinsRestorer]     This is the latest version!
[22:44:23] [Folia Async Scheduler Thread #1/INFO]: [SkinsRestorer] ----------------------------------------------
[22:44:23] [Folia Async Scheduler Thread #1/INFO]: [SkinsRestorer] Do you have issues? Read our troubleshooting guide: https://skinsrestorer.net/docs/troubleshooting
[22:44:23] [Folia Async Scheduler Thread #1/INFO]: [SkinsRestorer] Want to support SkinsRestorer or receive priority support? Become a supporter: https://skinsrestorer.net/pricing
[22:44:23] [Server thread/INFO]: [nAntiBot] Successful plugin core start (took 0.20s)
[22:44:23] [Server thread/INFO]: [nAntiBot]           _         _   _   ___       _   
[22:44:23] [Server thread/INFO]: [nAntiBot]   _ __   /_\  _ __ | |_(_) / __\ ___ | |_ 
[22:44:23] [Server thread/INFO]: [nAntiBot]  | '_ \ //_\\| '_ \| __| |/__\/// _ \| __|
[22:44:23] [Server thread/INFO]: [nAntiBot]  | | | /  _  \ | | | |_| / \/  \ (_) | |_ 
[22:44:23] [Server thread/INFO]: [nAntiBot]  |_| |_\_/ \_/_| |_|\__|_\_____/\___/ \__|
[22:44:23] [Server thread/INFO]: [nAntiBot]                                          
[22:44:23] [Server thread/INFO]: [nAntiBot]  By: www.nickuc.com - V 2.0.6
[22:44:23] [Server thread/INFO]: [nAntiBot] 
[22:44:24] [Folia Async Scheduler Thread #2/INFO]: [nAntiBot] Connecting to the remote server antibot.nickuc.com...
[22:44:24] [Server thread/INFO]: [nLogin] Enabling nLogin v2.0.16
[22:44:24] [Server thread/INFO]: [nLogin] Successful plugin core start (took 0.15s)
[22:44:24] [Server thread/INFO]: [nLogin]           __             _       
[22:44:24] [Server thread/INFO]: [nLogin]   _ __   / /  ___   __ _(_)_ __  
[22:44:24] [Server thread/INFO]: [nLogin]  | '_ \ / /  / _ \ / _` | | '_ \ 
[22:44:24] [Server thread/INFO]: [nLogin]  | | | / /__| (_) | (_| | | | | |
[22:44:24] [Server thread/INFO]: [nLogin]  |_| |_\____/\___/ \__, |_|_| |_|
[22:44:24] [Server thread/INFO]: [nLogin]                   |___/            
[22:44:24] [Server thread/INFO]: [nLogin]  By: www.nickuc.com - V 2.0.16
[22:44:24] [Server thread/INFO]: [nLogin]  
[22:44:25] [Server thread/WARN]: [nLogin] The "unsupported-settings.perform-username-validation" option is enabled in config/paper-global.yml
[22:44:25] [Server thread/WARN]: [nLogin] The username-appender feature may fail with an invalid nickname kick message.
[22:44:26] [Server thread/INFO]: [nonchat] Enabling nonchat v1.5.9
[22:44:26] [Server thread/INFO]: [nonchat] Configuration reloaded successfully
[22:44:26] [Server thread/INFO]: [nonchat] Built-in interactive placeholders will be loaded from config
[22:44:26] [Server thread/INFO]: [nonchat] Loaded 3 custom interactive placeholders from config
[22:44:26] [Server thread/INFO]: [nonchat] Interactive placeholders initialized successfully
[22:44:26] [Server thread/INFO]: [nonchat] Deaths.yml is up to date, no changes needed
[22:44:26] [Server thread/INFO]: [nonchat] Death messages configuration loaded successfully
[22:44:26] [Server thread/INFO]: [nonchat] Death message service initialized successfully
[22:44:26] [Server thread/INFO]: [nonchat] Indirect death tracking enabled (window: 10s)
[22:44:26] [Server thread/INFO]: [nonchat] Core services initialized successfully
[22:44:26] [Server thread/INFO]: [PlaceholderAPI] Successfully registered internal expansion: nonchat [1.5.9]
[22:44:26] [Server thread/INFO]: [nonchat] PlaceholderAPI expansion registered successfully
[22:44:26] [Server thread/INFO]: [nonchat] Indirect death tracking enabled (window: 10s, min damage: 1.0 hearts)
[22:44:26] [Server thread/INFO]: [nonchat] Event listeners registered successfully
[22:44:26] [Server thread/INFO]: [nonchat] LuckPerms integration enabled
[22:44:27] [Server thread/INFO]: [nonchat] Vault not installed - economy features will be disabled
[22:44:27] [Server thread/INFO]: [nonchat] PlaceholderAPI integration enabled
[22:44:27] [Server thread/INFO]: [nonchat] Metrics initialized successfully
[22:44:27] [Server thread/INFO]: [nonchat] DiscordSRV not available - Discord integration will be disabled
[22:44:27] [Server thread/INFO]: [nonchat] plugin enabled
[22:44:27] [Server thread/WARN]: **** SERVER IS RUNNING IN OFFLINE/INSECURE MODE!
[22:44:27] [Server thread/WARN]: The server will make no attempt to authenticate usernames. Beware.
[22:44:27] [Server thread/WARN]: While this makes the game possible to play without internet access, it also opens up the ability for hackers to connect with any username they choose.
[22:44:27] [Server thread/WARN]: To change this, set "online-mode" to "true" in the server.properties file.
[22:44:27] [Server thread/INFO]: Preparing level "world"
[22:44:27] [Server thread/INFO]: [ca.spottedleaf.moonrise.common.util.MoonriseConstants] NUMA enable flag is not set; however there is NUMA interaction support for this OS.
[22:44:27] [Server thread/INFO]: [ca.spottedleaf.moonrise.common.util.MoonriseConstants] Detected 1 NUMA nodes.
[22:44:28] [Server thread/INFO]: Loading 25 persistent chunks for world 'minecraft:overworld'...
[22:44:28] [Server thread/INFO]: Preparing spawn area: 28%
[22:44:29] [Server thread/INFO]: Prepared spawn area in 861 ms
[22:44:29] [Server thread/INFO]: Loading 0 persistent chunks for world 'minecraft:the_nether'...
[22:44:29] [Server thread/INFO]: Preparing spawn area: 100%
[22:44:29] [Server thread/INFO]: Prepared spawn area in 1 ms
[22:44:29] [Server thread/INFO]: Loading 0 persistent chunks for world 'minecraft:the_end'...
[22:44:29] [Server thread/INFO]: Prepared spawn area in 0 ms
[22:44:29] [Server thread/INFO]: Done preparing level "world" (2.505s)
[22:44:29] [Server thread/INFO]: [ViaVersion] Enabling ViaVersion v5.9.1
[22:44:29] [Server thread/INFO]: [ViaVersion] ViaVersion detected server version: 1.21.11 (774)
[22:44:29] [Server thread/INFO]: [PlaceholderAPI] Enabling PlaceholderAPI v2.12.2
[22:44:29] [Server thread/INFO]: [PlaceholderAPI] Fetching available expansion information...
[22:44:29] [Server thread/INFO]: [ViaBackwards] Enabling ViaBackwards v5.9.1
[22:44:29] [Server thread/INFO]: [FancyNpcs] Enabling FancyNpcs v2.10.0+2-java21
[22:44:29] [Server thread/WARN]: [org.mineskin.MineSkinClient] Creating MineSkinClient without API key
[22:44:30] [FancyLogger/INFO]: [FancyNpcs] (Server thread) INFO: FancyNpcs (2.10.0+2-java21) has been enabled.
[22:44:30] [Server thread/INFO]: [CommandAPI] Enabling CommandAPI v11.2.0
[22:44:30] [Server thread/INFO]: [CommandAPI] Hooked into Paper ServerResourcesReloadedEvent
[22:44:30] [Server thread/INFO]: [WorldGuard] Enabling WorldGuard v7.0.15+2347-5fafea6
[22:44:30] [Server thread/INFO]: [WorldGuard] (world) TNT ignition is PERMITTED.
[22:44:30] [Server thread/INFO]: [WorldGuard] (world) Lighters are PERMITTED.
[22:44:30] [Server thread/INFO]: [WorldGuard] (world) Lava fire is PERMITTED.
[22:44:30] [Server thread/INFO]: [WorldGuard] (world) Fire spread is UNRESTRICTED.
[22:44:30] [Server thread/INFO]: [WorldGuard] Loaded configuration for world 'world'
[22:44:30] [Server thread/INFO]: [WorldGuard] (world_nether) TNT ignition is PERMITTED.
[22:44:30] [Server thread/INFO]: [WorldGuard] (world_nether) Lighters are PERMITTED.
[22:44:30] [Server thread/INFO]: [WorldGuard] (world_nether) Lava fire is PERMITTED.
[22:44:30] [Server thread/INFO]: [WorldGuard] (world_nether) Fire spread is UNRESTRICTED.
[22:44:30] [Server thread/INFO]: [WorldGuard] Loaded configuration for world 'world_nether'
[22:44:30] [Server thread/INFO]: [WorldGuard] (world_the_end) TNT ignition is PERMITTED.
[22:44:30] [Server thread/INFO]: [WorldGuard] (world_the_end) Lighters are PERMITTED.
[22:44:30] [Server thread/INFO]: [WorldGuard] (world_the_end) Lava fire is PERMITTED.
[22:44:30] [Server thread/INFO]: [WorldGuard] (world_the_end) Fire spread is UNRESTRICTED.
[22:44:30] [Server thread/INFO]: [WorldGuard] Loaded configuration for world 'world_the_end'
[22:44:30] [Server thread/INFO]: [WorldGuard] Loading region data...
[22:44:30] [Server thread/INFO]: [voicechat] Enabling voicechat v2.6.17
[22:44:30] [Server thread/INFO]: [voicechat] Initializing compatibility for version 1.21.11-R0.1
[22:44:30] [Server thread/INFO]: [voicechat] Compatibility version 20
[22:44:30] [Server thread/INFO]: [voicechat] Successfully initialized commodore command completion
[22:44:30] [Server thread/INFO]: [PlaceholderAPI] Successfully registered internal expansion: voicechat [2.6.17]
[22:44:30] [Server thread/INFO]: [voicechat] Successfully registered PlaceholderAPI expansion
[22:44:30] [Server thread/INFO]: [voicechat] Successfully added ViaVersion mappings
[22:44:30] [Server thread/INFO]: [packetevents] Enabling packetevents v2.12.1
[22:44:30] [packetevents-update-check-thread/INFO]: [packetevents] Checking for updates, please wait...
[22:44:30] [Server thread/INFO]: [FancyHolograms] Enabling FancyHolograms v2.10.0-java21
[22:44:31] [FancyLogger/INFO]: [FancyHolograms] (FancyHolograms-Holograms) WARN: No holograms section found in config
[22:44:31] [FancyLogger/INFO]: [FancyHolograms] (FancyHolograms-Holograms) WARN: No holograms section found in config
[22:44:31] [FancyLogger/INFO]: [FancyHolograms] (FancyHolograms-Holograms) WARN: No holograms section found in config
[22:44:31] [FancyLogger/INFO]: [FancyHolograms] (Server thread) INFO: Successfully enabled FancyHolograms version 2.10.0-java21
[22:44:31] [Server thread/INFO]: [TAB] Enabling TAB v6.0.2
[22:44:31] [packetevents-update-check-thread/INFO]: [packetevents] You are running the latest release of PacketEvents. Your build: (2.12.1)
[22:44:31] [Server thread/INFO]: [TAB] Found NMS implementation: me.neznamy.tab.platforms.bukkit.paper_1_21_11.NMSImplementationProvider
[22:44:31] [Server thread/INFO]: [TAB] Enabled in 309ms
[22:44:31] [Server thread/INFO]: [HuskHomes] Enabling HuskHomes v4.10-089d883
[22:44:31] [Server thread/INFO]: [PlaceholderAPI] Successfully registered internal expansion: huskhomes [4.10]
[22:44:31] [Server thread/INFO]: [HuskHomes] Registered 'on_enable' hooks
[22:44:31] [Server thread/INFO]: [HuskHomes] Successfully enabled HuskHomes v4.10-089d883
[22:44:31] [Server thread/INFO]: [PAC] Enabling PterodactylAntiCrash v1.0
[22:44:31] [Server thread/WARN]: [PAC] The API URL has not yet been set, no connection to Pterodactyl can be established.
[22:44:31] [Server thread/INFO]: [Multiverse-Core] Enabling Multiverse-Core v5.6.2-pre
[22:44:32] [Server thread/INFO]: [PlaceholderAPI] Successfully registered internal expansion: multiverse-core [5.6.2-pre]
[22:44:32] [Server thread/INFO]: [Multiverse-Core] API service loaded!
[22:44:32] [Server thread/INFO]: [Multiverse-Core] Version 5.6.2-pre (API v5.6) Enabled - By dumptruckman, Rigby, fernferret, lithium3141, main--, benwoo1110 and Zax71
[22:44:32] [Server thread/INFO]: [Multiverse-Core] Loving Multiverse-Core? Please consider supporting the project with a small donation: https://github.com/sponsors/Multiverse
[22:44:32] [Server thread/INFO]: [BreweryX] Enabling BreweryX v3.6.5;HEAD
[22:44:33] [Server thread/INFO]: [Cervezeria SrCraft] Using language: es.yml
[22:44:33] [Server thread/INFO]: [Cervezeria SrCraft] Minecraft version: 1.21.11
[22:44:33] [Server thread/INFO]: [Cervezeria SrCraft] DataManager created: SQLite
[22:44:33] [Server thread/INFO]: [PlaceholderAPI] Successfully registered internal expansion: breweryx [3.6.5;HEAD]
[22:44:33] [Server thread/INFO]: [Cervezeria SrCraft] Using scheduler: PaperScheduler
[22:44:33] [Server thread/INFO]: [Cervezeria SrCraft] Environment: Paper
[22:44:33] [Server thread/INFO]: [Cervezeria SrCraft] BreweryX enabled!
[22:44:33] [Server thread/INFO]: [GrimAC] Enabling GrimAC v2.3.74-65815fc
[22:44:33] [Server thread/INFO]: [GrimAC] Registering packets...
[22:44:33] [Server thread/INFO]: [GrimAC] Registering tick schedulers...
[22:44:33] [ForkJoinPool.commonPool-worker-1/INFO]: [Cervezeria SrCraft] A new release of BreweryX is available! v3.6.5 -> v3.7.0 Download: https://github.com/BreweryTeam/BreweryX/releases/tag/3.7.0
[22:44:34] [Server thread/INFO]: Grim Version: 2.3.74-65815fc
[22:44:34] [Server thread/WARN]: [GrimAC] GrimAC has detected that you have installed ViaBackwards on a 1.21.2+ server.
[22:44:34] [Server thread/WARN]: [GrimAC] This setup is currently unsupported and you will experience issues with older clients using vehicles.
[22:44:34] [Server thread/INFO]: [GrimAC] Registering singular bukkit event... (PistonEvent)
[22:44:34] [Server thread/INFO]: [PlaceholderAPI] Successfully registered internal expansion: grim [2.3.74-65815fc]
[22:44:34] [Server thread/INFO]: [InvSee++] Enabling InvSeePlusPlus v0.31.10
[22:44:34] [Server thread/INFO]: [InvSee++] Detected server software: Paper version 1.21.11
[22:44:34] [Server thread/INFO]: [Chunky] Enabling Chunky v1.4.40
[22:44:34] [Server thread/INFO]: [CustomDiscs] Enabling CustomDiscs v2.5.2
[22:44:34] [Server thread/INFO]: [CommandAPI] Hooked into Paper ServerResourcesReloadedEvent
[22:44:34] [Server thread/INFO]: [CustomDiscs] Successfully enabled voicechat hook
[22:44:34] [Server thread/INFO]: [URLCustomDiscs] Enabling URLCustomDiscs v2.7.2
[22:44:34] [Server thread/INFO]: [URLCustomDiscs] URLCustomDiscs enabled !
[22:44:34] [Server thread/INFO]: [URLCustomDiscs] Running on OS: linux
[22:44:34] [Server thread/INFO]: [URLCustomDiscs] Detected Minecraft server version: 1.21.11
[22:44:34] [Server thread/INFO]: [URLCustomDiscs] ProtocolLib detected! Custom Now Playing toasts will be available.
[22:44:34] [Server thread/INFO]: [URLCustomDiscs] Registered Toast Interceptors
[22:44:34] [Server thread/INFO]: [spark] Starting background profiler...
[22:44:35] [Server thread/INFO]: [PlaceholderAPI] Placeholder expansion registration initializing...
[22:44:35] [Server thread/INFO]: Running delayed init tasks
[22:44:35] [Server thread/INFO]: Done (44.485s)! For help, type "help"
[22:44:35] [Craft Scheduler Thread - 1 - ViaVersion/INFO]: [ViaVersion] Finished mapping loading, shutting down loader executor.
[22:44:35] [Craft Scheduler Thread - 3 - nonchat/INFO]: 
• Usa /sethome para guardar tu casa •

[22:44:35] [Server thread/INFO]: [voicechat] Loading plugins
[22:44:35] [Craft Scheduler Thread - 5 - GrimAC/INFO]: New GrimAC version found! Version 2.3.74-7ccff01 is available to be downloaded here: https://modrinth.com/plugin/grimac
[22:44:35] [Server thread/INFO]: [voicechat] Loaded 1 plugin(s)
[22:44:35] [Server thread/INFO]: [voicechat] Initializing plugins
[22:44:35] [Server thread/INFO]: [voicechat] Initialized 1 plugin(s)
[22:44:35] [Server thread/INFO]: [voicechat] Registering events for 'customdiscs'
[22:44:35] [Server thread/WARN]: [voicechat] Running in offline mode - Voice chat encryption is not secure!
[22:44:35] [Paper Async Task Handler Thread - 1/WARN]: *************************************************************************************
[22:44:35] [Paper Async Task Handler Thread - 1/WARN]: You are running the latest build for your Minecraft version (1.21.11)
[22:44:35] [Paper Async Task Handler Thread - 1/WARN]: However, you are 2 release(s) behind the latest stable release (26.1.2)!
[22:44:35] [Paper Async Task Handler Thread - 1/WARN]: It is recommended that you update as soon as possible
[22:44:35] [Paper Async Task Handler Thread - 1/WARN]: https://papermc.io/downloads/paper
[22:44:35] [Paper Async Task Handler Thread - 1/WARN]: *************************************************************************************
[22:44:35] [VoiceChatServerThread/INFO]: [voicechat] Voice host is 'sport-utmost.gl.at.ply.gg:11214'
[22:44:35] [VoiceChatServerThread/INFO]: [voicechat] Voice chat server started at port 24454
[22:44:35] [Server thread/INFO]: [PlaceholderAPI] Successfully registered external expansion: statistic [2.0.2]
[22:44:35] [Server thread/INFO]: [PlaceholderAPI] [Config Expansion] Loading the configs ...
[22:44:35] [Server thread/ERROR]: [PlaceholderAPI] Failed to load expansion class ConfigExpansion - One of its properties is null which is not allowed!
java.lang.NullPointerException: Cannot invoke "org.bukkit.configuration.ConfigurationSection.getKeys(boolean)" because the return value of "me.gabytm.placeholderapi.config.ConfigExpansion.getConfigSection(String)" is null
	at me.gabytm.placeholderapi.config.ConfigExpansion.register(ConfigExpansion.java:56) ~[?:?]
	at PlaceholderAPI-2.12.2.jar//me.clip.placeholderapi.expansion.manager.LocalExpansionManager.register(LocalExpansionManager.java:195) ~[?:?]
	at java.base/java.util.stream.ReferencePipeline$3$1.accept(ReferencePipeline.java:197) ~[?:?]
	at java.base/java.util.stream.ReferencePipeline$2$1.accept(ReferencePipeline.java:179) ~[?:?]
	at java.base/java.util.ArrayList$ArrayListSpliterator.forEachRemaining(ArrayList.java:1708) ~[?:?]
	at java.base/java.util.stream.AbstractPipeline.copyInto(AbstractPipeline.java:509) ~[?:?]
	at java.base/java.util.stream.AbstractPipeline.wrapAndCopyInto(AbstractPipeline.java:499) ~[?:?]
	at java.base/java.util.stream.ReduceOps$ReduceOp.evaluateSequential(ReduceOps.java:921) ~[?:?]
	at java.base/java.util.stream.AbstractPipeline.evaluate(AbstractPipeline.java:234) ~[?:?]
	at java.base/java.util.stream.ReferencePipeline.collect(ReferencePipeline.java:682) ~[?:?]
	at PlaceholderAPI-2.12.2.jar//me.clip.placeholderapi.expansion.manager.LocalExpansionManager.lambda$registerAll$4(LocalExpansionManager.java:369) ~[?:?]
	at PlaceholderAPI-2.12.2.jar//me.clip.placeholderapi.util.Futures.lambda$onMainThread$0(Futures.java:48) ~[?:?]
	at PlaceholderAPI-2.12.2.jar//me.clip.placeholderapi.scheduler.folia.FoliaScheduler.lambda$runTask$0(FoliaScheduler.java:72) ~[?:?]
	at io.papermc.paper.threadedregions.scheduler.FoliaGlobalRegionScheduler$GlobalScheduledTask.run(FoliaGlobalRegionScheduler.java:178) ~[paper-1.21.11.jar:?]
	at io.papermc.paper.threadedregions.scheduler.FoliaGlobalRegionScheduler.tick(FoliaGlobalRegionScheduler.java:36) ~[paper-1.21.11.jar:?]
	at net.minecraft.server.MinecraftServer.tickChildren(MinecraftServer.java:1758) ~[paper-1.21.11.jar:1.21.11-131-6d5b910]
	at net.minecraft.server.MinecraftServer.tickServer(MinecraftServer.java:1611) ~[paper-1.21.11.jar:1.21.11-131-6d5b910]
	at net.minecraft.server.dedicated.DedicatedServer.tickServer(DedicatedServer.java:427) ~[paper-1.21.11.jar:1.21.11-131-6d5b910]
	at net.minecraft.server.MinecraftServer.processPacketsAndTick(MinecraftServer.java:1667) ~[paper-1.21.11.jar:1.21.11-131-6d5b910]
	at net.minecraft.server.MinecraftServer.runServer(MinecraftServer.java:1335) ~[paper-1.21.11.jar:1.21.11-131-6d5b910]
	at net.minecraft.server.MinecraftServer.lambda$spin$2(MinecraftServer.java:388) ~[paper-1.21.11.jar:1.21.11-131-6d5b910]
	at java.base/java.lang.Thread.run(Thread.java:1583) ~[?:?]
[22:44:35] [Server thread/INFO]: [PlaceholderAPI] Successfully registered external expansion: server [2.7.3]
[22:44:35] [Server thread/INFO]: [PlaceholderAPI] Successfully registered external expansion: player [2.0.9]
[22:44:35] [Server thread/INFO]: [PlaceholderAPI] Successfully registered external expansion: servertime [3.2]
[22:44:35] [Server thread/INFO]: [PlaceholderAPI] Successfully registered external expansion: luckperms [5.4-R2]
[22:44:35] [Server thread/INFO]: 5 placeholder hook(s) registered!
[22:44:40] [pool-26-thread-3/INFO]: [nAntiBot] [Captcha] Captchas generated successfully. (RAM usage ≃ 8 MB [static only], total = 500, protocol count = 51, threads = 4, took 15.83s)
[22:44:40] [Craft Scheduler Thread - 2 - HuskHomes/INFO]: [HuskHomes] Registered 'after_load' hooks
[22:44:42] [User Authenticator #0/INFO]: UUID of player AL5PT is 3678aaa4-193c-3005-aadb-5e617b75fe27
[22:44:42] [Server thread/INFO]: [HorriblePlayerLoginEventHack] You have plugins listening to the PlayerLoginEvent, this will cause re-configuration APIs to be unavailable: [LuckPerms, BreweryX, ProtocolLib, WorldGuard]
[22:44:43] [Netty Epoll IO #1/INFO]: [com.github.retrooper.packetevents.PacketEventsAPI] Loading block mappings for V_1_21_9/20...
[22:44:44] [Netty Epoll IO #1/INFO]: [com.github.retrooper.packetevents.PacketEventsAPI] Finished loading block mappings for V_1_21_9/20 in 575.923983ms
[22:44:44] [Netty Epoll IO #1/INFO]: [com.nickuc.login.lib.packetevents.api.PacketEventsAPI] Loading block mappings for V_1_21_9/20...
[22:44:44] [Netty Epoll IO #1/INFO]: [com.nickuc.login.lib.packetevents.api.PacketEventsAPI] Finished loading block mappings for V_1_21_9/20 in 289.696348ms
[22:44:44] [Netty Epoll IO #1/INFO]: [ac.grim.grimac.shaded.com.github.retrooper.packetevents.PacketEventsAPI] Loading block mappings for V_1_21_9/20...
[22:44:45] [Netty Epoll IO #1/INFO]: [ac.grim.grimac.shaded.com.github.retrooper.packetevents.PacketEventsAPI] Finished loading block mappings for V_1_21_9/20 in 329.396639ms
[22:44:46] [Server thread/INFO]: (+) El jugador AL5PT se unío.
[22:44:46] [Server thread/INFO]: AL5PT[/127.119.226.162:60327] logged in with entity id 48 at ([world]-24.28866086773939, 82.81640069146705, -29.876521070007932)
[22:44:52] [Server thread/INFO]: AL5PT issued server command: /login
[22:44:53] [Folia Async Scheduler Thread #2/INFO]: [nLogin] The user AL5PT has successfully logged in.
[22:44:54] [Server thread/INFO]: AL5PT issued server command: /gamemode creative
[22:44:54] [Server thread/INFO]: [AL5PT: Set own game mode to Creative Mode]
[22:45:24] [Netty Epoll IO #1/INFO]: [ac.grim.grimac.shaded.com.github.retrooper.packetevents.PacketEventsAPI] Loading block mappings for V_1_20_5/15...
[22:45:24] [Netty Epoll IO #1/INFO]: [ac.grim.grimac.shaded.com.github.retrooper.packetevents.PacketEventsAPI] Finished loading block mappings for V_1_20_5/15 in 142.152427ms
[22:45:48] [Server thread/INFO]: AL5PT issued server command: //set gold_block
[22:47:15] [Server thread/INFO]: AL5PT issued server command: //set gold_block
[22:47:25] [Server thread/INFO]: AL5PT issued server command: //set 0
[22:48:35] [Server thread/INFO]: AL5PT issued server command: //set gold_block
[22:49:06] [Server thread/INFO]: AL5PT issued server command: //set gold_block
[22:49:35] [Craft Scheduler Thread - 25 - nonchat/INFO]: 
• Usa /sethome para guardar tu casa •

[22:51:29] [Server thread/INFO]: AL5PT issued server command: //set gold_block
[22:51:46] [Server thread/INFO]: AL5PT issued server command: //set gold_block
[22:52:10] [Server thread/INFO]: AL5PT issued server command: //set 0
[22:53:14] [Server thread/INFO]: AL5PT issued server command: //set gold_block
[22:53:24] [Server thread/INFO]: AL5PT issued server command: //set gold_block
[22:53:40] [Server thread/INFO]: AL5PT issued server command: //set gold_block
[22:54:16] [Server thread/INFO]: AL5PT issued server command: //set 0
[22:54:21] [Server thread/INFO]: AL5PT issued server command: //set 0
[22:54:27] [Server thread/INFO]: AL5PT issued server command: //set gold_block
[22:54:32] [Server thread/INFO]: AL5PT issued server command: //set gold_block
[22:54:36] [Craft Scheduler Thread - 46 - nonchat/INFO]: 
• Usa /sethome para guardar tu casa •

[22:55:21] [Server thread/INFO]: AL5PT issued server command: //stack 1
[22:55:29] [Server thread/INFO]: AL5PT issued server command: //set gold_block
[22:55:32] [Server thread/INFO]: AL5PT issued server command: //set 0
[22:55:38] [Server thread/INFO]: AL5PT issued server command: //set 0
[22:55:43] [Server thread/INFO]: AL5PT issued server command: //set gold_block
[22:55:47] [Server thread/INFO]: AL5PT issued server command: //set 0
[22:55:51] [Server thread/INFO]: AL5PT issued server command: //set gold_block
[22:55:54] [Server thread/INFO]: AL5PT issued server command: //set 0
[22:56:02] [Server thread/INFO]: AL5PT issued server command: //set 0
[22:57:18] [Server thread/INFO]: AL5PT issued server command: //set gold_block
[22:57:30] [Server thread/INFO]: AL5PT issued server command: //set gold_block
[22:57:44] [Server thread/INFO]: AL5PT issued server command: /cy continue
[22:57:44] [ForkJoinPool.commonPool-worker-37/INFO]: [Chunky] Task running for world. Processed: 111836 chunks (7.15%), ETA: 1:01:15, Rate: 395.3 cps, Current: -156, 137
[22:57:47] [Server thread/INFO]: [Chunky] Task running for world. Processed: 111837 chunks (7.15%), ETA: 22:20:27, Rate: 18.1 cps, Current: -156, 139
[22:57:51] [Server thread/INFO]: [Chunky] Task running for world. Processed: 111841 chunks (7.15%), ETA: 49:58:26, Rate: 8.1 cps, Current: -157, 143
[22:57:52] [Server thread/INFO]: [Chunky] Task running for world. Processed: 111852 chunks (7.15%), ETA: 47:57:44, Rate: 8.4 cps, Current: -158, 137
[22:57:58] [Server thread/INFO]: [Chunky] Task running for world. Processed: 111862 chunks (7.15%), ETA: 73:27:32, Rate: 5.5 cps, Current: -158, 145
[22:58:00] [Server thread/INFO]: [Chunky] Task running for world. Processed: 111866 chunks (7.15%), ETA: 78:11:35, Rate: 5.2 cps, Current: -158, 146
[22:58:04] [Server thread/INFO]: [Chunky] Task running for world. Processed: 111881 chunks (7.15%), ETA: 84:21:11, Rate: 4.8 cps, Current: -157, 146
[22:58:06] [Server thread/INFO]: [Chunky] Task running for world. Processed: 111885 chunks (7.15%), ETA: 88:31:37, Rate: 4.6 cps, Current: -154, 145
[22:58:08] [Server thread/INFO]: [Chunky] Task running for world. Processed: 111902 chunks (7.15%), ETA: 82:17:13, Rate: 4.9 cps, Current: -156, 148
[22:58:09] [Server thread/INFO]: [Chunky] Task running for world. Processed: 111905 chunks (7.15%), ETA: 84:37:09, Rate: 4.8 cps, Current: -155, 149
[22:58:10] [Server thread/INFO]: [Chunky] Task running for world. Processed: 111914 chunks (7.15%), ETA: 81:55:09, Rate: 4.9 cps, Current: -157, 149
[22:58:12] [Server thread/INFO]: [Chunky] Task running for world. Processed: 111922 chunks (7.15%), ETA: 82:47:41, Rate: 4.9 cps, Current: -158, 150
[22:58:13] [Server thread/INFO]: AL5PT issued server command: //copy
[22:58:13] [Server thread/INFO]: [Chunky] Task running for world. Processed: 111925 chunks (7.15%), ETA: 83:56:17, Rate: 4.8 cps, Current: -160, 149
[22:58:14] [Server thread/INFO]: [Chunky] Task running for world. Processed: 111928 chunks (7.15%), ETA: 119:50:04, Rate: 3.4 cps, Current: -153, 150
[22:58:16] [Server thread/INFO]: [Chunky] Task running for world. Processed: 111939 chunks (7.15%), ETA: 111:25:29, Rate: 3.6 cps, Current: -160, 150
[22:58:17] [Server thread/INFO]: [Chunky] Task running for world. Processed: 111948 chunks (7.15%), ETA: 106:15:29, Rate: 3.8 cps, Current: -160, 151
[22:58:18] [Server thread/INFO]: [Chunky] Task running for world. Processed: 111958 chunks (7.15%), ETA: 90:30:51, Rate: 4.5 cps, Current: -160, 153
[22:58:18] [Server thread/INFO]: AL5PT issued server command: //set 0
[22:58:19] [Server thread/INFO]: [Chunky] Task running for world. Processed: 111966 chunks (7.15%), ETA: 88:30:06, Rate: 4.6 cps, Current: -156, 157
[22:58:20] [Server thread/INFO]: [Chunky] Task running for world. Processed: 111976 chunks (7.16%), ETA: 85:06:46, Rate: 4.7 cps, Current: -160, 157
[22:58:21] [Server thread/INFO]: [Chunky] Task running for world. Processed: 111992 chunks (7.16%), ETA: 79:22:35, Rate: 5.1 cps, Current: -153, 153
[22:58:22] [Server thread/INFO]: AL5PT issued server command: //set gold_block
[22:58:22] [Server thread/INFO]: [Chunky] Task running for world. Processed: 111999 chunks (7.16%), ETA: 70:38:47, Rate: 5.7 cps, Current: -151, 153
[22:58:24] [Server thread/INFO]: [Chunky] Task running for world. Processed: 112012 chunks (7.16%), ETA: 68:10:01, Rate: 5.9 cps, Current: -151, 155
[22:58:25] [Server thread/INFO]: [Chunky] Task running for world. Processed: 112018 chunks (7.16%), ETA: 68:38:38, Rate: 5.9 cps, Current: -150, 152
[22:58:26] [Server thread/INFO]: [Chunky] Task running for world. Processed: 112024 chunks (7.16%), ETA: 68:49:05, Rate: 5.9 cps, Current: -150, 158
[22:58:26] [Server thread/INFO]: AL5PT issued server command: //undo
[22:58:27] [Server thread/INFO]: [Chunky] Task running for world. Processed: 112034 chunks (7.16%), ETA: 67:31:13, Rate: 6.0 cps, Current: -149, 158
[22:58:28] [Server thread/INFO]: [Chunky] Task running for world. Processed: 112043 chunks (7.16%), ETA: 64:40:07, Rate: 6.2 cps, Current: -147, 154
[22:58:30] [Server thread/INFO]: [Chunky] Task running for world. Processed: 112048 chunks (7.16%), ETA: 61:44:35, Rate: 6.5 cps, Current: -149, 159
[22:58:30] [Server thread/INFO]: AL5PT issued server command: //undo
[22:58:31] [Server thread/INFO]: [Chunky] Task running for world. Processed: 112051 chunks (7.16%), ETA: 63:03:11, Rate: 6.4 cps, Current: -147, 151
[22:58:32] [Server thread/INFO]: [Chunky] Task running for world. Processed: 112060 chunks (7.16%), ETA: 62:11:46, Rate: 6.5 cps, Current: -146, 159
[22:58:33] [Server thread/INFO]: [Chunky] Task running for world. Processed: 112090 chunks (7.16%), ETA: 55:26:56, Rate: 7.3 cps, Current: -151, 144
[22:58:34] [Server thread/INFO]: [Chunky] Task running for world. Processed: 112100 chunks (7.16%), ETA: 52:52:10, Rate: 7.6 cps, Current: -149, 144
[22:58:37] [Server thread/INFO]: [Chunky] Task running for world. Processed: 112129 chunks (7.16%), ETA: 50:23:37, Rate: 8.0 cps, Current: -144, 144
[22:58:38] [Server thread/INFO]: [Chunky] Task running for world. Processed: 112131 chunks (7.16%), ETA: 51:52:05, Rate: 7.8 cps, Current: -144, 146
[22:58:39] [Server thread/INFO]: [Chunky] Task running for world. Processed: 112133 chunks (7.17%), ETA: 52:05:53, Rate: 7.7 cps, Current: -143, 146
[22:58:40] [Server thread/INFO]: [Chunky] Task running for world. Processed: 112147 chunks (7.17%), ETA: 50:59:34, Rate: 7.9 cps, Current: -141, 149
[22:58:41] [Server thread/INFO]: [Chunky] Task running for world. Processed: 112158 chunks (7.17%), ETA: 48:53:22, Rate: 8.3 cps, Current: -144, 150
[22:58:42] [Server thread/INFO]: [Chunky] Task running for world. Processed: 112174 chunks (7.17%), ETA: 47:44:07, Rate: 8.5 cps, Current: -144, 151
[22:58:44] [Server thread/INFO]: [Chunky] Task running for world. Processed: 112178 chunks (7.17%), ETA: 47:13:17, Rate: 8.5 cps, Current: -143, 151
[22:58:45] [Server thread/INFO]: [Chunky] Task running for world. Processed: 112188 chunks (7.17%), ETA: 47:24:19, Rate: 8.5 cps, Current: -137, 144
[22:58:46] [Server thread/INFO]: [Chunky] Task running for world. Processed: 112208 chunks (7.17%), ETA: 45:27:22, Rate: 8.9 cps, Current: -142, 153
[22:58:47] [Server thread/INFO]: [Chunky] Task running for world. Processed: 112214 chunks (7.17%), ETA: 46:25:43, Rate: 8.7 cps, Current: -142, 157
[22:58:48] [Server thread/INFO]: [Chunky] Task running for world. Processed: 112228 chunks (7.17%), ETA: 45:25:11, Rate: 8.9 cps, Current: -140, 157
[22:58:50] [Server thread/INFO]: [Chunky] Task running for world. Processed: 112239 chunks (7.17%), ETA: 45:35:51, Rate: 8.9 cps, Current: -140, 158
[22:58:51] [Server thread/INFO]: [Chunky] Task running for world. Processed: 112245 chunks (7.17%), ETA: 47:04:00, Rate: 8.6 cps, Current: -135, 153
[22:58:52] [Server thread/INFO]: [Chunky] Task running for world. Processed: 112253 chunks (7.17%), ETA: 47:18:33, Rate: 8.5 cps, Current: -140, 159
[22:58:53] [Server thread/INFO]: [Chunky] Task running for world. Processed: 112262 chunks (7.17%), ETA: 47:37:20, Rate: 8.5 cps, Current: -135, 154
[22:58:54] [Server thread/INFO]: [Chunky] Task running for world. Processed: 112305 chunks (7.18%), ETA: 41:23:17, Rate: 9.7 cps, Current: -129, 159
[22:58:55] [Server thread/INFO]: AL5PT issued server command: //copy
[22:58:56] [Server thread/INFO]: [Chunky] Task running for world. Processed: 112321 chunks (7.18%), ETA: 40:34:19, Rate: 9.9 cps, Current: -129, 151
[22:58:57] [Server thread/INFO]: [Chunky] Task running for world. Processed: 112348 chunks (7.18%), ETA: 37:55:35, Rate: 10.6 cps, Current: -134, 148
[22:58:59] [Server thread/INFO]: [Chunky] Task running for world. Processed: 112371 chunks (7.18%), ETA: 36:06:54, Rate: 11.2 cps, Current: -135, 145
[22:58:59] [Server thread/INFO]: AL5PT issued server command: //set 0
[22:59:00] [Server thread/INFO]: [Chunky] Task running for world. Processed: 112389 chunks (7.18%), ETA: 35:24:45, Rate: 11.4 cps, Current: -129, 139
[22:59:01] [Server thread/INFO]: [Chunky] Task running for world. Processed: 112398 chunks (7.18%), ETA: 34:35:25, Rate: 11.7 cps, Current: -131, 142
[22:59:02] [Server thread/INFO]: [Chunky] Task running for world. Processed: 112414 chunks (7.18%), ETA: 35:56:27, Rate: 11.2 cps, Current: -131, 138
[22:59:04] [Server thread/INFO]: [Chunky] Task running for world. Processed: 112426 chunks (7.18%), ETA: 36:32:17, Rate: 11.0 cps, Current: -135, 143
[22:59:05] [Server thread/INFO]: [Chunky] Task running for world. Processed: 112431 chunks (7.18%), ETA: 36:45:28, Rate: 11.0 cps, Current: -135, 142
[22:59:06] [Server thread/INFO]: AL5PT issued server command: //undo
[22:59:07] [Server thread/INFO]: [Chunky] Task running for world. Processed: 112456 chunks (7.19%), ETA: 36:08:29, Rate: 11.2 cps, Current: -136, 141
[22:59:08] [Server thread/INFO]: [Chunky] Task running for world. Processed: 112482 chunks (7.19%), ETA: 33:18:39, Rate: 12.1 cps, Current: -144, 139
[22:59:09] [Server thread/INFO]: [Chunky] Task running for world. Processed: 112499 chunks (7.19%), ETA: 33:09:49, Rate: 12.2 cps, Current: -137, 137
[22:59:10] [Server thread/INFO]: [Chunky] Task running for world. Processed: 112513 chunks (7.19%), ETA: 32:58:52, Rate: 12.2 cps, Current: -137, 135
[22:59:11] [Server thread/INFO]: [Chunky] Task running for world. Processed: 112535 chunks (7.19%), ETA: 32:12:52, Rate: 12.5 cps, Current: -143, 131
[22:59:13] [Server thread/INFO]: [Chunky] Task running for world. Processed: 112566 chunks (7.19%), ETA: 29:52:12, Rate: 13.5 cps, Current: -138, 128
[22:59:13] [Paper Common Worker #0/ERROR]: Failed to parse jigsaw replacement state 'minecrat:dripstone_block' at BlockPos{x=-2082, y=-115, z=2123}: Unknown block type 'minecrat:dripstone_block' at position 0: <--[HERE]
[22:59:13] [Paper Common Worker #0/ERROR]: Failed to parse jigsaw replacement state 'minecrat:dripstone_block' at BlockPos{x=-2082, y=-115, z=2123}: Unknown block type 'minecrat:dripstone_block' at position 0: <--[HERE]
[22:59:14] [Paper Common Worker #0/ERROR]: Failed to parse jigsaw replacement state 'minecrat:dripstone_block' at BlockPos{x=-2082, y=-115, z=2123}: Unknown block type 'minecrat:dripstone_block' at position 0: <--[HERE]
[22:59:14] [Paper Common Worker #0/ERROR]: Failed to parse jigsaw replacement state 'minecrat:dripstone_block' at BlockPos{x=-2082, y=-115, z=2123}: Unknown block type 'minecrat:dripstone_block' at position 0: <--[HERE]
[22:59:14] [Paper Common Worker #0/ERROR]: Failed to parse jigsaw replacement state 'minecrat:dripstone_block' at BlockPos{x=-2078, y=-115, z=2122}: Unknown block type 'minecrat:dripstone_block' at position 0: <--[HERE]
[22:59:14] [Paper Common Worker #0/ERROR]: Failed to parse jigsaw replacement state 'minecrat:dripstone_block' at BlockPos{x=-2078, y=-115, z=2122}: Unknown block type 'minecrat:dripstone_block' at position 0: <--[HERE]
[22:59:14] [Paper Common Worker #0/ERROR]: Failed to parse jigsaw replacement state 'minecrat:dripstone_block' at BlockPos{x=-2078, y=-115, z=2122}: Unknown block type 'minecrat:dripstone_block' at position 0: <--[HERE]
[22:59:14] [Paper Common Worker #0/ERROR]: Failed to parse jigsaw replacement state 'minecrat:dripstone_block' at BlockPos{x=-2078, y=-115, z=2122}: Unknown block type 'minecrat:dripstone_block' at position 0: <--[HERE]
[22:59:14] [Paper Common Worker #0/ERROR]: Failed to parse jigsaw replacement state 'minecrat:dripstone_block' at BlockPos{x=-2082, y=-115, z=2123}: Unknown block type 'minecrat:dripstone_block' at position 0: <--[HERE]
[22:59:14] [Paper Common Worker #0/ERROR]: Failed to parse jigsaw replacement state 'minecrat:dripstone_block' at BlockPos{x=-2082, y=-115, z=2123}: Unknown block type 'minecrat:dripstone_block' at position 0: <--[HERE]
[22:59:14] [Paper Common Worker #0/ERROR]: Failed to parse jigsaw replacement state 'minecrat:dripstone_block' at BlockPos{x=-2078, y=-115, z=2122}: Unknown block type 'minecrat:dripstone_block' at position 0: <--[HERE]
[22:59:14] [Paper Common Worker #0/ERROR]: Failed to parse jigsaw replacement state 'minecrat:dripstone_block' at BlockPos{x=-2078, y=-115, z=2122}: Unknown block type 'minecrat:dripstone_block' at position 0: <--[HERE]
[22:59:14] [Paper Common Worker #0/ERROR]: Failed to parse jigsaw replacement state 'minecrat:dripstone_block' at BlockPos{x=-2078, y=-115, z=2122}: Unknown block type 'minecrat:dripstone_block' at position 0: <--[HERE]
[22:59:14] [Paper Common Worker #0/ERROR]: Failed to parse jigsaw replacement state 'minecrat:dripstone_block' at BlockPos{x=-2078, y=-115, z=2122}: Unknown block type 'minecrat:dripstone_block' at position 0: <--[HERE]
[22:59:14] [Paper Common Worker #0/ERROR]: Block-attached entity at invalid position: BlockPos{x=78, y=-53, z=-180}
[22:59:14] [Paper Common Worker #0/ERROR]: Block-attached entity at invalid position: BlockPos{x=78, y=-52, z=-181}
[22:59:14] [Paper Common Worker #0/ERROR]: Failed to parse jigsaw replacement state 'minecrat:dripstone_block' at BlockPos{x=-2082, y=-115, z=2123}: Unknown block type 'minecrat:dripstone_block' at position 0: <--[HERE]
[22:59:14] [Paper Common Worker #0/ERROR]: Failed to parse jigsaw replacement state 'minecrat:dripstone_block' at BlockPos{x=-2082, y=-115, z=2123}: Unknown block type 'minecrat:dripstone_block' at position 0: <--[HERE]
[22:59:14] [Paper Common Worker #0/ERROR]: Failed to parse jigsaw replacement state 'minecrat:dripstone_block' at BlockPos{x=-2082, y=-115, z=2103}: Unknown block type 'minecrat:dripstone_block' at position 0: <--[HERE]
[22:59:14] [Paper Common Worker #0/ERROR]: Failed to parse jigsaw replacement state 'minecrat:dripstone_block' at BlockPos{x=-2082, y=-115, z=2103}: Unknown block type 'minecrat:dripstone_block' at position 0: <--[HERE]
[22:59:14] [Paper Common Worker #0/ERROR]: Failed to parse jigsaw replacement state 'minecrat:dripstone_block' at BlockPos{x=-2082, y=-115, z=2103}: Unknown block type 'minecrat:dripstone_block' at position 0: <--[HERE]
[22:59:14] [Paper Common Worker #0/ERROR]: Failed to parse jigsaw replacement state 'minecrat:dripstone_block' at BlockPos{x=-2078, y=-115, z=2122}: Unknown block type 'minecrat:dripstone_block' at position 0: <--[HERE]
[22:59:14] [Paper Common Worker #0/ERROR]: Failed to parse jigsaw replacement state 'minecrat:dripstone_block' at BlockPos{x=-2078, y=-115, z=2122}: Unknown block type 'minecrat:dripstone_block' at position 0: <--[HERE]
[22:59:14] [Paper Common Worker #0/ERROR]: Failed to parse jigsaw replacement state 'minecrat:dripstone_block' at BlockPos{x=-2078, y=-115, z=2122}: Unknown block type 'minecrat:dripstone_block' at position 0: <--[HERE]
[22:59:14] [Paper Common Worker #0/ERROR]: Failed to parse jigsaw replacement state 'minecrat:dripstone_block' at BlockPos{x=-2078, y=-115, z=2122}: Unknown block type 'minecrat:dripstone_block' at position 0: <--[HERE]
[22:59:14] [Paper Common Worker #0/ERROR]: Failed to parse jigsaw replacement state 'minecrat:dripstone_block' at BlockPos{x=-2082, y=-115, z=2103}: Unknown block type 'minecrat:dripstone_block' at position 0: <--[HERE]
[22:59:14] [Paper Common Worker #0/ERROR]: Failed to parse jigsaw replacement state 'minecrat:dripstone_block' at BlockPos{x=-2082, y=-115, z=2103}: Unknown block type 'minecrat:dripstone_block' at position 0: <--[HERE]
[22:59:14] [Paper Common Worker #0/ERROR]: Failed to parse jigsaw replacement state 'minecrat:dripstone_block' at BlockPos{x=-2082, y=-115, z=2103}: Unknown block type 'minecrat:dripstone_block' at position 0: <--[HERE]
[22:59:14] [Paper Common Worker #0/ERROR]: Failed to parse jigsaw replacement state 'minecrat:dripstone_block' at BlockPos{x=-2078, y=-115, z=2122}: Unknown block type 'minecrat:dripstone_block' at position 0: <--[HERE]
[22:59:14] [Paper Common Worker #0/ERROR]: Failed to parse jigsaw replacement state 'minecrat:dripstone_block' at BlockPos{x=-2078, y=-115, z=2122}: Unknown block type 'minecrat:dripstone_block' at position 0: <--[HERE]
[22:59:14] [Paper Common Worker #0/ERROR]: Failed to parse jigsaw replacement state 'minecrat:dripstone_block' at BlockPos{x=-2078, y=-115, z=2122}: Unknown block type 'minecrat:dripstone_block' at position 0: <--[HERE]
[22:59:14] [Paper Common Worker #0/ERROR]: Failed to parse jigsaw replacement state 'minecrat:dripstone_block' at BlockPos{x=-2078, y=-115, z=2122}: Unknown block type 'minecrat:dripstone_block' at position 0: <--[HERE]
[22:59:14] [Paper Common Worker #0/ERROR]: Failed to parse jigsaw replacement state 'minecrat:dripstone_block' at BlockPos{x=-2047, y=-115, z=2087}: Unknown block type 'minecrat:dripstone_block' at position 0: <--[HERE]
[22:59:14] [Paper Common Worker #0/ERROR]: Failed to parse jigsaw replacement state 'minecrat:dripstone_block' at BlockPos{x=-2047, y=-115, z=2087}: Unknown block type 'minecrat:dripstone_block' at position 0: <--[HERE]
[22:59:14] [Paper Common Worker #0/ERROR]: Failed to parse jigsaw replacement state 'minecrat:dripstone_block' at BlockPos{x=-2047, y=-115, z=2087}: Unknown block type 'minecrat:dripstone_block' at position 0: <--[HERE]
[22:59:14] [Paper Common Worker #0/ERROR]: Failed to parse jigsaw replacement state 'minecrat:dripstone_block' at BlockPos{x=-2047, y=-115, z=2087}: Unknown block type 'minecrat:dripstone_block' at position 0: <--[HERE]
[22:59:14] [Paper Common Worker #0/ERROR]: Failed to parse jigsaw replacement state 'minecrat:dripstone_block' at BlockPos{x=-2082, y=-115, z=2103}: Unknown block type 'minecrat:dripstone_block' at position 0: <--[HERE]
[22:59:14] [Paper Common Worker #0/ERROR]: Failed to parse jigsaw replacement state 'minecrat:dripstone_block' at BlockPos{x=-2082, y=-115, z=2103}: Unknown block type 'minecrat:dripstone_block' at position 0: <--[HERE]
[22:59:14] [Paper Common Worker #0/ERROR]: Failed to parse jigsaw replacement state 'minecrat:dripstone_block' at BlockPos{x=-2082, y=-115, z=2103}: Unknown block type 'minecrat:dripstone_block' at position 0: <--[HERE]
[22:59:14] [Server thread/INFO]: [Chunky] Task running for world. Processed: 112582 chunks (7.19%), ETA: 29:33:43, Rate: 13.6 cps, Current: -136, 130
[22:59:14] [Paper Common Worker #0/ERROR]: Failed to parse jigsaw replacement state 'minecrat:dripstone_block' at BlockPos{x=-2082, y=-115, z=2103}: Unknown block type 'minecrat:dripstone_block' at position 0: <--[HERE]
[22:59:14] [Paper Common Worker #0/ERROR]: Failed to parse jigsaw replacement state 'minecrat:dripstone_block' at BlockPos{x=-2082, y=-115, z=2103}: Unknown block type 'minecrat:dripstone_block' at position 0: <--[HERE]
[22:59:14] [Paper Common Worker #0/ERROR]: Failed to parse jigsaw replacement state 'minecrat:dripstone_block' at BlockPos{x=-2082, y=-115, z=2103}: Unknown block type 'minecrat:dripstone_block' at position 0: <--[HERE]
[22:59:20] [Server thread/INFO]: [Chunky] Task running for world. Processed: 112641 chunks (7.20%), ETA: 29:48:59, Rate: 13.5 cps, Current: -157, 160
[22:59:21] [Server thread/INFO]: [Chunky] Task running for world. Processed: 112654 chunks (7.20%), ETA: 29:18:46, Rate: 13.8 cps, Current: -155, 164
[22:59:23] [Server thread/INFO]: [Chunky] Task running for world. Processed: 112671 chunks (7.20%), ETA: 28:52:34, Rate: 14.0 cps, Current: -154, 162
[22:59:25] [Server thread/INFO]: [Chunky] Task running for world. Processed: 112685 chunks (7.20%), ETA: 31:55:55, Rate: 12.6 cps, Current: -160, 162
[22:59:26] [Server thread/INFO]: [Chunky] Task running for world. Processed: 112710 chunks (7.20%), ETA: 30:55:42, Rate: 13.0 cps, Current: -149, 160
[22:59:27] [Server thread/INFO]: [Chunky] Task running for world. Processed: 112718 chunks (7.20%), ETA: 32:28:03, Rate: 12.4 cps, Current: -148, 161
[22:59:28] [Server thread/INFO]: [Chunky] Task running for world. Processed: 112724 chunks (7.20%), ETA: 33:08:07, Rate: 12.2 cps, Current: -146, 161
[22:59:29] [Server thread/INFO]: [Chunky] Task running for world. Processed: 112739 chunks (7.20%), ETA: 33:25:10, Rate: 12.1 cps, Current: -152, 166
[22:59:30] [Server thread/INFO]: [Chunky] Task running for world. Processed: 112749 chunks (7.20%), ETA: 33:22:00, Rate: 12.1 cps, Current: -146, 163
[22:59:31] [Server thread/INFO]: [Chunky] Task running for world. Processed: 112752 chunks (7.20%), ETA: 34:49:41, Rate: 11.6 cps, Current: -145, 163
[22:59:34] [Server thread/INFO]: [Chunky] Task running for world. Processed: 112764 chunks (7.21%), ETA: 35:03:18, Rate: 11.5 cps, Current: -152, 169
[22:59:35] [Server thread/INFO]: [Chunky] Task running for world. Processed: 112773 chunks (7.21%), ETA: 36:24:31, Rate: 11.1 cps, Current: -150, 169
[22:59:36] [Craft Scheduler Thread - 64 - nonchat/INFO]: 
• Usa /sethome para guardar tu casa •

[22:59:36] [Server thread/INFO]: [Chunky] Task running for world. Processed: 112783 chunks (7.21%), ETA: 36:20:45, Rate: 11.1 cps, Current: -152, 170
[22:59:37] [Server thread/INFO]: AL5PT issued server command: //copy
[22:59:38] [Server thread/INFO]: [Chunky] Task running for world. Processed: 112798 chunks (7.21%), ETA: 39:03:31, Rate: 10.3 cps, Current: -148, 172
[22:59:39] [Server thread/INFO]: [Chunky] Task running for world. Processed: 112806 chunks (7.21%), ETA: 39:43:01, Rate: 10.2 cps, Current: -146, 172
[22:59:40] [Server thread/INFO]: [Chunky] Task running for world. Processed: 112815 chunks (7.21%), ETA: 41:44:43, Rate: 9.7 cps, Current: -152, 173
[22:59:41] [Server thread/INFO]: [Chunky] Task running for world. Processed: 112827 chunks (7.21%), ETA: 44:11:25, Rate: 9.1 cps, Current: -151, 174
[22:59:42] [Server thread/INFO]: [Chunky] Task running for world. Processed: 112842 chunks (7.21%), ETA: 43:29:15, Rate: 9.3 cps, Current: -154, 174
[22:59:44] [Server thread/INFO]: AL5PT issued server command: //set 0
[22:59:44] [Server thread/INFO]: [Chunky] Task running for world. Processed: 112861 chunks (7.21%), ETA: 43:36:35, Rate: 9.2 cps, Current: -157, 169
[22:59:45] [Server thread/INFO]: [Chunky] Task running for world. Processed: 112871 chunks (7.21%), ETA: 43:30:54, Rate: 9.3 cps, Current: -158, 170
[22:59:46] [Server thread/INFO]: AL5PT issued server command: //paste
[22:59:46] [Server thread/INFO]: [Chunky] Task running for world. Processed: 112881 chunks (7.21%), ETA: 44:10:46, Rate: 9.1 cps, Current: -159, 170
[22:59:48] [Server thread/INFO]: [Chunky] Task running for world. Processed: 112888 chunks (7.21%), ETA: 45:40:04, Rate: 8.8 cps, Current: -159, 172
[22:59:49] [Server thread/INFO]: [Chunky] Task running for world. Processed: 112896 chunks (7.21%), ETA: 45:53:13, Rate: 8.8 cps, Current: -159, 173
[22:59:50] [Server thread/INFO]: [Chunky] Task running for world. Processed: 112908 chunks (7.21%), ETA: 45:22:49, Rate: 8.9 cps, Current: -160, 172
[22:59:51] [Server thread/INFO]: [Chunky] Task running for world. Processed: 112913 chunks (7.21%), ETA: 46:12:50, Rate: 8.7 cps, Current: -153, 177
[22:59:52] [Server thread/INFO]: AL5PT issued server command: //undo
[22:59:52] [Server thread/INFO]: [Chunky] Task running for world. Processed: 112915 chunks (7.22%), ETA: 48:41:45, Rate: 8.3 cps, Current: -155, 179
[22:59:53] [Server thread/INFO]: [Chunky] Task running for world. Processed: 112927 chunks (7.22%), ETA: 46:56:42, Rate: 8.6 cps, Current: -153, 178
[22:59:54] [Server thread/INFO]: [Chunky] Task running for world. Processed: 112930 chunks (7.22%), ETA: 48:03:05, Rate: 8.4 cps, Current: -155, 181
[22:59:55] [Server thread/INFO]: [Chunky] Task running for world. Processed: 112937 chunks (7.22%), ETA: 51:57:41, Rate: 7.8 cps, Current: -159, 180
[22:59:56] [Server thread/INFO]: AL5PT issued server command: //paste
[22:59:57] [Server thread/INFO]: [Chunky] Task running for world. Processed: 112946 chunks (7.22%), ETA: 52:32:21, Rate: 7.7 cps, Current: -153, 180
[22:59:58] [Server thread/INFO]: [Chunky] Task running for world. Processed: 112948 chunks (7.22%), ETA: 55:36:50, Rate: 7.3 cps, Current: -153, 181
[23:00:00] [Server thread/INFO]: [Chunky] Task running for world. Processed: 112960 chunks (7.22%), ETA: 56:11:39, Rate: 7.2 cps, Current: -158, 184
[23:00:01] [Server thread/INFO]: [Chunky] Task running for world. Processed: 112965 chunks (7.22%), ETA: 56:20:16, Rate: 7.2 cps, Current: -159, 186
[23:00:02] [Server thread/INFO]: [Chunky] Task running for world. Processed: 112979 chunks (7.22%), ETA: 53:22:51, Rate: 7.6 cps, Current: -157, 188
[23:00:04] [Server thread/INFO]: [Chunky] Task running for world. Processed: 112990 chunks (7.22%), ETA: 53:07:42, Rate: 7.6 cps, Current: -156, 189
[23:00:05] [Server thread/INFO]: [Chunky] Task running for world. Processed: 112999 chunks (7.22%), ETA: 53:09:55, Rate: 7.6 cps, Current: -160, 189
[23:00:06] [Server thread/INFO]: [Chunky] Task running for world. Processed: 113016 chunks (7.22%), ETA: 51:14:17, Rate: 7.9 cps, Current: -153, 185
[23:00:07] [Server thread/INFO]: [Chunky] Task running for world. Processed: 113021 chunks (7.22%), ETA: 52:34:42, Rate: 7.7 cps, Current: -153, 188
[23:00:09] [Server thread/INFO]: [Chunky] Task running for world. Processed: 113036 chunks (7.22%), ETA: 51:25:22, Rate: 7.8 cps, Current: -151, 187
[23:00:10] [Server thread/INFO]: [Chunky] Task running for world. Processed: 113042 chunks (7.22%), ETA: 52:11:54, Rate: 7.7 cps, Current: -150, 184
[23:00:11] [Server thread/INFO]: [Chunky] Task running for world. Processed: 113048 chunks (7.22%), ETA: 53:39:15, Rate: 7.5 cps, Current: -149, 188
[23:00:12] [Server thread/INFO]: [Chunky] Task running for world. Processed: 113057 chunks (7.22%), ETA: 54:52:31, Rate: 7.3 cps, Current: -149, 190
[23:00:13] [Server thread/INFO]: [Chunky] Task running for world. Processed: 113067 chunks (7.22%), ETA: 56:28:53, Rate: 7.1 cps, Current: -146, 190
[23:00:14] [Server thread/INFO]: [Chunky] Task running for world. Processed: 113074 chunks (7.23%), ETA: 58:02:08, Rate: 6.9 cps, Current: -146, 187
[23:00:15] [Server thread/INFO]: [Chunky] Task running for world. Processed: 113081 chunks (7.23%), ETA: 58:14:14, Rate: 6.9 cps, Current: -148, 191
[23:00:17] [Server thread/INFO]: [Chunky] Task running for world. Processed: 113114 chunks (7.23%), ETA: 50:37:14, Rate: 8.0 cps, Current: -151, 176
[23:00:18] [Server thread/INFO]: [Chunky] Task running for world. Processed: 113124 chunks (7.23%), ETA: 50:11:22, Rate: 8.0 cps, Current: -145, 184
[23:00:19] [Server thread/INFO]: [Chunky] Task running for world. Processed: 113153 chunks (7.23%), ETA: 46:16:02, Rate: 8.7 cps, Current: -144, 176
[23:00:20] [Server thread/INFO]: [Chunky] Task running for world. Processed: 113155 chunks (7.23%), ETA: 48:06:39, Rate: 8.4 cps, Current: -144, 178
[23:00:22] [Server thread/INFO]: [Chunky] Task running for world. Processed: 113157 chunks (7.23%), ETA: 48:49:58, Rate: 8.3 cps, Current: -143, 178
[23:00:23] [Server thread/INFO]: [Chunky] Task running for world. Processed: 113177 chunks (7.23%), ETA: 47:30:26, Rate: 8.5 cps, Current: -142, 181
[23:00:24] [Server thread/INFO]: [Chunky] Task running for world. Processed: 113184 chunks (7.23%), ETA: 46:51:29, Rate: 8.6 cps, Current: -141, 177
[23:00:25] [Server thread/INFO]: [Chunky] Task running for world. Processed: 113199 chunks (7.23%), ETA: 45:20:14, Rate: 8.9 cps, Current: -141, 176
[23:00:26] [Server thread/INFO]: [Chunky] Task running for world. Processed: 113202 chunks (7.23%), ETA: 45:39:57, Rate: 8.8 cps, Current: -143, 183
[23:00:27] [Server thread/INFO]: [Chunky] Task running for world. Processed: 113212 chunks (7.23%), ETA: 44:03:37, Rate: 9.2 cps, Current: -137, 179
[23:00:28] [Server thread/INFO]: [Chunky] Task running for world. Processed: 113233 chunks (7.24%), ETA: 41:56:50, Rate: 9.6 cps, Current: -141, 184
[23:00:30] [Server thread/INFO]: [Chunky] Task running for world. Processed: 113241 chunks (7.24%), ETA: 42:41:10, Rate: 9.4 cps, Current: -141, 187
[23:00:31] [Server thread/INFO]: [Chunky] Task running for world. Processed: 113261 chunks (7.24%), ETA: 40:13:07, Rate: 10.0 cps, Current: -141, 190
[23:00:32] [Server thread/INFO]: [Chunky] Task running for world. Processed: 113265 chunks (7.24%), ETA: 41:28:21, Rate: 9.7 cps, Current: -141, 191
[23:00:33] [Server thread/INFO]: [Chunky] Task running for world. Processed: 113276 chunks (7.24%), ETA: 41:14:30, Rate: 9.8 cps, Current: -135, 184
[23:00:34] [Server thread/INFO]: [Chunky] Task running for world. Processed: 113285 chunks (7.24%), ETA: 41:12:43, Rate: 9.8 cps, Current: -139, 191
[23:00:35] [Server thread/INFO]: [Chunky] Task running for world. Processed: 113295 chunks (7.24%), ETA: 41:47:38, Rate: 9.6 cps, Current: -134, 184
[23:00:36] [Server thread/INFO]: [Chunky] Task running for world. Processed: 113300 chunks (7.24%), ETA: 41:38:54, Rate: 9.7 cps, Current: -133, 188
[23:00:37] [Server thread/INFO]: [Chunky] Task running for world. Processed: 113310 chunks (7.24%), ETA: 41:38:49, Rate: 9.7 cps, Current: -132, 188
[23:00:41] [Server thread/INFO]: [Chunky] Task running for world. Processed: 113316 chunks (7.24%), ETA: 44:55:09, Rate: 9.0 cps, Current: -135, 191
[23:00:42] [Server thread/INFO]: [Chunky] Task running for world. Processed: 113324 chunks (7.24%), ETA: 45:21:19, Rate: 8.9 cps, Current: -130, 190
[23:00:43] [Server thread/INFO]: [Chunky] Task running for world. Processed: 113337 chunks (7.24%), ETA: 44:03:30, Rate: 9.2 cps, Current: -132, 191
[23:00:44] [Server thread/INFO]: [Chunky] Task running for world. Processed: 113352 chunks (7.24%), ETA: 43:02:32, Rate: 9.4 cps, Current: -129, 189
[23:00:46] [Server thread/INFO]: [Chunky] Task running for world. Processed: 113370 chunks (7.24%), ETA: 45:46:48, Rate: 8.8 cps, Current: -129, 184
[23:00:47] [Server thread/INFO]: [Chunky] Task running for world. Processed: 113381 chunks (7.24%), ETA: 45:47:23, Rate: 8.8 cps, Current: -131, 180
[23:00:48] [Server thread/INFO]: [Chunky] Task running for world. Processed: 113395 chunks (7.25%), ETA: 48:51:47, Rate: 8.3 cps, Current: -134, 176
[23:00:50] [Server thread/INFO]: [Chunky] Task running for world. Processed: 113402 chunks (7.25%), ETA: 47:34:36, Rate: 8.5 cps, Current: -129, 179
[23:00:51] [Server thread/INFO]: [Chunky] Task running for world. Processed: 113405 chunks (7.25%), ETA: 47:11:40, Rate: 8.5 cps, Current: -130, 177
[23:00:52] [Server thread/INFO]: [Chunky] Task running for world. Processed: 113412 chunks (7.25%), ETA: 50:22:36, Rate: 8.0 cps, Current: -131, 172
[23:00:54] [Server thread/INFO]: [Chunky] Task running for world. Processed: 113426 chunks (7.25%), ETA: 49:19:12, Rate: 8.2 cps, Current: -129, 176
[23:00:56] [Server thread/INFO]: [Chunky] Task running for world. Processed: 113443 chunks (7.25%), ETA: 49:32:59, Rate: 8.1 cps, Current: -129, 173
[23:00:57] [Server thread/INFO]: [Chunky] Task running for world. Processed: 113459 chunks (7.25%), ETA: 48:15:28, Rate: 8.4 cps, Current: -130, 168
[23:00:58] [Server thread/INFO]: [Chunky] Task running for world. Processed: 113472 chunks (7.25%), ETA: 49:42:11, Rate: 8.1 cps, Current: -137, 174
[23:00:59] [Server thread/INFO]: [Chunky] Task running for world. Processed: 113489 chunks (7.25%), ETA: 48:03:28, Rate: 8.4 cps, Current: -137, 173
[23:01:00] [Server thread/INFO]: [Chunky] Task running for world. Processed: 113522 chunks (7.25%), ETA: 44:24:36, Rate: 9.1 cps, Current: -144, 168
[23:01:02] [Server thread/INFO]: [Chunky] Task running for world. Processed: 113531 chunks (7.25%), ETA: 45:05:04, Rate: 8.9 cps, Current: -143, 168
[23:01:03] [Server thread/INFO]: [Chunky] Task running for world. Processed: 113545 chunks (7.26%), ETA: 44:26:26, Rate: 9.1 cps, Current: -144, 166
[23:01:04] [Server thread/INFO]: [Chunky] Task running for world. Processed: 113570 chunks (7.26%), ETA: 41:54:53, Rate: 9.6 cps, Current: -141, 165
[23:01:05] [Server thread/INFO]: [Chunky] Task running for world. Processed: 113601 chunks (7.26%), ETA: 38:41:21, Rate: 10.4 cps, Current: -136, 160
[23:01:06] [Server thread/INFO]: [Chunky] Task running for world. Processed: 113612 chunks (7.26%), ETA: 38:32:52, Rate: 10.5 cps, Current: -135, 161
[23:01:08] [Server thread/INFO]: [Chunky] Task running for world. Processed: 113651 chunks (7.26%), ETA: 32:17:21, Rate: 12.5 cps, Current: -130, 166
[23:01:09] [Server thread/INFO]: [Chunky] Task running for world. Processed: 113668 chunks (7.26%), ETA: 31:53:10, Rate: 12.6 cps, Current: -128, 162
[23:01:11] [Server thread/INFO]: [Chunky] Task running for world. Processed: 113683 chunks (7.26%), ETA: 32:22:24, Rate: 12.5 cps, Current: -126, 163
[23:01:13] [Server thread/INFO]: [Chunky] Task running for world. Processed: 113690 chunks (7.26%), ETA: 33:56:12, Rate: 11.9 cps, Current: -124, 160
[23:01:15] [Server thread/INFO]: [Chunky] Task running for world. Processed: 113706 chunks (7.27%), ETA: 34:31:13, Rate: 11.7 cps, Current: -122, 160
[23:01:16] [Server thread/INFO]: [Chunky] Task running for world. Processed: 113720 chunks (7.27%), ETA: 34:18:31, Rate: 11.8 cps, Current: -120, 161
[23:01:17] [Server thread/INFO]: [Chunky] Task running for world. Processed: 113727 chunks (7.27%), ETA: 34:44:12, Rate: 11.6 cps, Current: -115, 160
[23:01:18] [Server thread/INFO]: [Chunky] Task running for world. Processed: 113733 chunks (7.27%), ETA: 35:26:14, Rate: 11.4 cps, Current: -120, 162
[23:01:19] [Server thread/INFO]: [Chunky] Task running for world. Processed: 113746 chunks (7.27%), ETA: 34:37:44, Rate: 11.6 cps, Current: -117, 162
[23:01:20] [Server thread/INFO]: [Chunky] Task running for world. Processed: 113765 chunks (7.27%), ETA: 32:45:19, Rate: 12.3 cps, Current: -119, 165
[23:01:21] [Server thread/INFO]: [Chunky] Task running for world. Processed: 113770 chunks (7.27%), ETA: 32:24:36, Rate: 12.4 cps, Current: -114, 163
[23:01:22] [Server thread/INFO]: [Chunky] Task running for world. Processed: 113776 chunks (7.27%), ETA: 32:59:37, Rate: 12.2 cps, Current: -119, 166
[23:01:24] [Server thread/INFO]: [Chunky] Task running for world. Processed: 113786 chunks (7.27%), ETA: 32:49:45, Rate: 12.3 cps, Current: -118, 167
[23:01:25] [Server thread/INFO]: [Chunky] Task running for world. Processed: 113797 chunks (7.27%), ETA: 33:06:39, Rate: 12.2 cps, Current: -118, 169
[23:01:26] [Server thread/INFO]: [Chunky] Task running for world. Processed: 113809 chunks (7.27%), ETA: 33:32:51, Rate: 12.0 cps, Current: -114, 168
[23:01:27] [Server thread/INFO]: [Chunky] Task running for world. Processed: 113812 chunks (7.27%), ETA: 34:32:01, Rate: 11.7 cps, Current: -115, 171
[23:01:28] [Server thread/INFO]: [Chunky] Task running for world. Processed: 113822 chunks (7.27%), ETA: 35:14:25, Rate: 11.4 cps, Current: -116, 172
[23:01:29] [Server thread/INFO]: [Chunky] Task running for world. Processed: 113831 chunks (7.27%), ETA: 37:49:40, Rate: 10.7 cps, Current: -120, 172
[23:01:30] [Server thread/INFO]: [Chunky] Task running for world. Processed: 113838 chunks (7.27%), ETA: 37:40:27, Rate: 10.7 cps, Current: -114, 174
[23:01:32] [Server thread/INFO]: [Chunky] Task running for world. Processed: 113842 chunks (7.27%), ETA: 38:43:10, Rate: 10.4 cps, Current: -117, 174
[23:01:33] [Server thread/INFO]: [Chunky] Task running for world. Processed: 113850 chunks (7.27%), ETA: 41:36:23, Rate: 9.7 cps, Current: -118, 174
[23:01:34] [Server thread/INFO]: [Chunky] Task running for world. Processed: 113872 chunks (7.28%), ETA: 42:29:20, Rate: 9.5 cps, Current: -123, 169
[23:01:35] [Server thread/INFO]: [Chunky] Task running for world. Processed: 113887 chunks (7.28%), ETA: 41:44:23, Rate: 9.7 cps, Current: -120, 175
[23:01:36] [Server thread/INFO]: [Chunky] Task running for world. Processed: 113921 chunks (7.28%), ETA: 38:47:06, Rate: 10.4 cps, Current: -128, 176
[23:01:37] [Server thread/INFO]: [Chunky] Task running for world. Processed: 113926 chunks (7.28%), ETA: 43:03:53, Rate: 9.4 cps, Current: -126, 176
[23:01:38] [Server thread/INFO]: [Chunky] Task running for world. Processed: 113938 chunks (7.28%), ETA: 43:57:42, Rate: 9.2 cps, Current: -125, 178
[23:01:40] [Server thread/INFO]: [Chunky] Task running for world. Processed: 113960 chunks (7.28%), ETA: 41:55:29, Rate: 9.6 cps, Current: -121, 177
[23:01:41] [Server thread/INFO]: [Chunky] Task running for world. Processed: 113969 chunks (7.28%), ETA: 42:01:51, Rate: 9.6 cps, Current: -122, 181
[23:01:42] [Server thread/INFO]: [Chunky] Task running for world. Processed: 113982 chunks (7.28%), ETA: 39:46:35, Rate: 10.1 cps, Current: -128, 188
[23:01:43] [Server thread/INFO]: [Chunky] Task running for world. Processed: 113988 chunks (7.28%), ETA: 40:25:21, Rate: 10.0 cps, Current: -126, 184
[23:01:44] [Server thread/INFO]: [Chunky] Task running for world. Processed: 114005 chunks (7.28%), ETA: 39:33:59, Rate: 10.2 cps, Current: -125, 184
[23:01:45] [Server thread/INFO]: [Chunky] Task running for world. Processed: 114020 chunks (7.29%), ETA: 39:46:09, Rate: 10.1 cps, Current: -124, 189
[23:01:47] [Server thread/INFO]: [Chunky] Task running for world. Processed: 114031 chunks (7.29%), ETA: 39:22:18, Rate: 10.2 cps, Current: -124, 190
[23:01:48] [Server thread/INFO]: [Chunky] Task running for world. Processed: 114042 chunks (7.29%), ETA: 38:36:51, Rate: 10.4 cps, Current: -121, 186
[23:01:49] [Server thread/INFO]: [Chunky] Task running for world. Processed: 114051 chunks (7.29%), ETA: 39:08:32, Rate: 10.3 cps, Current: -119, 184
[23:01:51] [Server thread/INFO]: [Chunky] Task running for world. Processed: 114063 chunks (7.29%), ETA: 40:15:21, Rate: 10.0 cps, Current: -118, 187
[23:01:52] [Server thread/INFO]: [Chunky] Task running for world. Processed: 114068 chunks (7.29%), ETA: 40:23:25, Rate: 10.0 cps, Current: -117, 189
[23:01:53] [Server thread/INFO]: [Chunky] Task running for world. Processed: 114078 chunks (7.29%), ETA: 39:53:31, Rate: 10.1 cps, Current: -116, 188
[23:01:54] [Server thread/INFO]: [Chunky] Task running for world. Processed: 114085 chunks (7.29%), ETA: 40:35:10, Rate: 9.9 cps, Current: -116, 190
[23:01:55] [Server thread/INFO]: [Chunky] Task running for world. Processed: 114094 chunks (7.29%), ETA: 41:33:56, Rate: 9.7 cps, Current: -114, 190
[23:01:57] [Server thread/INFO]: [Chunky] Task running for world. Processed: 114106 chunks (7.29%), ETA: 40:54:38, Rate: 9.9 cps, Current: -114, 186
[23:01:58] [Server thread/INFO]: [Chunky] Task running for world. Processed: 114127 chunks (7.29%), ETA: 39:15:55, Rate: 10.3 cps, Current: -113, 189
[23:01:59] [Server thread/INFO]: [Chunky] Task running for world. Processed: 114143 chunks (7.29%), ETA: 38:09:12, Rate: 10.6 cps, Current: -118, 180
[23:02:01] [Server thread/INFO]: [Chunky] Task running for world. Processed: 114177 chunks (7.30%), ETA: 35:22:37, Rate: 11.4 cps, Current: -112, 176
[23:02:03] [Server thread/INFO]: [Chunky] Task running for world. Processed: 114179 chunks (7.30%), ETA: 36:34:11, Rate: 11.0 cps, Current: -112, 178
[23:02:04] [Server thread/INFO]: AL5PT issued server command: //set 0
[23:02:04] [Server thread/INFO]: [Chunky] Task running for world. Processed: 114182 chunks (7.30%), ETA: 39:48:47, Rate: 10.1 cps, Current: -111, 177
[23:02:05] [Server thread/INFO]: [Chunky] Task running for world. Processed: 114195 chunks (7.30%), ETA: 42:41:46, Rate: 9.4 cps, Current: -110, 177
[23:02:06] [Server thread/INFO]: [Chunky] Task running for world. Processed: 114206 chunks (7.30%), ETA: 41:51:10, Rate: 9.6 cps, Current: -112, 182
[23:02:08] [Server thread/INFO]: [Chunky] Task running for world. Processed: 114222 chunks (7.30%), ETA: 41:46:11, Rate: 9.6 cps, Current: -109, 176
[23:02:09] [Server thread/INFO]: [Chunky] Task running for world. Processed: 114227 chunks (7.30%), ETA: 43:57:11, Rate: 9.2 cps, Current: -110, 183
[23:02:10] [Server thread/INFO]: [Chunky] Task running for world. Processed: 114239 chunks (7.30%), ETA: 43:28:52, Rate: 9.3 cps, Current: -112, 187
[23:02:12] [Server thread/INFO]: [Chunky] Task running for world. Processed: 114256 chunks (7.30%), ETA: 43:34:46, Rate: 9.2 cps, Current: -110, 185
[23:02:13] [Server thread/INFO]: [Chunky] Task running for world. Processed: 114263 chunks (7.30%), ETA: 43:30:16, Rate: 9.3 cps, Current: -109, 185
[23:02:14] [Server thread/INFO]: [Chunky] Task running for world. Processed: 114277 chunks (7.30%), ETA: 43:56:11, Rate: 9.2 cps, Current: -108, 189
[23:02:15] [Server thread/INFO]: [Chunky] Task running for world. Processed: 114287 chunks (7.30%), ETA: 44:25:52, Rate: 9.1 cps, Current: -106, 185
[23:02:16] [Server thread/INFO]: [Chunky] Task running for world. Processed: 114292 chunks (7.30%), ETA: 45:19:17, Rate: 8.9 cps, Current: -107, 190
[23:02:17] [Server thread/INFO]: [Chunky] Task running for world. Processed: 114301 chunks (7.30%), ETA: 45:22:28, Rate: 8.9 cps, Current: -108, 191
[23:02:18] [Server thread/INFO]: [Chunky] Task running for world. Processed: 114313 chunks (7.30%), ETA: 44:48:38, Rate: 9.0 cps, Current: -104, 189
[23:02:19] [Server thread/INFO]: [Chunky] Task running for world. Processed: 114321 chunks (7.30%), ETA: 44:30:35, Rate: 9.1 cps, Current: -104, 190
[23:02:20] [Server thread/INFO]: [Chunky] Task running for world. Processed: 114333 chunks (7.31%), ETA: 44:14:12, Rate: 9.1 cps, Current: -104, 191
[23:02:21] [Server thread/INFO]: [Chunky] Task running for world. Processed: 114336 chunks (7.31%), ETA: 44:35:33, Rate: 9.0 cps, Current: -100, 187
[23:02:22] [Server thread/INFO]: [Chunky] Task running for world. Processed: 114344 chunks (7.31%), ETA: 44:42:43, Rate: 9.0 cps, Current: -100, 190
[23:02:23] [Server thread/INFO]: [Chunky] Task running for world. Processed: 114352 chunks (7.31%), ETA: 44:20:09, Rate: 9.1 cps, Current: -98, 189
[23:02:25] [Server thread/INFO]: [Chunky] Task running for world. Processed: 114363 chunks (7.31%), ETA: 43:47:26, Rate: 9.2 cps, Current: -99, 182
[23:02:26] [Server thread/INFO]: [Chunky] Task running for world. Processed: 114380 chunks (7.31%), ETA: 42:25:31, Rate: 9.5 cps, Current: -97, 188
[23:02:27] [Server thread/INFO]: [Chunky] Task running for world. Processed: 114394 chunks (7.31%), ETA: 43:39:28, Rate: 9.2 cps, Current: -97, 184
[23:02:28] [Server thread/INFO]: [Chunky] Task running for world. Processed: 114406 chunks (7.31%), ETA: 44:28:56, Rate: 9.1 cps, Current: -98, 180
[23:02:30] [Server thread/INFO]: [Chunky] Task running for world. Processed: 114419 chunks (7.31%), ETA: 47:35:35, Rate: 8.5 cps, Current: -102, 176
[23:02:32] [Server thread/INFO]: [Chunky] Task running for world. Processed: 114426 chunks (7.31%), ETA: 47:08:48, Rate: 8.5 cps, Current: -97, 179
[23:02:33] [Server thread/INFO]: [Chunky] Task running for world. Processed: 114429 chunks (7.31%), ETA: 47:19:02, Rate: 8.5 cps, Current: -98, 177
[23:02:35] [Server thread/INFO]: [Chunky] Task running for world. Processed: 114436 chunks (7.31%), ETA: 50:18:27, Rate: 8.0 cps, Current: -99, 172
[23:02:36] [Server thread/INFO]: AL5PT issued server command: //set gold_block
[23:02:36] [Server thread/INFO]: [Chunky] Task running for world. Processed: 114450 chunks (7.31%), ETA: 50:24:49, Rate: 8.0 cps, Current: -97, 176
[23:02:39] [Server thread/INFO]: [Chunky] Task running for world. Processed: 114467 chunks (7.31%), ETA: 49:45:19, Rate: 8.1 cps, Current: -97, 173
[23:02:40] [Server thread/INFO]: [Chunky] Task running for world. Processed: 114484 chunks (7.32%), ETA: 49:05:27, Rate: 8.2 cps, Current: -104, 175
[23:02:41] [Server thread/INFO]: [Chunky] Task running for world. Processed: 114496 chunks (7.32%), ETA: 49:39:27, Rate: 8.1 cps, Current: -105, 174
[23:02:41] [Server thread/INFO]: AL5PT issued server command: //set gold_block
[23:02:43] [Server thread/INFO]: [Chunky] Task running for world. Processed: 114513 chunks (7.32%), ETA: 47:48:59, Rate: 8.4 cps, Current: -105, 173
[23:02:44] [Server thread/INFO]: [Chunky] Task running for world. Processed: 114532 chunks (7.32%), ETA: 46:54:03, Rate: 8.6 cps, Current: -110, 171
[23:02:45] [Server thread/INFO]: [Chunky] Task running for world. Processed: 114550 chunks (7.32%), ETA: 45:33:25, Rate: 8.8 cps, Current: -110, 169
[23:02:46] [Server thread/INFO]: [Chunky] Task running for world. Processed: 114562 chunks (7.32%), ETA: 45:19:34, Rate: 8.9 cps, Current: -106, 167
[23:02:47] [Server thread/INFO]: [Chunky] Task running for world. Processed: 114594 chunks (7.32%), ETA: 41:51:48, Rate: 9.6 cps, Current: -109, 165
[23:02:49] [Server thread/INFO]: [Chunky] Task running for world. Processed: 114625 chunks (7.32%), ETA: 39:36:09, Rate: 10.2 cps, Current: -104, 160
[23:02:50] [Server thread/INFO]: [Chunky] Task running for world. Processed: 114636 chunks (7.32%), ETA: 39:34:05, Rate: 10.2 cps, Current: -103, 161
[23:02:52] [Server thread/INFO]: [Chunky] Task running for world. Processed: 114675 chunks (7.33%), ETA: 35:56:29, Rate: 11.2 cps, Current: -98, 166
[23:02:53] [Server thread/INFO]: [Chunky] Task running for world. Processed: 114696 chunks (7.33%), ETA: 34:39:28, Rate: 11.6 cps, Current: -93, 160
[23:02:54] [Server thread/INFO]: AL5PT issued server command: //set gold_block
[23:02:55] [Server thread/INFO]: [Chunky] Task running for world. Processed: 114707 chunks (7.33%), ETA: 36:14:06, Rate: 11.1 cps, Current: -94, 163
[23:02:56] [Server thread/INFO]: [Chunky] Task running for world. Processed: 114724 chunks (7.33%), ETA: 35:43:30, Rate: 11.3 cps, Current: -91, 161
[23:02:58] [Server thread/INFO]: [Chunky] Task running for world. Processed: 114730 chunks (7.33%), ETA: 36:06:51, Rate: 11.2 cps, Current: -90, 160
[23:02:58] [Server thread/INFO]: AL5PT issued server command: //set 0
[23:02:59] [Server thread/INFO]: [Chunky] Task running for world. Processed: 114744 chunks (7.33%), ETA: 35:45:43, Rate: 11.3 cps, Current: -88, 161
[23:03:00] [Server thread/INFO]: [Chunky] Task running for world. Processed: 114751 chunks (7.33%), ETA: 34:50:55, Rate: 11.6 cps, Current: -83, 160
[23:03:01] [Server thread/INFO]: [Chunky] Task running for world. Processed: 114757 chunks (7.33%), ETA: 35:28:06, Rate: 11.4 cps, Current: -88, 162
[23:03:02] [Server thread/INFO]: [Chunky] Task running for world. Processed: 114770 chunks (7.33%), ETA: 34:20:17, Rate: 11.7 cps, Current: -85, 162
[23:03:03] [Server thread/INFO]: AL5PT issued server command: //set 0
[23:03:04] [Server thread/INFO]: [Chunky] Task running for world. Processed: 114794 chunks (7.34%), ETA: 32:35:45, Rate: 12.4 cps, Current: -82, 163
[23:03:05] [Server thread/INFO]: [Chunky] Task running for world. Processed: 114803 chunks (7.34%), ETA: 32:52:02, Rate: 12.3 cps, Current: -85, 166
[23:03:07] [Server thread/INFO]: [Chunky] Task running for world. Processed: 114810 chunks (7.34%), ETA: 32:58:20, Rate: 12.2 cps, Current: -86, 167
[23:03:08] [Server thread/INFO]: [Chunky] Task running for world. Processed: 114821 chunks (7.34%), ETA: 33:05:55, Rate: 12.2 cps, Current: -83, 168
[23:03:09] [Server thread/INFO]: [Chunky] Task running for world. Processed: 114834 chunks (7.34%), ETA: 33:35:29, Rate: 12.0 cps, Current: -83, 170
[23:03:10] [Server thread/INFO]: [Chunky] Task running for world. Processed: 114840 chunks (7.34%), ETA: 33:57:09, Rate: 11.9 cps, Current: -83, 172
[23:03:11] [Server thread/INFO]: [Chunky] Task running for world. Processed: 114850 chunks (7.34%), ETA: 34:19:31, Rate: 11.7 cps, Current: -85, 172
[23:03:12] [Server thread/INFO]: [Chunky] Task running for world. Processed: 114856 chunks (7.34%), ETA: 34:59:20, Rate: 11.5 cps, Current: -82, 173
[23:03:13] [Server thread/INFO]: [Chunky] Task running for world. Processed: 114863 chunks (7.34%), ETA: 36:13:10, Rate: 11.1 cps, Current: -88, 173
[23:03:14] [Server thread/INFO]: [Chunky] Task running for world. Processed: 114869 chunks (7.34%), ETA: 37:27:10, Rate: 10.8 cps, Current: -89, 172
[23:03:15] [Server thread/INFO]: [Chunky] Task running for world. Processed: 114875 chunks (7.34%), ETA: 37:17:32, Rate: 10.8 cps, Current: -81, 173
[23:03:17] [Server thread/INFO]: [Chunky] Task running for world. Processed: 114906 chunks (7.34%), ETA: 37:40:32, Rate: 10.7 cps, Current: -96, 169
[23:03:18] [Server thread/INFO]: [Chunky] Task running for world. Processed: 114932 chunks (7.34%), ETA: 37:19:07, Rate: 10.8 cps, Current: -89, 175
[23:03:19] [Server thread/INFO]: [Chunky] Task running for world. Processed: 114945 chunks (7.34%), ETA: 37:04:23, Rate: 10.9 cps, Current: -96, 176
[23:03:20] [Server thread/INFO]: [Chunky] Task running for world. Processed: 114950 chunks (7.35%), ETA: 38:20:49, Rate: 10.5 cps, Current: -94, 176
[23:03:21] [Server thread/INFO]: [Chunky] Task running for world. Processed: 114962 chunks (7.35%), ETA: 40:55:09, Rate: 9.8 cps, Current: -93, 178
[23:03:23] [Server thread/INFO]: [Chunky] Task running for world. Processed: 114984 chunks (7.35%), ETA: 41:24:30, Rate: 9.7 cps, Current: -89, 177
[23:03:24] [Server thread/INFO]: [Chunky] Task running for world. Processed: 114989 chunks (7.35%), ETA: 40:29:24, Rate: 9.9 cps, Current: -96, 183
[23:03:25] [Server thread/INFO]: [Chunky] Task running for world. Processed: 115004 chunks (7.35%), ETA: 39:48:16, Rate: 10.1 cps, Current: -95, 185
[23:03:26] [Server thread/INFO]: [Chunky] Task running for world. Processed: 115010 chunks (7.35%), ETA: 41:31:25, Rate: 9.7 cps, Current: -95, 186
[23:03:27] [Server thread/INFO]: [Chunky] Task running for world. Processed: 115024 chunks (7.35%), ETA: 40:39:04, Rate: 9.9 cps, Current: -94, 185
[23:03:29] [Server thread/INFO]: [Chunky] Task running for world. Processed: 115041 chunks (7.35%), ETA: 39:57:39, Rate: 10.1 cps, Current: -93, 189
[23:03:30] [Server thread/INFO]: [Chunky] Task running for world. Processed: 115051 chunks (7.35%), ETA: 39:37:01, Rate: 10.2 cps, Current: -90, 184
[23:03:31] [Server thread/INFO]: [Chunky] Task running for world. Processed: 115061 chunks (7.35%), ETA: 39:30:43, Rate: 10.2 cps, Current: -90, 186
[23:03:32] [Server thread/INFO]: [Chunky] Task running for world. Processed: 115069 chunks (7.35%), ETA: 39:57:32, Rate: 10.1 cps, Current: -89, 187
[23:03:33] [Server thread/INFO]: [Chunky] Task running for world. Processed: 115085 chunks (7.35%), ETA: 39:58:09, Rate: 10.1 cps, Current: -90, 191
[23:03:33] [Server thread/INFO]: AL5PT issued server command: //set gold_block
[23:03:34] [Server thread/INFO]: [Chunky] Task running for world. Processed: 115091 chunks (7.35%), ETA: 40:20:31, Rate: 10.0 cps, Current: -86, 189
[23:03:36] [Server thread/INFO]: [Chunky] Task running for world. Processed: 115102 chunks (7.35%), ETA: 39:36:05, Rate: 10.2 cps, Current: -84, 188
[23:03:37] [Server thread/INFO]: [Chunky] Task running for world. Processed: 115109 chunks (7.36%), ETA: 40:16:09, Rate: 10.0 cps, Current: -83, 187
[23:03:38] [Server thread/INFO]: [Chunky] Task running for world. Processed: 115118 chunks (7.36%), ETA: 40:31:23, Rate: 9.9 cps, Current: -82, 190
[23:03:39] [Server thread/INFO]: [Chunky] Task running for world. Processed: 115129 chunks (7.36%), ETA: 40:09:17, Rate: 10.0 cps, Current: -84, 191
[23:03:40] [Server thread/INFO]: [Chunky] Task running for world. Processed: 115144 chunks (7.36%), ETA: 39:41:22, Rate: 10.1 cps, Current: -81, 190
[23:03:42] [Server thread/INFO]: [Chunky] Task running for world. Processed: 115167 chunks (7.36%), ETA: 37:43:07, Rate: 10.7 cps, Current: -81, 184
[23:03:43] [Server thread/INFO]: [Chunky] Task running for world. Processed: 115201 chunks (7.36%), ETA: 35:06:07, Rate: 11.5 cps, Current: -80, 176
[23:03:45] [Server thread/INFO]: [Chunky] Task running for world. Processed: 115203 chunks (7.36%), ETA: 35:51:24, Rate: 11.2 cps, Current: -80, 178
[23:03:46] [Server thread/INFO]: [Chunky] Task running for world. Processed: 115207 chunks (7.36%), ETA: 38:48:57, Rate: 10.4 cps, Current: -78, 178
[23:03:47] [Server thread/INFO]: [Chunky] Task running for world. Processed: 115220 chunks (7.36%), ETA: 40:47:14, Rate: 9.9 cps, Current: -75, 179
[23:03:48] [Server thread/INFO]: [Chunky] Task running for world. Processed: 115233 chunks (7.36%), ETA: 40:46:32, Rate: 9.9 cps, Current: -78, 176
[23:03:49] [Server thread/INFO]: [Chunky] Task running for world. Processed: 115246 chunks (7.36%), ETA: 39:19:18, Rate: 10.2 cps, Current: -77, 176
[23:03:50] [Server thread/INFO]: [Chunky] Task running for world. Processed: 115250 chunks (7.36%), ETA: 40:23:46, Rate: 10.0 cps, Current: -79, 183
[23:03:51] [Server thread/INFO]: [Chunky] Task running for world. Processed: 115265 chunks (7.37%), ETA: 40:32:40, Rate: 9.9 cps, Current: -80, 189
[23:03:52] [Server thread/INFO]: [Chunky] Task running for world. Processed: 115282 chunks (7.37%), ETA: 39:41:27, Rate: 10.1 cps, Current: -77, 184
[23:03:53] [Server thread/INFO]: [Chunky] Task running for world. Processed: 115291 chunks (7.37%), ETA: 39:08:33, Rate: 10.3 cps, Current: -76, 184
[23:03:55] [Server thread/INFO]: [Chunky] Task running for world. Processed: 115308 chunks (7.37%), ETA: 39:05:19, Rate: 10.3 cps, Current: -72, 184
[23:03:56] [Server thread/INFO]: [Chunky] Task running for world. Processed: 115316 chunks (7.37%), ETA: 38:57:21, Rate: 10.3 cps, Current: -75, 190
[23:03:57] [Server thread/INFO]: [Chunky] Task running for world. Processed: 115329 chunks (7.37%), ETA: 38:33:52, Rate: 10.4 cps, Current: -72, 186
[23:03:58] [Server thread/INFO]: [Chunky] Task running for world. Processed: 115341 chunks (7.37%), ETA: 38:44:25, Rate: 10.4 cps, Current: -74, 191
[23:03:59] [Server thread/INFO]: [Chunky] Task running for world. Processed: 115348 chunks (7.37%), ETA: 39:25:15, Rate: 10.2 cps, Current: -69, 188
[23:04:00] [Server thread/INFO]: [Chunky] Task running for world. Processed: 115360 chunks (7.37%), ETA: 39:13:19, Rate: 10.3 cps, Current: -67, 188
[23:04:01] [Server thread/INFO]: [Chunky] Task running for world. Processed: 115372 chunks (7.37%), ETA: 38:46:47, Rate: 10.4 cps, Current: -66, 190
[23:04:03] [Server thread/INFO]: [Chunky] Task running for world. Processed: 115385 chunks (7.37%), ETA: 39:24:29, Rate: 10.2 cps, Current: -68, 191
[23:04:04] [Server thread/INFO]: [Chunky] Task running for world. Processed: 115399 chunks (7.37%), ETA: 38:26:37, Rate: 10.5 cps, Current: -65, 190
[23:04:05] [Server thread/INFO]: [Chunky] Task running for world. Processed: 115418 chunks (7.37%), ETA: 37:21:40, Rate: 10.8 cps, Current: -72, 176
[23:04:06] [Server thread/INFO]: [Chunky] Task running for world. Processed: 115427 chunks (7.38%), ETA: 36:57:54, Rate: 10.9 cps, Current: -69, 180
[23:04:07] [Server thread/INFO]: [Chunky] Task running for world. Processed: 115438 chunks (7.38%), ETA: 36:51:31, Rate: 10.9 cps, Current: -68, 178
[23:04:08] [Server thread/INFO]: [Chunky] Task running for world. Processed: 115446 chunks (7.38%), ETA: 36:44:25, Rate: 11.0 cps, Current: -66, 179
[23:04:10] [Server thread/INFO]: [Chunky] Task running for world. Processed: 115451 chunks (7.38%), ETA: 38:10:01, Rate: 10.5 cps, Current: -66, 178
[23:04:11] [Server thread/INFO]: [Chunky] Task running for world. Processed: 115455 chunks (7.38%), ETA: 40:41:19, Rate: 9.9 cps, Current: -66, 176
[23:04:12] [Server thread/INFO]: [Chunky] Task running for world. Processed: 115460 chunks (7.38%), ETA: 44:50:50, Rate: 9.0 cps, Current: -67, 172
[23:04:13] [Server thread/INFO]: [Chunky] Task running for world. Processed: 115471 chunks (7.38%), ETA: 42:20:00, Rate: 9.5 cps, Current: -67, 170
[23:04:14] [Server thread/INFO]: [Chunky] Task running for world. Processed: 115487 chunks (7.38%), ETA: 41:22:34, Rate: 9.7 cps, Current: -70, 172
[23:04:16] [Server thread/INFO]: [Chunky] Task running for world. Processed: 115491 chunks (7.38%), ETA: 42:07:44, Rate: 9.6 cps, Current: -68, 169
[23:04:17] [Server thread/INFO]: [Chunky] Task running for world. Processed: 115508 chunks (7.38%), ETA: 41:22:41, Rate: 9.7 cps, Current: -74, 175
[23:04:18] [Server thread/INFO]: [Chunky] Task running for world. Processed: 115521 chunks (7.38%), ETA: 41:23:25, Rate: 9.7 cps, Current: -74, 174
[23:04:19] [Server thread/INFO]: [Chunky] Task running for world. Processed: 115531 chunks (7.38%), ETA: 41:44:43, Rate: 9.6 cps, Current: -71, 168
[23:04:20] [Server thread/INFO]: [Chunky] Task running for world. Processed: 115563 chunks (7.38%), ETA: 38:12:51, Rate: 10.5 cps, Current: -73, 170
[23:04:21] [Server thread/INFO]: [Chunky] Task running for world. Processed: 115579 chunks (7.39%), ETA: 39:10:51, Rate: 10.3 cps, Current: -79, 168
[23:04:23] [Server thread/INFO]: [Chunky] Task running for world. Processed: 115586 chunks (7.39%), ETA: 39:47:13, Rate: 10.1 cps, Current: -74, 167
[23:04:24] [Server thread/INFO]: [Chunky] Task running for world. Processed: 115612 chunks (7.39%), ETA: 38:47:56, Rate: 10.4 cps, Current: -78, 165
[23:04:25] [Server thread/INFO]: [Chunky] Task running for world. Processed: 115649 chunks (7.39%), ETA: 35:22:16, Rate: 11.4 cps, Current: -72, 160
[23:04:26] [Server thread/INFO]: [Chunky] Task running for world. Processed: 115660 chunks (7.39%), ETA: 35:36:44, Rate: 11.3 cps, Current: -71, 161
[23:04:28] [Server thread/INFO]: [Chunky] Task running for world. Processed: 115699 chunks (7.39%), ETA: 33:14:13, Rate: 12.1 cps, Current: -66, 166
[23:04:29] [Server thread/INFO]: [Chunky] Task running for world. Processed: 115720 chunks (7.39%), ETA: 32:23:40, Rate: 12.4 cps, Current: -61, 160
[23:04:31] [Server thread/INFO]: [Chunky] Task running for world. Processed: 115731 chunks (7.39%), ETA: 33:27:54, Rate: 12.0 cps, Current: -62, 163
[23:04:33] [Server thread/INFO]: [Chunky] Task running for world. Processed: 115754 chunks (7.40%), ETA: 33:04:30, Rate: 12.2 cps, Current: -58, 160
[23:04:34] [Server thread/INFO]: [Chunky] Task running for world. Processed: 115771 chunks (7.40%), ETA: 33:10:50, Rate: 12.1 cps, Current: -61, 167
[23:04:34] [Server thread/INFO]: AL5PT issued server command: //set 0
[23:04:35] [Server thread/INFO]: [Chunky] Task running for world. Processed: 115775 chunks (7.40%), ETA: 33:44:41, Rate: 11.9 cps, Current: -51, 160
[23:04:36] [Craft Scheduler Thread - 86 - nonchat/INFO]: 
• Usa /sethome para guardar tu casa •

[23:04:36] [Server thread/INFO]: [Chunky] Task running for world. Processed: 115781 chunks (7.40%), ETA: 34:06:02, Rate: 11.8 cps, Current: -53, 161
[23:04:38] [Server thread/INFO]: [Chunky] Task running for world. Processed: 115794 chunks (7.40%), ETA: 33:59:24, Rate: 11.8 cps, Current: -53, 162
[23:04:39] [Server thread/INFO]: [Chunky] Task running for world. Processed: 115818 chunks (7.40%), ETA: 32:30:17, Rate: 12.4 cps, Current: -50, 163
[23:04:40] [Server thread/INFO]: [Chunky] Task running for world. Processed: 115824 chunks (7.40%), ETA: 32:04:59, Rate: 12.5 cps, Current: -55, 166
[23:04:42] [Server thread/INFO]: [Chunky] Task running for world. Processed: 115834 chunks (7.40%), ETA: 31:59:24, Rate: 12.6 cps, Current: -54, 167
[23:04:43] [Server thread/INFO]: [Chunky] Task running for world. Processed: 115853 chunks (7.40%), ETA: 31:19:36, Rate: 12.8 cps, Current: -49, 166
[23:04:43] [Server thread/INFO]: AL5PT issued server command: //set gold_block
[23:04:44] [Server thread/INFO]: [Chunky] Task running for world. Processed: 115858 chunks (7.40%), ETA: 32:24:31, Rate: 12.4 cps, Current: -51, 170
[23:04:45] [Server thread/INFO]: [Chunky] Task running for world. Processed: 115864 chunks (7.40%), ETA: 32:02:41, Rate: 12.6 cps, Current: -51, 172
[23:04:46] [Server thread/INFO]: [Chunky] Task running for world. Processed: 115873 chunks (7.40%), ETA: 32:47:32, Rate: 12.3 cps, Current: -49, 169
[23:04:48] [Server thread/INFO]: [Chunky] Task running for world. Processed: 115881 chunks (7.40%), ETA: 33:17:19, Rate: 12.1 cps, Current: -53, 173
[23:04:49] [Server thread/INFO]: [Chunky] Task running for world. Processed: 115888 chunks (7.40%), ETA: 33:37:17, Rate: 12.0 cps, Current: -51, 174
[23:04:50] [Server thread/INFO]: [Chunky] Task running for world. Processed: 115898 chunks (7.41%), ETA: 36:12:22, Rate: 11.1 cps, Current: -54, 174
[23:04:51] [Server thread/INFO]: [Chunky] Task running for world. Processed: 115930 chunks (7.41%), ETA: 34:06:15, Rate: 11.8 cps, Current: -64, 169
[23:04:53] [Server thread/INFO]: [Chunky] Task running for world. Processed: 115969 chunks (7.41%), ETA: 32:37:00, Rate: 12.3 cps, Current: -64, 176
[23:04:54] [Server thread/INFO]: [Chunky] Task running for world. Processed: 115974 chunks (7.41%), ETA: 35:29:27, Rate: 11.3 cps, Current: -62, 176
[23:04:55] [Server thread/INFO]: [Chunky] Task running for world. Processed: 115993 chunks (7.41%), ETA: 34:59:22, Rate: 11.5 cps, Current: -59, 177
[23:04:57] [Server thread/INFO]: [Chunky] Task running for world. Processed: 116011 chunks (7.41%), ETA: 36:26:36, Rate: 11.0 cps, Current: -58, 178
[23:04:58] [Server thread/INFO]: [Chunky] Task running for world. Processed: 116025 chunks (7.41%), ETA: 36:11:14, Rate: 11.1 cps, Current: -57, 178
[23:04:59] [Server thread/INFO]: [Chunky] Task running for world. Processed: 116037 chunks (7.41%), ETA: 37:11:05, Rate: 10.8 cps, Current: -63, 187
[23:05:00] [Server thread/INFO]: [Chunky] Task running for world. Processed: 116055 chunks (7.42%), ETA: 35:06:19, Rate: 11.5 cps, Current: -61, 185
[23:05:01] [Server thread/INFO]: [Chunky] Task running for world. Processed: 116068 chunks (7.42%), ETA: 35:10:27, Rate: 11.4 cps, Current: -60, 189
[23:05:01] [Server thread/INFO]: AL5PT issued server command: //undo
[23:05:02] [Server thread/INFO]: [Chunky] Task running for world. Processed: 116080 chunks (7.42%), ETA: 35:35:56, Rate: 11.3 cps, Current: -58, 185
[23:05:03] [Server thread/INFO]: [Chunky] Task running for world. Processed: 116090 chunks (7.42%), ETA: 36:23:19, Rate: 11.1 cps, Current: -57, 186
[23:05:04] [Server thread/INFO]: [Chunky] Task running for world. Processed: 116097 chunks (7.42%), ETA: 36:52:20, Rate: 10.9 cps, Current: -56, 186
[23:05:05] [Server thread/INFO]: [Chunky] Task running for world. Processed: 116106 chunks (7.42%), ETA: 36:15:40, Rate: 11.1 cps, Current: -55, 187
[23:05:06] [Server thread/INFO]: AL5PT issued server command: //set gold_block
[23:05:06] [Server thread/INFO]: [Chunky] Task running for world. Processed: 116112 chunks (7.42%), ETA: 36:17:16, Rate: 11.1 cps, Current: -54, 184
[23:05:08] [Server thread/INFO]: [Chunky] Task running for world. Processed: 116116 chunks (7.42%), ETA: 37:05:26, Rate: 10.9 cps, Current: -53, 188
[23:05:09] [Server thread/INFO]: [Chunky] Task running for world. Processed: 116127 chunks (7.42%), ETA: 38:04:00, Rate: 10.6 cps, Current: -51, 189
[23:05:10] [Server thread/INFO]: [Chunky] Task running for world. Processed: 116138 chunks (7.42%), ETA: 37:50:20, Rate: 10.6 cps, Current: -51, 186
[23:05:11] [Server thread/INFO]: [Chunky] Task running for world. Processed: 116146 chunks (7.42%), ETA: 37:37:50, Rate: 10.7 cps, Current: -51, 183
[23:05:12] [Server thread/INFO]: [Chunky] Task running for world. Processed: 116155 chunks (7.42%), ETA: 39:14:24, Rate: 10.3 cps, Current: -56, 182
[23:05:14] [Server thread/INFO]: [Chunky] Task running for world. Processed: 116190 chunks (7.42%), ETA: 35:49:56, Rate: 11.2 cps, Current: -49, 185
[23:05:15] [Server thread/INFO]: [Chunky] Task running for world. Processed: 116225 chunks (7.43%), ETA: 33:03:37, Rate: 12.2 cps, Current: -48, 176
[23:05:17] [Server thread/INFO]: [Chunky] Task running for world. Processed: 116227 chunks (7.43%), ETA: 34:44:22, Rate: 11.6 cps, Current: -48, 178
[23:05:19] [Server thread/INFO]: [Chunky] Task running for world. Processed: 116232 chunks (7.43%), ETA: 34:45:19, Rate: 11.6 cps, Current: -47, 179
[23:05:20] [Server thread/INFO]: [Chunky] Task running for world. Processed: 116244 chunks (7.43%), ETA: 34:10:23, Rate: 11.8 cps, Current: -43, 179
[23:05:21] [Server thread/INFO]: [Chunky] Task running for world. Processed: 116260 chunks (7.43%), ETA: 35:47:04, Rate: 11.2 cps, Current: -42, 177
[23:05:22] [Server thread/INFO]: [Chunky] Task running for world. Processed: 116271 chunks (7.43%), ETA: 38:12:37, Rate: 10.5 cps, Current: -48, 183
[23:05:23] [Server thread/INFO]: [Chunky] Task running for world. Processed: 116275 chunks (7.43%), ETA: 39:14:36, Rate: 10.3 cps, Current: -46, 183
[23:05:24] [Server thread/INFO]: [Chunky] Task running for world. Processed: 116300 chunks (7.43%), ETA: 37:41:19, Rate: 10.7 cps, Current: -46, 184
[23:05:25] [Server thread/INFO]: [Chunky] Task running for world. Processed: 116307 chunks (7.43%), ETA: 38:14:36, Rate: 10.5 cps, Current: -46, 187
[23:05:26] [Server thread/INFO]: [Chunky] Task running for world. Processed: 116321 chunks (7.43%), ETA: 38:22:21, Rate: 10.5 cps, Current: -46, 190
[23:05:27] [Server thread/INFO]: [Chunky] Task running for world. Processed: 116333 chunks (7.43%), ETA: 38:32:47, Rate: 10.4 cps, Current: -40, 184
[23:05:28] [Server thread/INFO]: [Chunky] Task running for world. Processed: 116336 chunks (7.43%), ETA: 39:42:14, Rate: 10.1 cps, Current: -44, 190
[23:05:29] [Server thread/INFO]: [Chunky] Task running for world. Processed: 116346 chunks (7.43%), ETA: 40:53:27, Rate: 9.8 cps, Current: -39, 185
[23:05:31] [Server thread/INFO]: [Chunky] Task running for world. Processed: 116356 chunks (7.43%), ETA: 41:17:49, Rate: 9.7 cps, Current: -39, 186
[23:05:32] [Server thread/INFO]: [Chunky] Task running for world. Processed: 116367 chunks (7.44%), ETA: 41:40:29, Rate: 9.7 cps, Current: -38, 187
[23:05:33] [Server thread/INFO]: [Chunky] Task running for world. Processed: 116381 chunks (7.44%), ETA: 41:01:00, Rate: 9.8 cps, Current: -40, 191
[23:05:34] [Server thread/INFO]: [Chunky] Task running for world. Processed: 116388 chunks (7.44%), ETA: 41:19:25, Rate: 9.7 cps, Current: -39, 191
[23:05:36] [Server thread/INFO]: [Chunky] Task running for world. Processed: 116399 chunks (7.44%), ETA: 40:52:28, Rate: 9.8 cps, Current: -35, 184
[23:05:37] [Server thread/INFO]: [Chunky] Task running for world. Processed: 116411 chunks (7.44%), ETA: 39:54:39, Rate: 10.1 cps, Current: -34, 185
[23:05:38] [Server thread/INFO]: [Chunky] Task running for world. Processed: 116428 chunks (7.44%), ETA: 39:08:05, Rate: 10.3 cps, Current: -33, 188
[23:05:39] [Server thread/INFO]: [Chunky] Task running for world. Processed: 116445 chunks (7.44%), ETA: 38:12:36, Rate: 10.5 cps, Current: -39, 179
[23:05:40] [Server thread/INFO]: [Chunky] Task running for world. Processed: 116455 chunks (7.44%), ETA: 37:53:12, Rate: 10.6 cps, Current: -38, 178
[23:05:41] [Server thread/INFO]: [Chunky] Task running for world. Processed: 116467 chunks (7.44%), ETA: 37:05:42, Rate: 10.8 cps, Current: -38, 176
[23:05:43] [Server thread/INFO]: [Chunky] Task running for world. Processed: 116474 chunks (7.44%), ETA: 37:59:00, Rate: 10.6 cps, Current: -33, 179
[23:05:44] [Server thread/INFO]: [Chunky] Task running for world. Processed: 116477 chunks (7.44%), ETA: 42:25:28, Rate: 9.5 cps, Current: -34, 177
[23:05:46] [Server thread/INFO]: [Chunky] Task running for world. Processed: 116484 chunks (7.44%), ETA: 43:47:49, Rate: 9.2 cps, Current: -35, 172
[23:05:47] [Server thread/INFO]: [Chunky] Task running for world. Processed: 116495 chunks (7.44%), ETA: 43:31:26, Rate: 9.2 cps, Current: -35, 170
[23:05:48] [Server thread/INFO]: [Chunky] Task running for world. Processed: 116512 chunks (7.44%), ETA: 41:41:10, Rate: 9.7 cps, Current: -38, 175
[23:05:49] [Server thread/INFO]: [Chunky] Task running for world. Processed: 116515 chunks (7.45%), ETA: 43:38:22, Rate: 9.2 cps, Current: -33, 173
[23:05:50] [Server thread/INFO]: [Chunky] Task running for world. Processed: 116530 chunks (7.45%), ETA: 43:59:45, Rate: 9.1 cps, Current: -40, 175
[23:05:51] [Server thread/INFO]: [Chunky] Task running for world. Processed: 116545 chunks (7.45%), ETA: 43:32:08, Rate: 9.2 cps, Current: -42, 174
[23:05:52] [Server thread/INFO]: [Chunky] Task running for world. Processed: 116556 chunks (7.45%), ETA: 42:14:56, Rate: 9.5 cps, Current: -40, 172
[23:05:53] [Server thread/INFO]: [Chunky] Task running for world. Processed: 116587 chunks (7.45%), ETA: 41:06:14, Rate: 9.8 cps, Current: -41, 170
[23:05:55] [Server thread/INFO]: [Chunky] Task running for world. Processed: 116603 chunks (7.45%), ETA: 39:54:48, Rate: 10.1 cps, Current: -47, 168
[23:05:56] [Server thread/INFO]: [Chunky] Task running for world. Processed: 116610 chunks (7.45%), ETA: 41:08:20, Rate: 9.8 cps, Current: -42, 167
[23:05:57] [Server thread/INFO]: [Chunky] Task running for world. Processed: 116647 chunks (7.45%), ETA: 37:56:03, Rate: 10.6 cps, Current: -45, 160
[23:05:58] [Server thread/INFO]: [Chunky] Task running for world. Processed: 116673 chunks (7.46%), ETA: 35:39:46, Rate: 11.3 cps, Current: -40, 160
[23:05:59] [Server thread/INFO]: [Chunky] Task running for world. Processed: 116684 chunks (7.46%), ETA: 35:31:23, Rate: 11.3 cps, Current: -39, 161
[23:06:01] [Server thread/INFO]: [Chunky] Task running for world. Processed: 116723 chunks (7.46%), ETA: 32:45:06, Rate: 12.3 cps, Current: -34, 166
[23:06:02] [Server thread/INFO]: [Chunky] Task running for world. Processed: 116745 chunks (7.46%), ETA: 32:09:25, Rate: 12.5 cps, Current: -31, 161
[23:06:03] [Server thread/INFO]: [Chunky] Task running for world. Processed: 116755 chunks (7.46%), ETA: 31:48:57, Rate: 12.6 cps, Current: -30, 163
[23:06:04] [Server thread/INFO]: AL5PT issued server command: //set gold_block
[23:06:05] [Server thread/INFO]: [Chunky] Task running for world. Processed: 116778 chunks (7.46%), ETA: 30:43:33, Rate: 13.1 cps, Current: -29, 166
[23:06:06] [Server thread/INFO]: [Chunky] Task running for world. Processed: 116796 chunks (7.46%), ETA: 30:15:53, Rate: 13.3 cps, Current: -22, 160
[23:06:07] [Server thread/INFO]: [Chunky] Task running for world. Processed: 116805 chunks (7.46%), ETA: 31:11:55, Rate: 12.9 cps, Current: -21, 161
[23:06:08] [Server thread/INFO]: [Chunky] Task running for world. Processed: 116820 chunks (7.46%), ETA: 31:13:08, Rate: 12.9 cps, Current: -18, 161
[23:06:10] [Server thread/INFO]: [Chunky] Task running for world. Processed: 116842 chunks (7.47%), ETA: 30:48:19, Rate: 13.1 cps, Current: -18, 163
[23:06:12] [Server thread/INFO]: [Chunky] Task running for world. Processed: 116858 chunks (7.47%), ETA: 30:50:56, Rate: 13.0 cps, Current: -22, 167
[23:06:13] [Server thread/INFO]: [Chunky] Task running for world. Processed: 116879 chunks (7.47%), ETA: 29:06:28, Rate: 13.8 cps, Current: -18, 168
[23:06:15] [Server thread/INFO]: [Chunky] Task running for world. Processed: 116888 chunks (7.47%), ETA: 28:51:07, Rate: 13.9 cps, Current: -19, 172
[23:06:16] [Server thread/INFO]: [Chunky] Task running for world. Processed: 116898 chunks (7.47%), ETA: 28:54:33, Rate: 13.9 cps, Current: -21, 172
[23:06:17] [Server thread/INFO]: [Chunky] Task running for world. Processed: 116907 chunks (7.47%), ETA: 29:29:42, Rate: 13.6 cps, Current: -17, 171
[23:06:18] [Server thread/INFO]: [Chunky] Task running for world. Processed: 116913 chunks (7.47%), ETA: 30:04:20, Rate: 13.4 cps, Current: -20, 174
[23:06:19] [Server thread/INFO]: [Chunky] Task running for world. Processed: 116922 chunks (7.47%), ETA: 29:34:28, Rate: 13.6 cps, Current: -22, 174
[23:06:20] [Server thread/INFO]: AL5PT issued server command: //set 0
[23:06:20] [Server thread/INFO]: [Chunky] Task running for world. Processed: 116938 chunks (7.47%), ETA: 29:29:21, Rate: 13.6 cps, Current: -29, 168
[23:06:22] [Server thread/INFO]: [Chunky] Task running for world. Processed: 116957 chunks (7.47%), ETA: 29:12:21, Rate: 13.8 cps, Current: -22, 175
[23:06:23] [Server thread/INFO]: [Chunky] Task running for world. Processed: 116958 chunks (7.47%), ETA: 32:22:16, Rate: 12.4 cps, Current: -23, 175
[23:06:25] [Server thread/INFO]: [Chunky] Task running for world. Processed: 116964 chunks (7.47%), ETA: 32:31:22, Rate: 12.4 cps, Current: -24, 175
[23:06:26] [Server thread/INFO]: [Chunky] Task running for world. Processed: 116986 chunks (7.48%), ETA: 31:43:48, Rate: 12.7 cps, Current: -26, 175
[23:06:27] [Server thread/INFO]: [Chunky] Task running for world. Processed: 116993 chunks (7.48%), ETA: 36:21:42, Rate: 11.1 cps, Current: -32, 176
[23:06:29] [Server thread/INFO]: [Chunky] Task running for world. Processed: 116997 chunks (7.48%), ETA: 37:39:46, Rate: 10.7 cps, Current: -32, 179
[23:06:30] [Server thread/INFO]: [Chunky] Task running for world. Processed: 116998 chunks (7.48%), ETA: 42:42:41, Rate: 9.4 cps, Current: -30, 176
[23:06:31] [Server thread/INFO]: [Chunky] Task running for world. Processed: 117000 chunks (7.48%), ETA: 45:49:07, Rate: 8.8 cps, Current: -29, 176
[23:06:32] [Server thread/INFO]: [Chunky] Task running for world. Processed: 117017 chunks (7.48%), ETA: 44:34:32, Rate: 9.0 cps, Current: -27, 177
[23:06:34] [Server thread/INFO]: [Chunky] Task running for world. Processed: 117031 chunks (7.48%), ETA: 46:13:05, Rate: 8.7 cps, Current: -26, 177
[23:06:36] [Server thread/INFO]: [Chunky] Task running for world. Processed: 117035 chunks (7.48%), ETA: 49:53:24, Rate: 8.1 cps, Current: -26, 178
[23:06:38] [Server thread/INFO]: [Chunky] Task running for world. Processed: 117048 chunks (7.48%), ETA: 51:36:39, Rate: 7.8 cps, Current: -32, 186
[23:06:39] [Server thread/INFO]: [Chunky] Task running for world. Processed: 117055 chunks (7.48%), ETA: 54:17:32, Rate: 7.4 cps, Current: -32, 189
[23:06:40] [Server thread/INFO]: [Chunky] Task running for world. Processed: 117058 chunks (7.48%), ETA: 57:14:36, Rate: 7.0 cps, Current: -25, 179
[23:06:41] [Server thread/INFO]: [Chunky] Task running for world. Processed: 117071 chunks (7.48%), ETA: 55:39:08, Rate: 7.2 cps, Current: -25, 183
[23:06:43] [Server thread/INFO]: [Chunky] Task running for world. Processed: 117072 chunks (7.48%), ETA: 60:18:49, Rate: 6.7 cps, Current: -30, 185
[23:06:44] [Server thread/INFO]: AL5PT issued server command: //set 0
[23:06:44] [Server thread/INFO]: [Chunky] Task running for world. Processed: 117082 chunks (7.48%), ETA: 60:33:02, Rate: 6.6 cps, Current: -29, 188
[23:06:45] [Server thread/INFO]: [Chunky] Task running for world. Processed: 117089 chunks (7.48%), ETA: 61:31:02, Rate: 6.5 cps, Current: -30, 190
[23:06:46] [Server thread/INFO]: [Chunky] Task running for world. Processed: 117092 chunks (7.48%), ETA: 63:28:34, Rate: 6.3 cps, Current: -28, 189
[23:06:47] [Server thread/INFO]: [Chunky] Task running for world. Processed: 117099 chunks (7.48%), ETA: 63:26:46, Rate: 6.3 cps, Current: -26, 184
[23:06:48] [Server thread/INFO]: [Chunky] Task running for world. Processed: 117104 chunks (7.48%), ETA: 64:22:54, Rate: 6.2 cps, Current: -26, 185
[23:06:50] [Server thread/INFO]: [Chunky] Task running for world. Processed: 117109 chunks (7.48%), ETA: 69:30:41, Rate: 5.8 cps, Current: -26, 186
[23:06:52] [Server thread/INFO]: [Chunky] Task running for world. Processed: 117117 chunks (7.48%), ETA: 75:32:21, Rate: 5.3 cps, Current: -23, 184
[23:06:53] [Server thread/INFO]: [Chunky] Task running for world. Processed: 117128 chunks (7.48%), ETA: 69:49:56, Rate: 5.8 cps, Current: -25, 190
[23:06:54] [Server thread/INFO]: [Chunky] Task running for world. Processed: 117135 chunks (7.48%), ETA: 69:33:25, Rate: 5.8 cps, Current: -22, 187
[23:06:56] [Server thread/INFO]: [Chunky] Task running for world. Processed: 117139 chunks (7.48%), ETA: 78:14:43, Rate: 5.1 cps, Current: -22, 189
[23:06:57] [Server thread/INFO]: [Chunky] Task running for world. Processed: 117148 chunks (7.49%), ETA: 76:21:18, Rate: 5.3 cps, Current: -22, 190
[23:06:59] [Server thread/INFO]: [Chunky] Task running for world. Processed: 117151 chunks (7.49%), ETA: 77:41:27, Rate: 5.2 cps, Current: -19, 189
[23:07:00] [Server thread/INFO]: [Chunky] Task running for world. Processed: 117157 chunks (7.49%), ETA: 74:54:11, Rate: 5.4 cps, Current: -19, 187
[23:07:00] [Server thread/INFO]: AL5PT issued server command: //set gold_block
[23:07:01] [Server thread/INFO]: [Chunky] Task running for world. Processed: 117162 chunks (7.49%), ETA: 73:30:17, Rate: 5.5 cps, Current: -19, 186
[23:07:03] [Server thread/INFO]: [Chunky] Task running for world. Processed: 117168 chunks (7.49%), ETA: 83:10:18, Rate: 4.8 cps, Current: -19, 184
[23:07:04] [Server thread/INFO]: [Chunky] Task running for world. Processed: 117177 chunks (7.49%), ETA: 81:23:32, Rate: 4.9 cps, Current: -18, 186
[23:07:05] [Server thread/INFO]: [Chunky] Task running for world. Processed: 117179 chunks (7.49%), ETA: 81:33:28, Rate: 4.9 cps, Current: -19, 182
[23:07:06] [Server thread/INFO]: [Chunky] Task running for world. Processed: 117192 chunks (7.49%), ETA: 79:30:46, Rate: 5.1 cps, Current: -24, 179
[23:07:08] [Server thread/INFO]: [Chunky] Task running for world. Processed: 117214 chunks (7.49%), ETA: 73:04:22, Rate: 5.5 cps, Current: -17, 185
[23:07:09] [Server thread/INFO]: [Chunky] Task running for world. Processed: 117237 chunks (7.49%), ETA: 63:59:23, Rate: 6.3 cps, Current: -18, 176
[23:07:09] [Server thread/INFO]: AL5PT issued server command: //set gold_block
[23:07:11] [Server thread/INFO]: [Chunky] Task running for world. Processed: 117249 chunks (7.49%), ETA: 65:34:40, Rate: 6.1 cps, Current: -16, 176
[23:07:14] [Server thread/INFO]: [Chunky] Task running for world. Processed: 117251 chunks (7.49%), ETA: 69:57:20, Rate: 5.7 cps, Current: -16, 178
[23:07:15] [Server thread/INFO]: [Chunky] Task running for world. Processed: 117253 chunks (7.49%), ETA: 72:28:04, Rate: 5.5 cps, Current: -16, 179
[23:07:16] [Server thread/INFO]: [Chunky] Task running for world. Processed: 117262 chunks (7.49%), ETA: 69:49:50, Rate: 5.8 cps, Current: -13, 178
[23:07:16] [Server thread/INFO]: AL5PT issued server command: //set gold_block
[23:07:17] [Server thread/INFO]: [Chunky] Task running for world. Processed: 117267 chunks (7.49%), ETA: 70:26:07, Rate: 5.7 cps, Current: -14, 177
[23:07:19] [Server thread/INFO]: [Chunky] Task running for world. Processed: 117278 chunks (7.49%), ETA: 67:59:35, Rate: 5.9 cps, Current: -13, 177
[23:07:20] [Server thread/INFO]: [Chunky] Task running for world. Processed: 117287 chunks (7.49%), ETA: 67:56:02, Rate: 5.9 cps, Current: -10, 180
[23:07:21] [Server thread/INFO]: [Chunky] Task running for world. Processed: 117295 chunks (7.49%), ETA: 67:25:15, Rate: 6.0 cps, Current: -16, 183
[23:07:21] [Server thread/INFO]: AL5PT issued server command: //set gold_block
[23:07:23] [Server thread/INFO]: [Chunky] Task running for world. Processed: 117298 chunks (7.50%), ETA: 69:47:45, Rate: 5.8 cps, Current: -15, 183
[23:07:24] [Server thread/INFO]: [Chunky] Task running for world. Processed: 117304 chunks (7.50%), ETA: 69:51:47, Rate: 5.8 cps, Current: -9, 179
[23:07:25] [Server thread/INFO]: [Chunky] Task running for world. Processed: 117324 chunks (7.50%), ETA: 63:54:00, Rate: 6.3 cps, Current: -14, 184
[23:07:27] [Server thread/INFO]: [Chunky] Task running for world. Processed: 117330 chunks (7.50%), ETA: 63:06:43, Rate: 6.4 cps, Current: -13, 184
[23:07:28] [Server thread/INFO]: [Chunky] Task running for world. Processed: 117334 chunks (7.50%), ETA: 64:08:38, Rate: 6.3 cps, Current: -14, 189
[23:07:29] [Server thread/INFO]: [Chunky] Task running for world. Processed: 117345 chunks (7.50%), ETA: 62:18:07, Rate: 6.5 cps, Current: -11, 184
[23:07:30] [Server thread/INFO]: [Chunky] Task running for world. Processed: 117355 chunks (7.50%), ETA: 60:34:32, Rate: 6.6 cps, Current: -9, 184
[23:07:32] [Server thread/INFO]: [Chunky] Task running for world. Processed: 117361 chunks (7.50%), ETA: 60:23:49, Rate: 6.7 cps, Current: -9, 185
[23:07:33] [Server thread/INFO]: [Chunky] Task running for world. Processed: 117372 chunks (7.50%), ETA: 59:38:04, Rate: 6.7 cps, Current: -12, 191
[23:07:34] [Server thread/INFO]: [Chunky] Task running for world. Processed: 117386 chunks (7.50%), ETA: 54:59:49, Rate: 7.3 cps, Current: -7, 187
[23:07:35] [Server thread/INFO]: [Chunky] Task running for world. Processed: 117393 chunks (7.50%), ETA: 55:07:57, Rate: 7.3 cps, Current: -8, 190
[23:07:36] [Server thread/INFO]: [Chunky] Task running for world. Processed: 117405 chunks (7.50%), ETA: 55:26:59, Rate: 7.3 cps, Current: -8, 191
[23:07:37] [Server thread/INFO]: [Chunky] Task running for world. Processed: 117409 chunks (7.50%), ETA: 59:38:58, Rate: 6.7 cps, Current: -5, 190
[23:07:38] [Server thread/INFO]: [Chunky] Task running for world. Processed: 117420 chunks (7.50%), ETA: 63:32:45, Rate: 6.3 cps, Current: -2, 190
[23:07:39] [Server thread/INFO]: [Chunky] Task running for world. Processed: 117433 chunks (7.50%), ETA: 62:28:01, Rate: 6.4 cps, Current: -2, 186
[23:07:41] [Server thread/INFO]: [Chunky] Task running for world. Processed: 117446 chunks (7.50%), ETA: 55:50:55, Rate: 7.2 cps, Current: -2, 183
[23:07:42] [Server thread/INFO]: [Chunky] Task running for world. Processed: 117466 chunks (7.51%), ETA: 52:50:43, Rate: 7.6 cps, Current: -8, 176
[23:07:43] [Server thread/INFO]: [Chunky] Task running for world. Processed: 117475 chunks (7.51%), ETA: 52:39:15, Rate: 7.6 cps, Current: -5, 180
[23:07:44] [Server thread/INFO]: [Chunky] Task running for world. Processed: 117486 chunks (7.51%), ETA: 50:52:03, Rate: 7.9 cps, Current: -4, 178
[23:07:45] [Server thread/INFO]: [Chunky] Task running for world. Processed: 117493 chunks (7.51%), ETA: 51:07:31, Rate: 7.9 cps, Current: -5, 176
[23:07:47] [Server thread/INFO]: [Chunky] Task running for world. Processed: 117499 chunks (7.51%), ETA: 51:10:36, Rate: 7.9 cps, Current: -2, 178
[23:07:48] [Server thread/INFO]: [Chunky] Task running for world. Processed: 117501 chunks (7.51%), ETA: 51:53:37, Rate: 7.7 cps, Current: -3, 174
[23:07:49] [Server thread/INFO]: [Chunky] Task running for world. Processed: 117508 chunks (7.51%), ETA: 52:41:26, Rate: 7.6 cps, Current: -4, 174
[23:07:50] [Server thread/INFO]: [Chunky] Task running for world. Processed: 117520 chunks (7.51%), ETA: 51:55:36, Rate: 7.7 cps, Current: -2, 170
[23:07:52] [Server thread/INFO]: [Chunky] Task running for world. Processed: 117536 chunks (7.51%), ETA: 48:44:36, Rate: 8.2 cps, Current: -6, 175
[23:07:53] [Server thread/INFO]: [Chunky] Task running for world. Processed: 117540 chunks (7.51%), ETA: 49:37:19, Rate: 8.1 cps, Current: -1, 173
[23:07:54] [Server thread/INFO]: [Chunky] Task running for world. Processed: 117560 chunks (7.51%), ETA: 48:19:15, Rate: 8.3 cps, Current: -10, 175
[23:07:55] [Server thread/INFO]: [Chunky] Task running for world. Processed: 117572 chunks (7.51%), ETA: 47:50:55, Rate: 8.4 cps, Current: -11, 174
[23:07:56] [Server thread/INFO]: [Chunky] Task running for world. Processed: 117585 chunks (7.51%), ETA: 46:10:37, Rate: 8.7 cps, Current: -9, 173
[23:07:57] [Server thread/INFO]: [Chunky] Task running for world. Processed: 117618 chunks (7.52%), ETA: 41:40:30, Rate: 9.6 cps, Current: -16, 168
[23:07:59] [Server thread/INFO]: [Chunky] Task running for world. Processed: 117627 chunks (7.52%), ETA: 41:50:44, Rate: 9.6 cps, Current: -15, 168
[23:08:00] [Server thread/INFO]: [Chunky] Task running for world. Processed: 117641 chunks (7.52%), ETA: 41:15:03, Rate: 9.7 cps, Current: -16, 166
[23:08:01] [Server thread/INFO]: [Chunky] Task running for world. Processed: 117686 chunks (7.52%), ETA: 36:23:41, Rate: 11.0 cps, Current: -10, 160
[23:08:02] [Server thread/INFO]: [Chunky] Task running for world. Processed: 117700 chunks (7.52%), ETA: 35:57:14, Rate: 11.2 cps, Current: -8, 161
[23:08:04] [Server thread/INFO]: [Chunky] Task running for world. Processed: 117731 chunks (7.52%), ETA: 34:31:21, Rate: 11.6 cps, Current: -2, 167
[23:08:05] [Server thread/INFO]: [Chunky] Task running for world. Processed: 117748 chunks (7.52%), ETA: 33:31:31, Rate: 12.0 cps, Current: -2, 165
[23:08:06] [Server thread/INFO]: [Chunky] Task running for world. Processed: 117765 chunks (7.52%), ETA: 33:01:17, Rate: 12.2 cps, Current: 0, 162
[23:08:07] [Server thread/INFO]: [Chunky] Task running for world. Processed: 117773 chunks (7.53%), ETA: 32:55:10, Rate: 12.2 cps, Current: 1, 162
[23:08:08] [Server thread/INFO]: [Chunky] Task running for world. Processed: 117779 chunks (7.53%), ETA: 33:30:24, Rate: 12.0 cps, Current: 2, 163
[23:08:10] [Server thread/INFO]: [Chunky] Task running for world. Processed: 117802 chunks (7.53%), ETA: 32:54:43, Rate: 12.2 cps, Current: 3, 166
[23:08:11] [Server thread/INFO]: [Chunky] Task running for world. Processed: 117819 chunks (7.53%), ETA: 33:02:26, Rate: 12.2 cps, Current: 3, 167
[23:08:12] [Server thread/INFO]: [Chunky] Task running for world. Processed: 117826 chunks (7.53%), ETA: 33:31:51, Rate: 12.0 cps, Current: 15, 160
[23:08:13] [Server thread/INFO]: [Chunky] Task running for world. Processed: 117835 chunks (7.53%), ETA: 33:28:44, Rate: 12.0 cps, Current: 5, 167
[23:08:14] [Server thread/INFO]: [Chunky] Task running for world. Processed: 117856 chunks (7.53%), ETA: 32:13:34, Rate: 12.5 cps, Current: 15, 161
[23:08:16] [Server thread/INFO]: [Chunky] Task running for world. Processed: 117866 chunks (7.53%), ETA: 32:05:23, Rate: 12.5 cps, Current: 14, 163
[23:08:17] [Server thread/INFO]: [Chunky] Task running for world. Processed: 117879 chunks (7.53%), ETA: 31:07:26, Rate: 12.9 cps, Current: 15, 163
[23:08:18] [Server thread/INFO]: [Chunky] Task running for world. Processed: 117882 chunks (7.53%), ETA: 31:14:33, Rate: 12.9 cps, Current: 10, 167
[23:08:19] [Server thread/INFO]: [Chunky] Task running for world. Processed: 117893 chunks (7.53%), ETA: 31:16:20, Rate: 12.9 cps, Current: 13, 168
[23:08:21] [Server thread/INFO]: [Chunky] Task running for world. Processed: 117906 chunks (7.53%), ETA: 31:15:30, Rate: 12.9 cps, Current: 13, 170
[23:08:22] [Server thread/INFO]: [Chunky] Task running for world. Processed: 117911 chunks (7.53%), ETA: 31:57:54, Rate: 12.6 cps, Current: 15, 168
[23:08:23] [Server thread/INFO]: [Chunky] Task running for world. Processed: 117919 chunks (7.53%), ETA: 31:42:12, Rate: 12.7 cps, Current: 12, 172
[23:08:24] [Server thread/INFO]: [Chunky] Task running for world. Processed: 117928 chunks (7.54%), ETA: 32:36:17, Rate: 12.3 cps, Current: 14, 173
[23:08:25] [Server thread/INFO]: [Chunky] Task running for world. Processed: 117936 chunks (7.54%), ETA: 32:53:20, Rate: 12.2 cps, Current: 13, 174
[23:08:26] [Server thread/INFO]: [Chunky] Task running for world. Processed: 117946 chunks (7.54%), ETA: 35:21:54, Rate: 11.4 cps, Current: 10, 174
[23:08:28] [Server thread/INFO]: [Chunky] Task running for world. Processed: 117978 chunks (7.54%), ETA: 33:02:56, Rate: 12.2 cps, Current: 0, 169
[23:08:30] [Server thread/INFO]: [Chunky] Task running for world. Processed: 118017 chunks (7.54%), ETA: 31:49:36, Rate: 12.6 cps, Current: 0, 176
[23:08:31] [Server thread/INFO]: [Chunky] Task running for world. Processed: 118021 chunks (7.54%), ETA: 35:13:58, Rate: 11.4 cps, Current: 1, 176
[23:08:32] [Server thread/INFO]: [Chunky] Task running for world. Processed: 118024 chunks (7.54%), ETA: 36:23:18, Rate: 11.0 cps, Current: 3, 176
[23:08:33] [Server thread/INFO]: [Chunky] Task running for world. Processed: 118052 chunks (7.54%), ETA: 36:26:00, Rate: 11.0 cps, Current: 0, 181
[23:08:34] [Server thread/INFO]: [Chunky] Task running for world. Processed: 118059 chunks (7.54%), ETA: 37:48:53, Rate: 10.6 cps, Current: 6, 178
[23:08:35] [Server thread/INFO]: [Chunky] Task running for world. Processed: 118072 chunks (7.54%), ETA: 38:31:33, Rate: 10.4 cps, Current: 0, 186
[23:08:36] [Server thread/INFO]: [Chunky] Task running for world. Processed: 118082 chunks (7.55%), ETA: 38:06:59, Rate: 10.5 cps, Current: 1, 186
[23:08:37] [Server thread/INFO]: [Chunky] Task running for world. Processed: 118096 chunks (7.55%), ETA: 36:41:54, Rate: 11.0 cps, Current: 2, 185
[23:08:42] [Server thread/INFO]: [Chunky] Task running for world. Processed: 118100 chunks (7.55%), ETA: 42:51:48, Rate: 9.4 cps, Current: 3, 184
[23:08:43] [Server thread/INFO]: [Chunky] Task running for world. Processed: 118113 chunks (7.55%), ETA: 42:22:25, Rate: 9.5 cps, Current: 3, 189
[23:08:44] [Server thread/INFO]: [Chunky] Task running for world. Processed: 118123 chunks (7.55%), ETA: 43:46:21, Rate: 9.2 cps, Current: 6, 184
[23:08:45] [Server thread/INFO]: [Chunky] Task running for world. Processed: 118132 chunks (7.55%), ETA: 44:19:59, Rate: 9.1 cps, Current: 5, 190
[23:08:46] [Server thread/INFO]: [Chunky] Task running for world. Processed: 118141 chunks (7.55%), ETA: 45:04:44, Rate: 8.9 cps, Current: 9, 184
[23:08:47] [Server thread/INFO]: [Chunky] Task running for world. Processed: 118153 chunks (7.55%), ETA: 43:13:30, Rate: 9.3 cps, Current: 8, 189
[23:08:48] [Server thread/INFO]: [Chunky] Task running for world. Processed: 118161 chunks (7.55%), ETA: 43:27:59, Rate: 9.2 cps, Current: 10, 188
[23:08:50] [Server thread/INFO]: [Chunky] Task running for world. Processed: 118173 chunks (7.55%), ETA: 43:33:49, Rate: 9.2 cps, Current: 8, 191
[23:08:51] [Server thread/INFO]: [Chunky] Task running for world. Processed: 118180 chunks (7.55%), ETA: 43:41:30, Rate: 9.2 cps, Current: 9, 191
[23:08:52] [Server thread/INFO]: [Chunky] Task running for world. Processed: 118188 chunks (7.55%), ETA: 43:44:21, Rate: 9.2 cps, Current: 14, 190
[23:08:54] [Server thread/INFO]: [Chunky] Task running for world. Processed: 118201 chunks (7.55%), ETA: 43:45:32, Rate: 9.2 cps, Current: 14, 186
[23:08:55] [Server thread/INFO]: [Chunky] Task running for world. Processed: 118216 chunks (7.55%), ETA: 42:24:08, Rate: 9.5 cps, Current: 8, 179
[23:08:56] [Server thread/INFO]: [Chunky] Task running for world. Processed: 118239 chunks (7.56%), ETA: 40:24:43, Rate: 9.9 cps, Current: 10, 180
[23:08:57] [Server thread/INFO]: [Chunky] Task running for world. Processed: 118273 chunks (7.56%), ETA: 40:09:20, Rate: 10.0 cps, Current: 16, 176
[23:08:58] [Server thread/INFO]: [Chunky] Task running for world. Processed: 118274 chunks (7.56%), ETA: 44:42:08, Rate: 9.0 cps, Current: 16, 177
[23:09:00] [Server thread/INFO]: [Chunky] Task running for world. Processed: 118275 chunks (7.56%), ETA: 45:51:25, Rate: 8.8 cps, Current: 16, 178
[23:09:01] [Server thread/INFO]: [Chunky] Task running for world. Processed: 118279 chunks (7.56%), ETA: 45:48:06, Rate: 8.8 cps, Current: 18, 178
[23:09:02] [Server thread/INFO]: [Chunky] Task running for world. Processed: 118294 chunks (7.56%), ETA: 48:02:41, Rate: 8.4 cps, Current: 19, 181
[23:09:03] [Server thread/INFO]: [Chunky] Task running for world. Processed: 118305 chunks (7.56%), ETA: 47:01:44, Rate: 8.5 cps, Current: 18, 176
[23:09:04] [Server thread/INFO]: [Chunky] Task running for world. Processed: 118319 chunks (7.56%), ETA: 46:05:47, Rate: 8.7 cps, Current: 16, 183
[23:09:05] [Server thread/INFO]: [Chunky] Task running for world. Processed: 118322 chunks (7.56%), ETA: 47:39:55, Rate: 8.4 cps, Current: 17, 183
[23:09:06] [Server thread/INFO]: [Chunky] Task running for world. Processed: 118330 chunks (7.56%), ETA: 47:53:58, Rate: 8.4 cps, Current: 16, 187
[23:09:07] [Server thread/INFO]: [Chunky] Task running for world. Processed: 118349 chunks (7.56%), ETA: 47:06:05, Rate: 8.5 cps, Current: 17, 187
[23:09:08] [Server thread/INFO]: [Chunky] Task running for world. Processed: 118359 chunks (7.56%), ETA: 41:03:55, Rate: 9.8 cps, Current: 19, 185
[23:09:09] [Server thread/INFO]: [Chunky] Task running for world. Processed: 118373 chunks (7.56%), ETA: 40:30:24, Rate: 9.9 cps, Current: 20, 189
[23:09:11] [Server thread/INFO]: [Chunky] Task running for world. Processed: 118383 chunks (7.56%), ETA: 40:55:00, Rate: 9.8 cps, Current: 22, 185
[23:09:12] [Server thread/INFO]: [Chunky] Task running for world. Processed: 118394 chunks (7.57%), ETA: 41:17:26, Rate: 9.7 cps, Current: 23, 186
[23:09:13] [Server thread/INFO]: [Chunky] Task running for world. Processed: 118404 chunks (7.57%), ETA: 41:26:29, Rate: 9.7 cps, Current: 26, 185
[23:09:14] [Server thread/INFO]: [Chunky] Task running for world. Processed: 118415 chunks (7.57%), ETA: 40:58:15, Rate: 9.8 cps, Current: 26, 187
[23:09:15] [Server thread/INFO]: [Chunky] Task running for world. Processed: 118429 chunks (7.57%), ETA: 40:15:12, Rate: 10.0 cps, Current: 24, 191
[23:09:17] [Server thread/INFO]: [Chunky] Task running for world. Processed: 118436 chunks (7.57%), ETA: 40:55:44, Rate: 9.8 cps, Current: 25, 191
[23:09:18] [Server thread/INFO]: [Chunky] Task running for world. Processed: 118446 chunks (7.57%), ETA: 41:08:19, Rate: 9.8 cps, Current: 27, 191
[23:09:19] [Server thread/INFO]: [Chunky] Task running for world. Processed: 118457 chunks (7.57%), ETA: 40:55:19, Rate: 9.8 cps, Current: 28, 191
[23:09:20] [Server thread/INFO]: [Chunky] Task running for world. Processed: 118470 chunks (7.57%), ETA: 40:48:25, Rate: 9.8 cps, Current: 30, 183
[23:09:21] [Server thread/INFO]: [Chunky] Task running for world. Processed: 118490 chunks (7.57%), ETA: 38:37:20, Rate: 10.4 cps, Current: 31, 184
[23:09:22] [Server thread/INFO]: [Chunky] Task running for world. Processed: 118501 chunks (7.57%), ETA: 38:35:09, Rate: 10.4 cps, Current: 29, 180
[23:09:23] [Server thread/INFO]: [Chunky] Task running for world. Processed: 118515 chunks (7.57%), ETA: 37:53:09, Rate: 10.6 cps, Current: 26, 176
[23:09:25] [Server thread/INFO]: [Chunky] Task running for world. Processed: 118522 chunks (7.57%), ETA: 37:58:34, Rate: 10.6 cps, Current: 31, 179
[23:09:26] [Server thread/INFO]: [Chunky] Task running for world. Processed: 118525 chunks (7.57%), ETA: 42:19:17, Rate: 9.5 cps, Current: 30, 177
[23:09:28] [Server thread/INFO]: [Chunky] Task running for world. Processed: 118532 chunks (7.57%), ETA: 45:25:23, Rate: 8.8 cps, Current: 29, 172
[23:09:29] [Server thread/INFO]: [Chunky] Task running for world. Processed: 118546 chunks (7.57%), ETA: 42:51:10, Rate: 9.4 cps, Current: 31, 176
[23:09:31] [Server thread/INFO]: [Chunky] Task running for world. Processed: 118563 chunks (7.58%), ETA: 42:06:16, Rate: 9.5 cps, Current: 31, 173
[23:09:31] [Paper Common Worker #0/ERROR]: Failed to parse jigsaw replacement state 'minecrat:dripstone_block' at BlockPos{x=523, y=-115, z=2677}: Unknown block type 'minecrat:dripstone_block' at position 0: <--[HERE]
[23:09:31] [Paper Common Worker #0/ERROR]: Failed to parse jigsaw replacement state 'minecrat:dripstone_block' at BlockPos{x=523, y=-115, z=2677}: Unknown block type 'minecrat:dripstone_block' at position 0: <--[HERE]
[23:09:31] [Paper Common Worker #0/ERROR]: Failed to parse jigsaw replacement state 'minecrat:dripstone_block' at BlockPos{x=523, y=-115, z=2677}: Unknown block type 'minecrat:dripstone_block' at position 0: <--[HERE]
[23:09:31] [Paper Common Worker #0/ERROR]: Failed to parse jigsaw replacement state 'minecrat:dripstone_block' at BlockPos{x=523, y=-115, z=2677}: Unknown block type 'minecrat:dripstone_block' at position 0: <--[HERE]
[23:09:31] [Paper Common Worker #0/ERROR]: Failed to parse jigsaw replacement state 'minecrat:dripstone_block' at BlockPos{x=492, y=-115, z=2681}: Unknown block type 'minecrat:dripstone_block' at position 0: <--[HERE]
[23:09:31] [Paper Common Worker #0/ERROR]: Failed to parse jigsaw replacement state 'minecrat:dripstone_block' at BlockPos{x=492, y=-115, z=2681}: Unknown block type 'minecrat:dripstone_block' at position 0: <--[HERE]
[23:09:31] [Paper Common Worker #0/ERROR]: Failed to parse jigsaw replacement state 'minecrat:dripstone_block' at BlockPos{x=492, y=-115, z=2681}: Unknown block type 'minecrat:dripstone_block' at position 0: <--[HERE]
[23:09:31] [Paper Common Worker #0/ERROR]: Failed to parse jigsaw replacement state 'minecrat:dripstone_block' at BlockPos{x=492, y=-115, z=2681}: Unknown block type 'minecrat:dripstone_block' at position 0: <--[HERE]
[23:09:31] [Paper Common Worker #0/ERROR]: Failed to parse jigsaw replacement state 'minecrat:dripstone_block' at BlockPos{x=524, y=-115, z=2681}: Unknown block type 'minecrat:dripstone_block' at position 0: <--[HERE]
[23:09:31] [Paper Common Worker #0/ERROR]: Failed to parse jigsaw replacement state 'minecrat:dripstone_block' at BlockPos{x=524, y=-115, z=2681}: Unknown block type 'minecrat:dripstone_block' at position 0: <--[HERE]
[23:09:31] [Paper Common Worker #0/ERROR]: Failed to parse jigsaw replacement state 'minecrat:dripstone_block' at BlockPos{x=524, y=-115, z=2681}: Unknown block type 'minecrat:dripstone_block' at position 0: <--[HERE]
[23:09:31] [Paper Common Worker #0/ERROR]: Failed to parse jigsaw replacement state 'minecrat:dripstone_block' at BlockPos{x=524, y=-115, z=2681}: Unknown block type 'minecrat:dripstone_block' at position 0: <--[HERE]
[23:09:31] [Paper Common Worker #0/ERROR]: Failed to parse jigsaw replacement state 'minecrat:dripstone_block' at BlockPos{x=523, y=-115, z=2677}: Unknown block type 'minecrat:dripstone_block' at position 0: <--[HERE]
[23:09:31] [Paper Common Worker #0/ERROR]: Failed to parse jigsaw replacement state 'minecrat:dripstone_block' at BlockPos{x=523, y=-115, z=2677}: Unknown block type 'minecrat:dripstone_block' at position 0: <--[HERE]
[23:09:31] [Paper Common Worker #0/ERROR]: Failed to parse jigsaw replacement state 'minecrat:dripstone_block' at BlockPos{x=523, y=-115, z=2677}: Unknown block type 'minecrat:dripstone_block' at position 0: <--[HERE]
[23:09:31] [Paper Common Worker #0/ERROR]: Failed to parse jigsaw replacement state 'minecrat:dripstone_block' at BlockPos{x=523, y=-115, z=2677}: Unknown block type 'minecrat:dripstone_block' at position 0: <--[HERE]
[23:09:32] [Server thread/INFO]: [Chunky] Task running for world. Processed: 118586 chunks (7.58%), ETA: 41:20:52, Rate: 9.7 cps, Current: 20, 175
[23:09:33] [Server thread/INFO]: [Chunky] Task running for world. Processed: 118603 chunks (7.58%), ETA: 41:25:56, Rate: 9.7 cps, Current: 25, 168
[23:09:34] [Server thread/INFO]: [Chunky] Task running for world. Processed: 118632 chunks (7.58%), ETA: 37:55:07, Rate: 10.6 cps, Current: 20, 171
[23:09:35] [Server thread/INFO]: [Chunky] Task running for world. Processed: 118648 chunks (7.58%), ETA: 36:55:51, Rate: 10.9 cps, Current: 21, 169
[23:09:36] [Craft Scheduler Thread - 107 - nonchat/INFO]: 
• Usa /sethome para guardar tu casa •

[23:09:36] [Server thread/INFO]: [Chunky] Task running for world. Processed: 118657 chunks (7.58%), ETA: 38:01:09, Rate: 10.6 cps, Current: 23, 167
[23:09:37] [Server thread/INFO]: [Chunky] Task running for world. Processed: 118683 chunks (7.58%), ETA: 36:09:10, Rate: 11.1 cps, Current: 22, 166
[23:09:39] [Server thread/INFO]: [Chunky] Task running for world. Processed: 118721 chunks (7.59%), ETA: 34:04:28, Rate: 11.8 cps, Current: 24, 160
[23:09:40] [Server thread/INFO]: [Chunky] Task running for world. Processed: 118755 chunks (7.59%), ETA: 32:02:34, Rate: 12.5 cps, Current: 30, 167
[23:09:42] [Server thread/INFO]: [Chunky] Task running for world. Processed: 118778 chunks (7.59%), ETA: 30:54:18, Rate: 13.0 cps, Current: 31, 160
[23:09:42] [Paper Common Worker #0/ERROR]: Failed to parse jigsaw replacement state 'minecrat:dripstone_block' at BlockPos{x=561, y=-115, z=2677}: Unknown block type 'minecrat:dripstone_block' at position 0: <--[HERE]
[23:09:42] [Paper Common Worker #0/ERROR]: Failed to parse jigsaw replacement state 'minecrat:dripstone_block' at BlockPos{x=561, y=-115, z=2677}: Unknown block type 'minecrat:dripstone_block' at position 0: <--[HERE]
[23:09:42] [Paper Common Worker #0/ERROR]: Failed to parse jigsaw replacement state 'minecrat:dripstone_block' at BlockPos{x=561, y=-115, z=2677}: Unknown block type 'minecrat:dripstone_block' at position 0: <--[HERE]
[23:09:42] [Paper Common Worker #0/ERROR]: Failed to parse jigsaw replacement state 'minecrat:dripstone_block' at BlockPos{x=561, y=-115, z=2677}: Unknown block type 'minecrat:dripstone_block' at position 0: <--[HERE]
[23:09:42] [Paper Common Worker #0/ERROR]: Failed to parse jigsaw replacement state 'minecrat:dripstone_block' at BlockPos{x=524, y=-115, z=2681}: Unknown block type 'minecrat:dripstone_block' at position 0: <--[HERE]
[23:09:42] [Paper Common Worker #0/ERROR]: Failed to parse jigsaw replacement state 'minecrat:dripstone_block' at BlockPos{x=524, y=-115, z=2681}: Unknown block type 'minecrat:dripstone_block' at position 0: <--[HERE]
[23:09:42] [Paper Common Worker #0/ERROR]: Failed to parse jigsaw replacement state 'minecrat:dripstone_block' at BlockPos{x=524, y=-115, z=2681}: Unknown block type 'minecrat:dripstone_block' at position 0: <--[HERE]
[23:09:42] [Paper Common Worker #0/ERROR]: Failed to parse jigsaw replacement state 'minecrat:dripstone_block' at BlockPos{x=524, y=-115, z=2681}: Unknown block type 'minecrat:dripstone_block' at position 0: <--[HERE]
[23:09:43] [Paper Common Worker #0/ERROR]: Failed to parse jigsaw replacement state 'minecrat:dripstone_block' at BlockPos{x=571, y=-115, z=2639}: Unknown block type 'minecrat:dripstone_block' at position 0: <--[HERE]
[23:09:43] [Paper Common Worker #0/ERROR]: Failed to parse jigsaw replacement state 'minecrat:dripstone_block' at BlockPos{x=571, y=-115, z=2639}: Unknown block type 'minecrat:dripstone_block' at position 0: <--[HERE]
[23:09:43] [Paper Common Worker #0/ERROR]: Failed to parse jigsaw replacement state 'minecrat:dripstone_block' at BlockPos{x=571, y=-115, z=2639}: Unknown block type 'minecrat:dripstone_block' at position 0: <--[HERE]
[23:09:43] [Paper Common Worker #0/ERROR]: Failed to parse jigsaw replacement state 'minecrat:dripstone_block' at BlockPos{x=571, y=-115, z=2639}: Unknown block type 'minecrat:dripstone_block' at position 0: <--[HERE]
[23:09:43] [Paper Common Worker #0/ERROR]: Failed to parse jigsaw replacement state 'minecrat:dripstone_block' at BlockPos{x=567, y=-115, z=2608}: Unknown block type 'minecrat:dripstone_block' at position 0: <--[HERE]
[23:09:43] [Paper Common Worker #0/ERROR]: Failed to parse jigsaw replacement state 'minecrat:dripstone_block' at BlockPos{x=567, y=-115, z=2608}: Unknown block type 'minecrat:dripstone_block' at position 0: <--[HERE]
[23:09:43] [Paper Common Worker #0/ERROR]: Block-attached entity at invalid position: BlockPos{x=78, y=-53, z=-180}
[23:09:43] [Paper Common Worker #0/ERROR]: Block-attached entity at invalid position: BlockPos{x=78, y=-52, z=-181}
[23:09:43] [Server thread/INFO]: [Chunky] Task running for world. Processed: 118793 chunks (7.59%), ETA: 30:53:40, Rate: 13.0 cps, Current: 33, 161
[23:09:43] [Paper Common Worker #0/ERROR]: Failed to parse jigsaw replacement state 'minecrat:dripstone_block' at BlockPos{x=571, y=-115, z=2639}: Unknown block type 'minecrat:dripstone_block' at position 0: <--[HERE]
[23:09:43] [Paper Common Worker #0/ERROR]: Failed to parse jigsaw replacement state 'minecrat:dripstone_block' at BlockPos{x=571, y=-115, z=2639}: Unknown block type 'minecrat:dripstone_block' at position 0: <--[HERE]
[23:09:43] [Paper Common Worker #0/ERROR]: Failed to parse jigsaw replacement state 'minecrat:dripstone_block' at BlockPos{x=571, y=-115, z=2639}: Unknown block type 'minecrat:dripstone_block' at position 0: <--[HERE]
[23:09:43] [Paper Common Worker #0/ERROR]: Failed to parse jigsaw replacement state 'minecrat:dripstone_block' at BlockPos{x=571, y=-115, z=2639}: Unknown block type 'minecrat:dripstone_block' at position 0: <--[HERE]
[23:09:43] [Paper Common Worker #0/ERROR]: Failed to parse jigsaw replacement state 'minecrat:dripstone_block' at BlockPos{x=567, y=-115, z=2653}: Unknown block type 'minecrat:dripstone_block' at position 0: <--[HERE]
[23:09:43] [Paper Common Worker #0/ERROR]: Failed to parse jigsaw replacement state 'minecrat:dripstone_block' at BlockPos{x=567, y=-115, z=2653}: Unknown block type 'minecrat:dripstone_block' at position 0: <--[HERE]
[23:09:43] [Paper Common Worker #0/ERROR]: Failed to parse jigsaw replacement state 'minecrat:dripstone_block' at BlockPos{x=567, y=-115, z=2653}: Unknown block type 'minecrat:dripstone_block' at position 0: <--[HERE]
[23:09:43] [Paper Common Worker #0/ERROR]: Failed to parse jigsaw replacement state 'minecrat:dripstone_block' at BlockPos{x=567, y=-115, z=2653}: Unknown block type 'minecrat:dripstone_block' at position 0: <--[HERE]
[23:09:43] [Paper Common Worker #0/ERROR]: Failed to parse jigsaw replacement state 'minecrat:dripstone_block' at BlockPos{x=571, y=-115, z=2652}: Unknown block type 'minecrat:dripstone_block' at position 0: <--[HERE]
[23:09:43] [Paper Common Worker #0/ERROR]: Failed to parse jigsaw replacement state 'minecrat:dripstone_block' at BlockPos{x=571, y=-115, z=2652}: Unknown block type 'minecrat:dripstone_block' at position 0: <--[HERE]
[23:09:43] [Paper Common Worker #0/ERROR]: Failed to parse jigsaw replacement state 'minecrat:dripstone_block' at BlockPos{x=589, y=-115, z=2626}: Unknown block type 'minecrat:dripstone_block' at position 0: <--[HERE]
[23:09:43] [Paper Common Worker #0/ERROR]: Failed to parse jigsaw replacement state 'minecrat:dripstone_block' at BlockPos{x=589, y=-115, z=2626}: Unknown block type 'minecrat:dripstone_block' at position 0: <--[HERE]
[23:09:43] [Paper Common Worker #0/ERROR]: Failed to parse jigsaw replacement state 'minecrat:dripstone_block' at BlockPos{x=589, y=-115, z=2626}: Unknown block type 'minecrat:dripstone_block' at position 0: <--[HERE]
[23:09:43] [Paper Common Worker #0/ERROR]: Failed to parse jigsaw replacement state 'minecrat:dripstone_block' at BlockPos{x=593, y=-115, z=2645}: Unknown block type 'minecrat:dripstone_block' at position 0: <--[HERE]
[23:09:43] [Paper Common Worker #0/ERROR]: Failed to parse jigsaw replacement state 'minecrat:dripstone_block' at BlockPos{x=593, y=-115, z=2645}: Unknown block type 'minecrat:dripstone_block' at position 0: <--[HERE]
[23:09:43] [Paper Common Worker #0/ERROR]: Failed to parse jigsaw replacement state 'minecrat:dripstone_block' at BlockPos{x=593, y=-115, z=2645}: Unknown block type 'minecrat:dripstone_block' at position 0: <--[HERE]
[23:09:43] [Paper Common Worker #0/ERROR]: Failed to parse jigsaw replacement state 'minecrat:dripstone_block' at BlockPos{x=593, y=-115, z=2645}: Unknown block type 'minecrat:dripstone_block' at position 0: <--[HERE]
[23:09:43] [Paper Common Worker #0/ERROR]: Block-attached entity at invalid position: BlockPos{x=78, y=-53, z=-180}
[23:09:43] [Paper Common Worker #0/ERROR]: Block-attached entity at invalid position: BlockPos{x=78, y=-52, z=-181}
[23:09:43] [Paper Common Worker #0/ERROR]: Failed to parse jigsaw replacement state 'minecrat:dripstone_block' at BlockPos{x=589, y=-115, z=2626}: Unknown block type 'minecrat:dripstone_block' at position 0: <--[HERE]
[23:09:43] [Paper Common Worker #0/ERROR]: Failed to parse jigsaw replacement state 'minecrat:dripstone_block' at BlockPos{x=589, y=-115, z=2626}: Unknown block type 'minecrat:dripstone_block' at position 0: <--[HERE]
[23:09:43] [Paper Common Worker #0/ERROR]: Failed to parse jigsaw replacement state 'minecrat:dripstone_block' at BlockPos{x=589, y=-115, z=2626}: Unknown block type 'minecrat:dripstone_block' at position 0: <--[HERE]
[23:09:43] [Paper Common Worker #0/ERROR]: Failed to parse jigsaw replacement state 'minecrat:dripstone_block' at BlockPos{x=593, y=-115, z=2664}: Unknown block type 'minecrat:dripstone_block' at position 0: <--[HERE]
[23:09:43] [Paper Common Worker #0/ERROR]: Failed to parse jigsaw replacement state 'minecrat:dripstone_block' at BlockPos{x=593, y=-115, z=2664}: Unknown block type 'minecrat:dripstone_block' at position 0: <--[HERE]
[23:09:43] [Paper Common Worker #0/ERROR]: Failed to parse jigsaw replacement state 'minecrat:dripstone_block' at BlockPos{x=593, y=-115, z=2664}: Unknown block type 'minecrat:dripstone_block' at position 0: <--[HERE]
[23:09:43] [Paper Common Worker #0/ERROR]: Failed to parse jigsaw replacement state 'minecrat:dripstone_block' at BlockPos{x=593, y=-115, z=2664}: Unknown block type 'minecrat:dripstone_block' at position 0: <--[HERE]
[23:09:43] [Paper Common Worker #0/ERROR]: Block-attached entity at invalid position: BlockPos{x=78, y=-53, z=-180}
[23:09:43] [Paper Common Worker #0/ERROR]: Block-attached entity at invalid position: BlockPos{x=78, y=-52, z=-181}
[23:09:43] [Paper Common Worker #0/ERROR]: Failed to parse jigsaw replacement state 'minecrat:dripstone_block' at BlockPos{x=593, y=-115, z=2645}: Unknown block type 'minecrat:dripstone_block' at position 0: <--[HERE]
[23:09:43] [Paper Common Worker #0/ERROR]: Failed to parse jigsaw replacement state 'minecrat:dripstone_block' at BlockPos{x=593, y=-115, z=2645}: Unknown block type 'minecrat:dripstone_block' at position 0: <--[HERE]
[23:09:43] [Paper Common Worker #0/ERROR]: Failed to parse jigsaw replacement state 'minecrat:dripstone_block' at BlockPos{x=593, y=-115, z=2645}: Unknown block type 'minecrat:dripstone_block' at position 0: <--[HERE]
[23:09:43] [Paper Common Worker #0/ERROR]: Failed to parse jigsaw replacement state 'minecrat:dripstone_block' at BlockPos{x=593, y=-115, z=2645}: Unknown block type 'minecrat:dripstone_block' at position 0: <--[HERE]
[23:09:44] [Paper Common Worker #0/ERROR]: Failed to parse jigsaw replacement state 'minecrat:dripstone_block' at BlockPos{x=567, y=-115, z=2653}: Unknown block type 'minecrat:dripstone_block' at position 0: <--[HERE]
[23:09:44] [Paper Common Worker #0/ERROR]: Failed to parse jigsaw replacement state 'minecrat:dripstone_block' at BlockPos{x=567, y=-115, z=2653}: Unknown block type 'minecrat:dripstone_block' at position 0: <--[HERE]
[23:09:44] [Paper Common Worker #0/ERROR]: Failed to parse jigsaw replacement state 'minecrat:dripstone_block' at BlockPos{x=567, y=-115, z=2653}: Unknown block type 'minecrat:dripstone_block' at position 0: <--[HERE]
[23:09:44] [Paper Common Worker #0/ERROR]: Failed to parse jigsaw replacement state 'minecrat:dripstone_block' at BlockPos{x=567, y=-115, z=2653}: Unknown block type 'minecrat:dripstone_block' at position 0: <--[HERE]
[23:09:45] [Paper Common Worker #0/ERROR]: Failed to parse jigsaw replacement state 'minecrat:dripstone_block' at BlockPos{x=589, y=-115, z=2626}: Unknown block type 'minecrat:dripstone_block' at position 0: <--[HERE]
[23:09:45] [Paper Common Worker #0/ERROR]: Failed to parse jigsaw replacement state 'minecrat:dripstone_block' at BlockPos{x=589, y=-115, z=2626}: Unknown block type 'minecrat:dripstone_block' at position 0: <--[HERE]
[23:09:45] [Paper Common Worker #0/ERROR]: Failed to parse jigsaw replacement state 'minecrat:dripstone_block' at BlockPos{x=589, y=-115, z=2626}: Unknown block type 'minecrat:dripstone_block' at position 0: <--[HERE]
[23:09:45] [Paper Common Worker #0/ERROR]: Failed to parse jigsaw replacement state 'minecrat:dripstone_block' at BlockPos{x=593, y=-115, z=2645}: Unknown block type 'minecrat:dripstone_block' at position 0: <--[HERE]
[23:09:45] [Paper Common Worker #0/ERROR]: Failed to parse jigsaw replacement state 'minecrat:dripstone_block' at BlockPos{x=593, y=-115, z=2645}: Unknown block type 'minecrat:dripstone_block' at position 0: <--[HERE]
[23:09:45] [Paper Common Worker #0/ERROR]: Failed to parse jigsaw replacement state 'minecrat:dripstone_block' at BlockPos{x=593, y=-115, z=2645}: Unknown block type 'minecrat:dripstone_block' at position 0: <--[HERE]
[23:09:45] [Paper Common Worker #0/ERROR]: Failed to parse jigsaw replacement state 'minecrat:dripstone_block' at BlockPos{x=593, y=-115, z=2645}: Unknown block type 'minecrat:dripstone_block' at position 0: <--[HERE]
[23:09:45] [Paper Common Worker #0/ERROR]: Failed to parse jigsaw replacement state 'minecrat:dripstone_block' at BlockPos{x=589, y=-115, z=2626}: Unknown block type 'minecrat:dripstone_block' at position 0: <--[HERE]
[23:09:45] [Paper Common Worker #0/ERROR]: Failed to parse jigsaw replacement state 'minecrat:dripstone_block' at BlockPos{x=589, y=-115, z=2626}: Unknown block type 'minecrat:dripstone_block' at position 0: <--[HERE]
[23:09:45] [Paper Common Worker #0/ERROR]: Failed to parse jigsaw replacement state 'minecrat:dripstone_block' at BlockPos{x=589, y=-115, z=2626}: Unknown block type 'minecrat:dripstone_block' at position 0: <--[HERE]
[23:09:45] [Paper Common Worker #0/ERROR]: Block-attached entity at invalid position: BlockPos{x=78, y=-53, z=-180}
[23:09:45] [Paper Common Worker #0/ERROR]: Block-attached entity at invalid position: BlockPos{x=78, y=-52, z=-181}
[23:09:45] [Paper Common Worker #0/ERROR]: Failed to parse jigsaw replacement state 'minecrat:dripstone_block' at BlockPos{x=593, y=-115, z=2664}: Unknown block type 'minecrat:dripstone_block' at position 0: <--[HERE]
[23:09:45] [Paper Common Worker #0/ERROR]: Failed to parse jigsaw replacement state 'minecrat:dripstone_block' at BlockPos{x=593, y=-115, z=2664}: Unknown block type 'minecrat:dripstone_block' at position 0: <--[HERE]
[23:09:45] [Paper Common Worker #0/ERROR]: Failed to parse jigsaw replacement state 'minecrat:dripstone_block' at BlockPos{x=593, y=-115, z=2664}: Unknown block type 'minecrat:dripstone_block' at position 0: <--[HERE]
[23:09:45] [Paper Common Worker #0/ERROR]: Failed to parse jigsaw replacement state 'minecrat:dripstone_block' at BlockPos{x=593, y=-115, z=2664}: Unknown block type 'minecrat:dripstone_block' at position 0: <--[HERE]
[23:09:45] [Paper Common Worker #0/ERROR]: Failed to parse jigsaw replacement state 'minecrat:dripstone_block' at BlockPos{x=593, y=-115, z=2645}: Unknown block type 'minecrat:dripstone_block' at position 0: <--[HERE]
[23:09:45] [Paper Common Worker #0/ERROR]: Failed to parse jigsaw replacement state 'minecrat:dripstone_block' at BlockPos{x=593, y=-115, z=2645}: Unknown block type 'minecrat:dripstone_block' at position 0: <--[HERE]
[23:09:45] [Paper Common Worker #0/ERROR]: Failed to parse jigsaw replacement state 'minecrat:dripstone_block' at BlockPos{x=593, y=-115, z=2645}: Unknown block type 'minecrat:dripstone_block' at position 0: <--[HERE]
[23:09:45] [Paper Common Worker #0/ERROR]: Failed to parse jigsaw replacement state 'minecrat:dripstone_block' at BlockPos{x=593, y=-115, z=2645}: Unknown block type 'minecrat:dripstone_block' at position 0: <--[HERE]
[23:09:45] [Server thread/INFO]: [Chunky] Task running for world. Processed: 118803 chunks (7.59%), ETA: 31:16:54, Rate: 12.8 cps, Current: 34, 163
[23:09:45] [Paper Common Worker #0/ERROR]: Failed to parse jigsaw replacement state 'minecrat:dripstone_block' at BlockPos{x=561, y=-115, z=2677}: Unknown block type 'minecrat:dripstone_block' at position 0: <--[HERE]
[23:09:45] [Paper Common Worker #0/ERROR]: Failed to parse jigsaw replacement state 'minecrat:dripstone_block' at BlockPos{x=561, y=-115, z=2677}: Unknown block type 'minecrat:dripstone_block' at position 0: <--[HERE]
[23:09:45] [Paper Common Worker #0/ERROR]: Failed to parse jigsaw replacement state 'minecrat:dripstone_block' at BlockPos{x=561, y=-115, z=2677}: Unknown block type 'minecrat:dripstone_block' at position 0: <--[HERE]
[23:09:45] [Paper Common Worker #0/ERROR]: Failed to parse jigsaw replacement state 'minecrat:dripstone_block' at BlockPos{x=561, y=-115, z=2677}: Unknown block type 'minecrat:dripstone_block' at position 0: <--[HERE]
[23:09:45] [Paper Common Worker #0/ERROR]: Failed to parse jigsaw replacement state 'minecrat:dripstone_block' at BlockPos{x=593, y=-115, z=2665}: Unknown block type 'minecrat:dripstone_block' at position 0: <--[HERE]
[23:09:45] [Paper Common Worker #0/ERROR]: Failed to parse jigsaw replacement state 'minecrat:dripstone_block' at BlockPos{x=593, y=-115, z=2665}: Unknown block type 'minecrat:dripstone_block' at position 0: <--[HERE]
[23:09:45] [Paper Common Worker #0/ERROR]: Failed to parse jigsaw replacement state 'minecrat:dripstone_block' at BlockPos{x=593, y=-115, z=2665}: Unknown block type 'minecrat:dripstone_block' at position 0: <--[HERE]
[23:09:45] [Paper Common Worker #0/ERROR]: Failed to parse jigsaw replacement state 'minecrat:dripstone_block' at BlockPos{x=593, y=-115, z=2664}: Unknown block type 'minecrat:dripstone_block' at position 0: <--[HERE]
[23:09:45] [Paper Common Worker #0/ERROR]: Failed to parse jigsaw replacement state 'minecrat:dripstone_block' at BlockPos{x=593, y=-115, z=2664}: Unknown block type 'minecrat:dripstone_block' at position 0: <--[HERE]
[23:09:45] [Paper Common Worker #0/ERROR]: Failed to parse jigsaw replacement state 'minecrat:dripstone_block' at BlockPos{x=593, y=-115, z=2664}: Unknown block type 'minecrat:dripstone_block' at position 0: <--[HERE]
[23:09:45] [Paper Common Worker #0/ERROR]: Failed to parse jigsaw replacement state 'minecrat:dripstone_block' at BlockPos{x=593, y=-115, z=2664}: Unknown block type 'minecrat:dripstone_block' at position 0: <--[HERE]
[23:09:45] [Paper Common Worker #0/ERROR]: Failed to parse jigsaw replacement state 'minecrat:dripstone_block' at BlockPos{x=593, y=-115, z=2665}: Unknown block type 'minecrat:dripstone_block' at position 0: <--[HERE]
[23:09:45] [Paper Common Worker #0/ERROR]: Failed to parse jigsaw replacement state 'minecrat:dripstone_block' at BlockPos{x=593, y=-115, z=2665}: Unknown block type 'minecrat:dripstone_block' at position 0: <--[HERE]
[23:09:45] [Paper Common Worker #0/ERROR]: Failed to parse jigsaw replacement state 'minecrat:dripstone_block' at BlockPos{x=593, y=-115, z=2665}: Unknown block type 'minecrat:dripstone_block' at position 0: <--[HERE]
[23:09:45] [Paper Common Worker #0/ERROR]: Block-attached entity at invalid position: BlockPos{x=78, y=-53, z=-180}
[23:09:45] [Paper Common Worker #0/ERROR]: Block-attached entity at invalid position: BlockPos{x=78, y=-52, z=-181}
[23:09:45] [Paper Common Worker #0/ERROR]: Failed to parse jigsaw replacement state 'minecrat:dripstone_block' at BlockPos{x=593, y=-115, z=2664}: Unknown block type 'minecrat:dripstone_block' at position 0: <--[HERE]
[23:09:45] [Paper Common Worker #0/ERROR]: Failed to parse jigsaw replacement state 'minecrat:dripstone_block' at BlockPos{x=593, y=-115, z=2664}: Unknown block type 'minecrat:dripstone_block' at position 0: <--[HERE]
[23:09:45] [Paper Common Worker #0/ERROR]: Failed to parse jigsaw replacement state 'minecrat:dripstone_block' at BlockPos{x=593, y=-115, z=2664}: Unknown block type 'minecrat:dripstone_block' at position 0: <--[HERE]
[23:09:45] [Paper Common Worker #0/ERROR]: Failed to parse jigsaw replacement state 'minecrat:dripstone_block' at BlockPos{x=593, y=-115, z=2664}: Unknown block type 'minecrat:dripstone_block' at position 0: <--[HERE]
[23:09:45] [Paper Common Worker #0/ERROR]: Failed to parse jigsaw replacement state 'minecrat:dripstone_block' at BlockPos{x=576, y=-115, z=2672}: Unknown block type 'minecrat:dripstone_block' at position 0: <--[HERE]
[23:09:45] [Paper Common Worker #0/ERROR]: Failed to parse jigsaw replacement state 'minecrat:dripstone_block' at BlockPos{x=576, y=-115, z=2672}: Unknown block type 'minecrat:dripstone_block' at position 0: <--[HERE]
[23:09:45] [Paper Common Worker #0/ERROR]: Failed to parse jigsaw replacement state 'minecrat:dripstone_block' at BlockPos{x=576, y=-115, z=2672}: Unknown block type 'minecrat:dripstone_block' at position 0: <--[HERE]
[23:09:45] [Paper Common Worker #0/ERROR]: Failed to parse jigsaw replacement state 'minecrat:dripstone_block' at BlockPos{x=576, y=-115, z=2672}: Unknown block type 'minecrat:dripstone_block' at position 0: <--[HERE]
[23:09:45] [Paper Common Worker #0/ERROR]: Failed to parse jigsaw replacement state 'minecrat:dripstone_block' at BlockPos{x=576, y=-115, z=2672}: Unknown block type 'minecrat:dripstone_block' at position 0: <--[HERE]
[23:09:45] [Paper Common Worker #0/ERROR]: Failed to parse jigsaw replacement state 'minecrat:dripstone_block' at BlockPos{x=576, y=-115, z=2672}: Unknown block type 'minecrat:dripstone_block' at position 0: <--[HERE]
[23:09:45] [Paper Common Worker #0/ERROR]: Failed to parse jigsaw replacement state 'minecrat:dripstone_block' at BlockPos{x=576, y=-115, z=2672}: Unknown block type 'minecrat:dripstone_block' at position 0: <--[HERE]
[23:09:45] [Paper Common Worker #0/ERROR]: Failed to parse jigsaw replacement state 'minecrat:dripstone_block' at BlockPos{x=576, y=-115, z=2672}: Unknown block type 'minecrat:dripstone_block' at position 0: <--[HERE]
[23:09:45] [Paper Common Worker #0/ERROR]: Failed to parse jigsaw replacement state 'minecrat:dripstone_block' at BlockPos{x=567, y=-115, z=2687}: Unknown block type 'minecrat:dripstone_block' at position 0: <--[HERE]
[23:09:45] [Paper Common Worker #0/ERROR]: Failed to parse jigsaw replacement state 'minecrat:dripstone_block' at BlockPos{x=567, y=-115, z=2687}: Unknown block type 'minecrat:dripstone_block' at position 0: <--[HERE]
[23:09:45] [Paper Common Worker #0/ERROR]: Failed to parse jigsaw replacement state 'minecrat:dripstone_block' at BlockPos{x=561, y=-115, z=2677}: Unknown block type 'minecrat:dripstone_block' at position 0: <--[HERE]
[23:09:45] [Paper Common Worker #0/ERROR]: Failed to parse jigsaw replacement state 'minecrat:dripstone_block' at BlockPos{x=561, y=-115, z=2677}: Unknown block type 'minecrat:dripstone_block' at position 0: <--[HERE]
[23:09:45] [Paper Common Worker #0/ERROR]: Failed to parse jigsaw replacement state 'minecrat:dripstone_block' at BlockPos{x=561, y=-115, z=2677}: Unknown block type 'minecrat:dripstone_block' at position 0: <--[HERE]
[23:09:45] [Paper Common Worker #0/ERROR]: Failed to parse jigsaw replacement state 'minecrat:dripstone_block' at BlockPos{x=561, y=-115, z=2677}: Unknown block type 'minecrat:dripstone_block' at position 0: <--[HERE]
[23:09:45] [Paper Common Worker #0/ERROR]: Block-attached entity at invalid position: BlockPos{x=78, y=-53, z=-180}
[23:09:45] [Paper Common Worker #0/ERROR]: Block-attached entity at invalid position: BlockPos{x=78, y=-52, z=-181}
[23:09:46] [Paper Common Worker #0/ERROR]: Failed to parse jigsaw replacement state 'minecrat:dripstone_block' at BlockPos{x=576, y=-115, z=2672}: Unknown block type 'minecrat:dripstone_block' at position 0: <--[HERE]
[23:09:46] [Paper Common Worker #0/ERROR]: Failed to parse jigsaw replacement state 'minecrat:dripstone_block' at BlockPos{x=576, y=-115, z=2672}: Unknown block type 'minecrat:dripstone_block' at position 0: <--[HERE]
[23:09:46] [Paper Common Worker #0/ERROR]: Failed to parse jigsaw replacement state 'minecrat:dripstone_block' at BlockPos{x=576, y=-115, z=2672}: Unknown block type 'minecrat:dripstone_block' at position 0: <--[HERE]
[23:09:46] [Paper Common Worker #0/ERROR]: Failed to parse jigsaw replacement state 'minecrat:dripstone_block' at BlockPos{x=576, y=-115, z=2672}: Unknown block type 'minecrat:dripstone_block' at position 0: <--[HERE]
[23:09:46] [Paper Common Worker #0/ERROR]: Failed to parse jigsaw replacement state 'minecrat:dripstone_block' at BlockPos{x=576, y=-115, z=2672}: Unknown block type 'minecrat:dripstone_block' at position 0: <--[HERE]
[23:09:46] [Paper Common Worker #0/ERROR]: Failed to parse jigsaw replacement state 'minecrat:dripstone_block' at BlockPos{x=576, y=-115, z=2672}: Unknown block type 'minecrat:dripstone_block' at position 0: <--[HERE]
[23:09:46] [Paper Common Worker #0/ERROR]: Failed to parse jigsaw replacement state 'minecrat:dripstone_block' at BlockPos{x=576, y=-115, z=2672}: Unknown block type 'minecrat:dripstone_block' at position 0: <--[HERE]
[23:09:46] [Paper Common Worker #0/ERROR]: Failed to parse jigsaw replacement state 'minecrat:dripstone_block' at BlockPos{x=576, y=-115, z=2672}: Unknown block type 'minecrat:dripstone_block' at position 0: <--[HERE]
[23:09:46] [Paper Common Worker #0/ERROR]: Failed to parse jigsaw replacement state 'minecrat:dripstone_block' at BlockPos{x=593, y=-115, z=2665}: Unknown block type 'minecrat:dripstone_block' at position 0: <--[HERE]
[23:09:46] [Paper Common Worker #0/ERROR]: Failed to parse jigsaw replacement state 'minecrat:dripstone_block' at BlockPos{x=593, y=-115, z=2665}: Unknown block type 'minecrat:dripstone_block' at position 0: <--[HERE]
[23:09:46] [Paper Common Worker #0/ERROR]: Failed to parse jigsaw replacement state 'minecrat:dripstone_block' at BlockPos{x=593, y=-115, z=2665}: Unknown block type 'minecrat:dripstone_block' at position 0: <--[HERE]
[23:09:46] [Paper Common Worker #0/ERROR]: Failed to parse jigsaw replacement state 'minecrat:dripstone_block' at BlockPos{x=593, y=-115, z=2665}: Unknown block type 'minecrat:dripstone_block' at position 0: <--[HERE]
[23:09:46] [Paper Common Worker #0/ERROR]: Failed to parse jigsaw replacement state 'minecrat:dripstone_block' at BlockPos{x=593, y=-115, z=2665}: Unknown block type 'minecrat:dripstone_block' at position 0: <--[HERE]
[23:09:46] [Paper Common Worker #0/ERROR]: Failed to parse jigsaw replacement state 'minecrat:dripstone_block' at BlockPos{x=593, y=-115, z=2665}: Unknown block type 'minecrat:dripstone_block' at position 0: <--[HERE]
[23:09:46] [Server thread/INFO]: [Chunky] Task running for world. Processed: 118826 chunks (7.59%), ETA: 30:40:11, Rate: 13.1 cps, Current: 38, 160
[23:09:46] [Paper Common Worker #0/ERROR]: Failed to parse jigsaw replacement state 'minecrat:dripstone_block' at BlockPos{x=567, y=-115, z=2687}: Unknown block type 'minecrat:dripstone_block' at position 0: <--[HERE]
[23:09:46] [Paper Common Worker #0/ERROR]: Failed to parse jigsaw replacement state 'minecrat:dripstone_block' at BlockPos{x=567, y=-115, z=2687}: Unknown block type 'minecrat:dripstone_block' at position 0: <--[HERE]
[23:09:46] [Paper Common Worker #0/ERROR]: Failed to parse jigsaw replacement state 'minecrat:dripstone_block' at BlockPos{x=571, y=-115, z=2712}: Unknown block type 'minecrat:dripstone_block' at position 0: <--[HERE]
[23:09:46] [Paper Common Worker #0/ERROR]: Failed to parse jigsaw replacement state 'minecrat:dripstone_block' at BlockPos{x=571, y=-115, z=2712}: Unknown block type 'minecrat:dripstone_block' at position 0: <--[HERE]
[23:09:48] [Server thread/INFO]: [Chunky] Task running for world. Processed: 118844 chunks (7.59%), ETA: 29:53:42, Rate: 13.4 cps, Current: 42, 160
[23:09:49] [Server thread/INFO]: [Chunky] Task running for world. Processed: 118853 chunks (7.59%), ETA: 30:38:12, Rate: 13.1 cps, Current: 43, 161
[23:09:50] [Server thread/INFO]: [Chunky] Task running for world. Processed: 118875 chunks (7.60%), ETA: 29:48:24, Rate: 13.5 cps, Current: 47, 161
[23:09:50] [Paper Common Worker #0/ERROR]: Block-attached entity at invalid position: BlockPos{x=-129, y=74, z=-118}
[23:09:50] [Paper Common Worker #0/ERROR]: Block-attached entity at invalid position: BlockPos{x=-129, y=74, z=-116}
[23:09:50] [Paper Common Worker #0/ERROR]: Block-attached entity at invalid position: BlockPos{x=-128, y=74, z=-118}
[23:09:52] [Server thread/INFO]: [Chunky] Task running for world. Processed: 118890 chunks (7.60%), ETA: 30:12:19, Rate: 13.3 cps, Current: 46, 163
[23:09:54] [Server thread/INFO]: [Chunky] Task running for world. Processed: 118906 chunks (7.60%), ETA: 30:33:08, Rate: 13.1 cps, Current: 42, 167
[23:09:55] [Server thread/INFO]: [Chunky] Task running for world. Processed: 118925 chunks (7.60%), ETA: 29:22:19, Rate: 13.7 cps, Current: 47, 166
[23:09:56] [Server thread/INFO]: [Chunky] Task running for world. Processed: 118930 chunks (7.60%), ETA: 29:07:48, Rate: 13.8 cps, Current: 45, 170
[23:09:57] [Server thread/INFO]: [Chunky] Task running for world. Processed: 118936 chunks (7.60%), ETA: 28:52:50, Rate: 13.9 cps, Current: 45, 172
[23:09:58] [Server thread/INFO]: [Chunky] Task running for world. Processed: 118946 chunks (7.60%), ETA: 29:05:18, Rate: 13.8 cps, Current: 43, 172
[23:09:59] [Server thread/INFO]: [Chunky] Task running for world. Processed: 118954 chunks (7.60%), ETA: 28:59:52, Rate: 13.9 cps, Current: 47, 170
[23:10:00] [Server thread/INFO]: [Chunky] Task running for world. Processed: 118958 chunks (7.60%), ETA: 29:53:26, Rate: 13.4 cps, Current: 46, 174
[23:10:01] [Paper Common Worker #0/ERROR]: Block-attached entity at invalid position: BlockPos{x=78, y=-53, z=-180}
[23:10:01] [Paper Common Worker #0/ERROR]: Block-attached entity at invalid position: BlockPos{x=78, y=-52, z=-181}
[23:10:01] [Paper Common Worker #0/ERROR]: Failed to parse jigsaw replacement state 'minecrat:dripstone_block' at BlockPos{x=571, y=-115, z=2712}: Unknown block type 'minecrat:dripstone_block' at position 0: <--[HERE]
[23:10:01] [Paper Common Worker #0/ERROR]: Failed to parse jigsaw replacement state 'minecrat:dripstone_block' at BlockPos{x=571, y=-115, z=2712}: Unknown block type 'minecrat:dripstone_block' at position 0: <--[HERE]
[23:10:01] [Paper Common Worker #0/ERROR]: Failed to parse jigsaw replacement state 'minecrat:dripstone_block' at BlockPos{x=571, y=-115, z=2731}: Unknown block type 'minecrat:dripstone_block' at position 0: <--[HERE]
[23:10:01] [Paper Common Worker #0/ERROR]: Failed to parse jigsaw replacement state 'minecrat:dripstone_block' at BlockPos{x=571, y=-115, z=2731}: Unknown block type 'minecrat:dripstone_block' at position 0: <--[HERE]
[23:10:01] [Paper Common Worker #0/ERROR]: Failed to parse jigsaw replacement state 'minecrat:dripstone_block' at BlockPos{x=571, y=-115, z=2731}: Unknown block type 'minecrat:dripstone_block' at position 0: <--[HERE]
[23:10:01] [Paper Common Worker #0/ERROR]: Failed to parse jigsaw replacement state 'minecrat:dripstone_block' at BlockPos{x=571, y=-115, z=2731}: Unknown block type 'minecrat:dripstone_block' at position 0: <--[HERE]
[23:10:02] [Server thread/INFO]: [Chunky] Task running for world. Processed: 118970 chunks (7.60%), ETA: 31:02:48, Rate: 12.9 cps, Current: 42, 174
[23:10:02] [Paper Common Worker #0/ERROR]: Failed to parse jigsaw replacement state 'minecrat:dripstone_block' at BlockPos{x=571, y=-115, z=2731}: Unknown block type 'minecrat:dripstone_block' at position 0: <--[HERE]
[23:10:02] [Paper Common Worker #0/ERROR]: Failed to parse jigsaw replacement state 'minecrat:dripstone_block' at BlockPos{x=571, y=-115, z=2731}: Unknown block type 'minecrat:dripstone_block' at position 0: <--[HERE]
[23:10:02] [Paper Common Worker #0/ERROR]: Failed to parse jigsaw replacement state 'minecrat:dripstone_block' at BlockPos{x=571, y=-115, z=2731}: Unknown block type 'minecrat:dripstone_block' at position 0: <--[HERE]
[23:10:02] [Paper Common Worker #0/ERROR]: Failed to parse jigsaw replacement state 'minecrat:dripstone_block' at BlockPos{x=571, y=-115, z=2731}: Unknown block type 'minecrat:dripstone_block' at position 0: <--[HERE]
[23:10:02] [Paper Common Worker #0/ERROR]: Failed to parse jigsaw replacement state 'minecrat:dripstone_block' at BlockPos{x=571, y=-115, z=2744}: Unknown block type 'minecrat:dripstone_block' at position 0: <--[HERE]
[23:10:02] [Paper Common Worker #0/ERROR]: Failed to parse jigsaw replacement state 'minecrat:dripstone_block' at BlockPos{x=571, y=-115, z=2744}: Unknown block type 'minecrat:dripstone_block' at position 0: <--[HERE]
[23:10:02] [Paper Common Worker #0/ERROR]: Block-attached entity at invalid position: BlockPos{x=59, y=-53, z=-181}
[23:10:02] [Paper Common Worker #0/ERROR]: Block-attached entity at invalid position: BlockPos{x=59, y=-53, z=-182}
[23:10:03] [Server thread/INFO]: [Chunky] Task running for world. Processed: 118991 chunks (7.60%), ETA: 30:21:12, Rate: 13.2 cps, Current: 45, 175
[23:10:03] [Paper Common Worker #0/ERROR]: Failed to parse jigsaw replacement state 'minecrat:dripstone_block' at BlockPos{x=571, y=-115, z=2744}: Unknown block type 'minecrat:dripstone_block' at position 0: <--[HERE]
[23:10:03] [Paper Common Worker #0/ERROR]: Failed to parse jigsaw replacement state 'minecrat:dripstone_block' at BlockPos{x=571, y=-115, z=2744}: Unknown block type 'minecrat:dripstone_block' at position 0: <--[HERE]
[23:10:04] [Server thread/INFO]: [Chunky] Task running for world. Processed: 119012 chunks (7.60%), ETA: 30:54:18, Rate: 13.0 cps, Current: 40, 175
[23:10:05] [Server thread/INFO]: [Chunky] Task running for world. Processed: 119041 chunks (7.61%), ETA: 29:52:11, Rate: 13.4 cps, Current: 32, 176
[23:10:06] [Server thread/INFO]: [Chunky] Task running for world. Processed: 119046 chunks (7.61%), ETA: 30:28:16, Rate: 13.2 cps, Current: 34, 176
[23:10:07] [Server thread/INFO]: [Chunky] Task running for world. Processed: 119065 chunks (7.61%), ETA: 30:59:31, Rate: 13.0 cps, Current: 37, 177
[23:10:08] [Server thread/INFO]: [Chunky] Task running for world. Processed: 119080 chunks (7.61%), ETA: 32:36:16, Rate: 12.3 cps, Current: 39, 177
[23:10:09] [Server thread/INFO]: [Chunky] Task running for world. Processed: 119095 chunks (7.61%), ETA: 33:55:13, Rate: 11.8 cps, Current: 33, 183
[23:10:10] [Server thread/INFO]: [Chunky] Task running for world. Processed: 119105 chunks (7.61%), ETA: 34:19:36, Rate: 11.7 cps, Current: 32, 191
[23:10:11] [Server thread/INFO]: [Chunky] Task running for world. Processed: 119113 chunks (7.61%), ETA: 35:15:49, Rate: 11.4 cps, Current: 39, 181
[23:10:12] [Server thread/INFO]: [Chunky] Task running for world. Processed: 119130 chunks (7.61%), ETA: 34:53:31, Rate: 11.5 cps, Current: 33, 191
[23:10:14] [Server thread/INFO]: [Chunky] Task running for world. Processed: 119146 chunks (7.61%), ETA: 34:00:22, Rate: 11.8 cps, Current: 35, 190
[23:10:14] [Paper Common Worker #0/ERROR]: Failed to parse jigsaw replacement state 'minecrat:dripstone_block' at BlockPos{x=583, y=-115, z=3103}: Unknown block type 'minecrat:dripstone_block' at position 0: <--[HERE]
[23:10:14] [Paper Common Worker #0/ERROR]: Failed to parse jigsaw replacement state 'minecrat:dripstone_block' at BlockPos{x=583, y=-115, z=3103}: Unknown block type 'minecrat:dripstone_block' at position 0: <--[HERE]
[23:10:14] [Paper Common Worker #0/ERROR]: Failed to parse jigsaw replacement state 'minecrat:dripstone_block' at BlockPos{x=583, y=-115, z=3103}: Unknown block type 'minecrat:dripstone_block' at position 0: <--[HERE]
[23:10:15] [Server thread/INFO]: [Chunky] Task running for world. Processed: 119153 chunks (7.61%), ETA: 34:55:27, Rate: 11.5 cps, Current: 39, 185
[23:10:15] [Paper Common Worker #0/ERROR]: Failed to parse jigsaw replacement state 'minecrat:dripstone_block' at BlockPos{x=583, y=-115, z=3103}: Unknown block type 'minecrat:dripstone_block' at position 0: <--[HERE]
[23:10:15] [Paper Common Worker #0/ERROR]: Failed to parse jigsaw replacement state 'minecrat:dripstone_block' at BlockPos{x=583, y=-115, z=3103}: Unknown block type 'minecrat:dripstone_block' at position 0: <--[HERE]
[23:10:15] [Paper Common Worker #0/ERROR]: Failed to parse jigsaw replacement state 'minecrat:dripstone_block' at BlockPos{x=583, y=-115, z=3103}: Unknown block type 'minecrat:dripstone_block' at position 0: <--[HERE]
[23:10:15] [Paper Common Worker #0/ERROR]: Failed to parse jigsaw replacement state 'minecrat:dripstone_block' at BlockPos{x=612, y=-115, z=3087}: Unknown block type 'minecrat:dripstone_block' at position 0: <--[HERE]
[23:10:15] [Paper Common Worker #0/ERROR]: Failed to parse jigsaw replacement state 'minecrat:dripstone_block' at BlockPos{x=612, y=-115, z=3087}: Unknown block type 'minecrat:dripstone_block' at position 0: <--[HERE]
[23:10:15] [Paper Common Worker #0/ERROR]: Block-attached entity at invalid position: BlockPos{x=78, y=-53, z=-180}
[23:10:15] [Paper Common Worker #0/ERROR]: Block-attached entity at invalid position: BlockPos{x=78, y=-52, z=-181}
[23:10:16] [Server thread/INFO]: [Chunky] Task running for world. Processed: 119164 chunks (7.61%), ETA: 35:06:20, Rate: 11.4 cps, Current: 36, 191
[23:10:16] [Paper Common Worker #0/ERROR]: Failed to parse jigsaw replacement state 'minecrat:dripstone_block' at BlockPos{x=612, y=-115, z=3087}: Unknown block type 'minecrat:dripstone_block' at position 0: <--[HERE]
[23:10:16] [Paper Common Worker #0/ERROR]: Failed to parse jigsaw replacement state 'minecrat:dripstone_block' at BlockPos{x=612, y=-115, z=3087}: Unknown block type 'minecrat:dripstone_block' at position 0: <--[HERE]
[23:10:16] [Paper Common Worker #0/ERROR]: Failed to parse jigsaw replacement state 'minecrat:dripstone_block' at BlockPos{x=613, y=-115, z=3091}: Unknown block type 'minecrat:dripstone_block' at position 0: <--[HERE]
[23:10:16] [Paper Common Worker #0/ERROR]: Failed to parse jigsaw replacement state 'minecrat:dripstone_block' at BlockPos{x=613, y=-115, z=3091}: Unknown block type 'minecrat:dripstone_block' at position 0: <--[HERE]
[23:10:16] [Paper Common Worker #0/ERROR]: Failed to parse jigsaw replacement state 'minecrat:dripstone_block' at BlockPos{x=613, y=-115, z=3091}: Unknown block type 'minecrat:dripstone_block' at position 0: <--[HERE]
[23:10:16] [Paper Common Worker #0/ERROR]: Failed to parse jigsaw replacement state 'minecrat:dripstone_block' at BlockPos{x=613, y=-115, z=3091}: Unknown block type 'minecrat:dripstone_block' at position 0: <--[HERE]
[23:10:17] [Paper Common Worker #0/ERROR]: Failed to parse jigsaw replacement state 'minecrat:dripstone_block' at BlockPos{x=613, y=-115, z=3091}: Unknown block type 'minecrat:dripstone_block' at position 0: <--[HERE]
[23:10:17] [Paper Common Worker #0/ERROR]: Failed to parse jigsaw replacement state 'minecrat:dripstone_block' at BlockPos{x=613, y=-115, z=3091}: Unknown block type 'minecrat:dripstone_block' at position 0: <--[HERE]
[23:10:17] [Paper Common Worker #0/ERROR]: Failed to parse jigsaw replacement state 'minecrat:dripstone_block' at BlockPos{x=613, y=-115, z=3091}: Unknown block type 'minecrat:dripstone_block' at position 0: <--[HERE]
[23:10:17] [Paper Common Worker #0/ERROR]: Failed to parse jigsaw replacement state 'minecrat:dripstone_block' at BlockPos{x=613, y=-115, z=3091}: Unknown block type 'minecrat:dripstone_block' at position 0: <--[HERE]
[23:10:17] [Paper Common Worker #0/ERROR]: Failed to parse jigsaw replacement state 'minecrat:dripstone_block' at BlockPos{x=632, y=-115, z=3087}: Unknown block type 'minecrat:dripstone_block' at position 0: <--[HERE]
[23:10:17] [Paper Common Worker #0/ERROR]: Failed to parse jigsaw replacement state 'minecrat:dripstone_block' at BlockPos{x=632, y=-115, z=3087}: Unknown block type 'minecrat:dripstone_block' at position 0: <--[HERE]
[23:10:17] [Paper Common Worker #0/ERROR]: Failed to parse jigsaw replacement state 'minecrat:dripstone_block' at BlockPos{x=632, y=-115, z=3087}: Unknown block type 'minecrat:dripstone_block' at position 0: <--[HERE]
[23:10:17] [Paper Common Worker #0/ERROR]: Failed to parse jigsaw replacement state 'minecrat:dripstone_block' at BlockPos{x=632, y=-115, z=3087}: Unknown block type 'minecrat:dripstone_block' at position 0: <--[HERE]
[23:10:17] [Paper Common Worker #0/ERROR]: Failed to parse jigsaw replacement state 'minecrat:dripstone_block' at BlockPos{x=632, y=-115, z=3087}: Unknown block type 'minecrat:dripstone_block' at position 0: <--[HERE]
[23:10:17] [Paper Common Worker #0/ERROR]: Failed to parse jigsaw replacement state 'minecrat:dripstone_block' at BlockPos{x=632, y=-115, z=3087}: Unknown block type 'minecrat:dripstone_block' at position 0: <--[HERE]
[23:10:17] [Server thread/INFO]: [Chunky] Task running for world. Processed: 119178 chunks (7.62%), ETA: 35:11:28, Rate: 11.4 cps, Current: 41, 187
[23:10:18] [Server thread/INFO]: [Chunky] Task running for world. Processed: 119186 chunks (7.62%), ETA: 34:58:18, Rate: 11.5 cps, Current: 42, 184
[23:10:19] [Server thread/INFO]: [Chunky] Task running for world. Processed: 119198 chunks (7.62%), ETA: 36:18:04, Rate: 11.1 cps, Current: 44, 188
[23:10:20] [Server thread/INFO]: [Chunky] Task running for world. Processed: 119205 chunks (7.62%), ETA: 36:49:01, Rate: 10.9 cps, Current: 45, 187
[23:10:22] [Server thread/INFO]: [Chunky] Task running for world. Processed: 119215 chunks (7.62%), ETA: 36:08:36, Rate: 11.1 cps, Current: 46, 189
[23:10:23] [Server thread/INFO]: [Chunky] Task running for world. Processed: 119227 chunks (7.62%), ETA: 36:44:52, Rate: 10.9 cps, Current: 46, 185
[23:10:24] [Server thread/INFO]: [Chunky] Task running for world. Processed: 119262 chunks (7.62%), ETA: 35:10:09, Rate: 11.4 cps, Current: 47, 185
[23:10:26] [Server thread/INFO]: [Chunky] Task running for world. Processed: 119297 chunks (7.62%), ETA: 32:43:52, Rate: 12.3 cps, Current: 48, 176
[23:10:27] [Server thread/INFO]: [Chunky] Task running for world. Processed: 119299 chunks (7.62%), ETA: 33:41:27, Rate: 11.9 cps, Current: 48, 178
[23:10:29] [Server thread/INFO]: [Chunky] Task running for world. Processed: 119304 chunks (7.62%), ETA: 33:50:46, Rate: 11.9 cps, Current: 49, 176
[23:10:30] [Server thread/INFO]: [Chunky] Task running for world. Processed: 119321 chunks (7.62%), ETA: 32:33:47, Rate: 12.3 cps, Current: 50, 181
[23:10:31] [Server thread/INFO]: [Chunky] Task running for world. Processed: 119332 chunks (7.63%), ETA: 32:15:23, Rate: 12.4 cps, Current: 54, 177
[23:10:32] [Server thread/INFO]: [Chunky] Task running for world. Processed: 119345 chunks (7.63%), ETA: 33:12:13, Rate: 12.1 cps, Current: 48, 185
[23:10:33] [Server thread/INFO]: [Chunky] Task running for world. Processed: 119352 chunks (7.63%), ETA: 34:36:58, Rate: 11.6 cps, Current: 53, 176
[23:10:34] [Server thread/INFO]: [Chunky] Task running for world. Processed: 119376 chunks (7.63%), ETA: 35:19:01, Rate: 11.4 cps, Current: 50, 185
[23:10:36] [Server thread/INFO]: [Chunky] Task running for world. Processed: 119382 chunks (7.63%), ETA: 35:19:44, Rate: 11.4 cps, Current: 50, 189
[23:10:39] [Server thread/INFO]: [Chunky] Task running for world. Processed: 119394 chunks (7.63%), ETA: 39:59:47, Rate: 10.0 cps, Current: 53, 184
[23:10:40] [Server thread/INFO]: [Chunky] Task running for world. Processed: 119405 chunks (7.63%), ETA: 40:00:45, Rate: 10.0 cps, Current: 51, 190
[23:10:42] [Server thread/INFO]: [Chunky] Task running for world. Processed: 119409 chunks (7.63%), ETA: 41:47:40, Rate: 9.6 cps, Current: 51, 191
[23:10:43] [Server thread/INFO]: [Chunky] Task running for world. Processed: 119420 chunks (7.63%), ETA: 42:17:54, Rate: 9.5 cps, Current: 57, 184
[23:10:44] [Server thread/INFO]: [Chunky] Task running for world. Processed: 119431 chunks (7.63%), ETA: 42:04:46, Rate: 9.5 cps, Current: 53, 191
[23:10:45] [Server thread/INFO]: [Chunky] Task running for world. Processed: 119440 chunks (7.63%), ETA: 42:05:43, Rate: 9.5 cps, Current: 58, 187
[23:10:46] [Server thread/INFO]: [Chunky] Task running for world. Processed: 119453 chunks (7.63%), ETA: 42:11:11, Rate: 9.5 cps, Current: 56, 191
[23:10:47] [Server thread/INFO]: [Chunky] Task running for world. Processed: 119457 chunks (7.63%), ETA: 43:01:50, Rate: 9.3 cps, Current: 59, 190
[23:10:48] [Server thread/INFO]: [Chunky] Task running for world. Processed: 119466 chunks (7.63%), ETA: 42:49:58, Rate: 9.4 cps, Current: 61, 186
[23:10:49] [Server thread/INFO]: [Chunky] Task running for world. Processed: 119476 chunks (7.63%), ETA: 42:50:04, Rate: 9.4 cps, Current: 60, 183
[23:10:50] [Paper Common Worker #0/ERROR]: Failed to parse jigsaw replacement state 'minecrat:dripstone_block' at BlockPos{x=1048, y=-115, z=3083}: Unknown block type 'minecrat:dripstone_block' at position 0: <--[HERE]
[23:10:50] [Paper Common Worker #0/ERROR]: Failed to parse jigsaw replacement state 'minecrat:dripstone_block' at BlockPos{x=1048, y=-115, z=3083}: Unknown block type 'minecrat:dripstone_block' at position 0: <--[HERE]
[23:10:50] [Paper Common Worker #0/ERROR]: Failed to parse jigsaw replacement state 'minecrat:dripstone_block' at BlockPos{x=1048, y=-115, z=3083}: Unknown block type 'minecrat:dripstone_block' at position 0: <--[HERE]
[23:10:50] [Paper Common Worker #0/ERROR]: Failed to parse jigsaw replacement state 'minecrat:dripstone_block' at BlockPos{x=1048, y=-115, z=3083}: Unknown block type 'minecrat:dripstone_block' at position 0: <--[HERE]
[23:10:50] [Paper Common Worker #0/ERROR]: Failed to parse jigsaw replacement state 'minecrat:dripstone_block' at BlockPos{x=1048, y=-115, z=3083}: Unknown block type 'minecrat:dripstone_block' at position 0: <--[HERE]
[23:10:50] [Paper Common Worker #0/ERROR]: Failed to parse jigsaw replacement state 'minecrat:dripstone_block' at BlockPos{x=1048, y=-115, z=3083}: Unknown block type 'minecrat:dripstone_block' at position 0: <--[HERE]
[23:10:50] [Server thread/INFO]: [Chunky] Task running for world. Processed: 119491 chunks (7.64%), ETA: 41:39:30, Rate: 9.6 cps, Current: 61, 191
[23:10:51] [Server thread/INFO]: [Chunky] Task running for world. Processed: 119509 chunks (7.64%), ETA: 40:39:46, Rate: 9.9 cps, Current: 57, 180
[23:10:53] [Server thread/INFO]: [Chunky] Task running for world. Processed: 119521 chunks (7.64%), ETA: 40:00:38, Rate: 10.0 cps, Current: 57, 178
[23:10:54] [Server thread/INFO]: [Chunky] Task running for world. Processed: 119534 chunks (7.64%), ETA: 43:02:30, Rate: 9.3 cps, Current: 58, 177
[23:10:55] [Server thread/INFO]: [Chunky] Task running for world. Processed: 119544 chunks (7.64%), ETA: 46:52:42, Rate: 8.6 cps, Current: 60, 176
[23:10:56] [Server thread/INFO]: [Chunky] Task running for world. Processed: 119548 chunks (7.64%), ETA: 46:20:28, Rate: 8.7 cps, Current: 61, 175
[23:10:58] [Server thread/INFO]: [Chunky] Task running for world. Processed: 119556 chunks (7.64%), ETA: 47:08:08, Rate: 8.5 cps, Current: 61, 172
[23:10:59] [Server thread/INFO]: [Chunky] Task running for world. Processed: 119570 chunks (7.64%), ETA: 47:33:45, Rate: 8.4 cps, Current: 63, 176
[23:11:01] [Server thread/INFO]: [Chunky] Task running for world. Processed: 119587 chunks (7.64%), ETA: 48:14:53, Rate: 8.3 cps, Current: 63, 173
[23:11:02] [Server thread/INFO]: [Chunky] Task running for world. Processed: 119607 chunks (7.64%), ETA: 45:54:14, Rate: 8.7 cps, Current: 60, 168
[23:11:04] [Server thread/INFO]: [Chunky] Task running for world. Processed: 119626 chunks (7.64%), ETA: 46:42:27, Rate: 8.6 cps, Current: 58, 168
[23:11:05] [Server thread/INFO]: [Chunky] Task running for world. Processed: 119644 chunks (7.64%), ETA: 44:22:55, Rate: 9.0 cps, Current: 48, 171
[23:11:06] [Server thread/INFO]: [Chunky] Task running for world. Processed: 119670 chunks (7.65%), ETA: 38:25:55, Rate: 10.4 cps, Current: 50, 169
[23:11:07] [Server thread/INFO]: [Chunky] Task running for world. Processed: 119682 chunks (7.65%), ETA: 38:34:30, Rate: 10.4 cps, Current: 54, 167
[23:11:08] [Server thread/INFO]: [Chunky] Task running for world. Processed: 119734 chunks (7.65%), ETA: 34:20:19, Rate: 11.7 cps, Current: 54, 160
[23:11:10] [Server thread/INFO]: [Chunky] Task running for world. Processed: 119756 chunks (7.65%), ETA: 33:17:49, Rate: 12.1 cps, Current: 57, 161
[23:11:11] [Server thread/INFO]: [Chunky] Task running for world. Processed: 119781 chunks (7.65%), ETA: 31:12:42, Rate: 12.9 cps, Current: 60, 166
[23:11:12] [Paper Common Worker #0/ERROR]: Failed to parse jigsaw replacement state 'minecrat:dripstone_block' at BlockPos{x=1087, y=-115, z=2599}: Unknown block type 'minecrat:dripstone_block' at position 0: <--[HERE]
[23:11:12] [Paper Common Worker #0/ERROR]: Failed to parse jigsaw replacement state 'minecrat:dripstone_block' at BlockPos{x=1087, y=-115, z=2599}: Unknown block type 'minecrat:dripstone_block' at position 0: <--[HERE]
[23:11:12] [Paper Common Worker #0/ERROR]: Failed to parse jigsaw replacement state 'minecrat:dripstone_block' at BlockPos{x=1087, y=-115, z=2599}: Unknown block type 'minecrat:dripstone_block' at position 0: <--[HERE]
[23:11:12] [Paper Common Worker #0/ERROR]: Failed to parse jigsaw replacement state 'minecrat:dripstone_block' at BlockPos{x=1087, y=-115, z=2599}: Unknown block type 'minecrat:dripstone_block' at position 0: <--[HERE]
[23:11:12] [Paper Common Worker #0/ERROR]: Failed to parse jigsaw replacement state 'minecrat:dripstone_block' at BlockPos{x=1087, y=-115, z=2599}: Unknown block type 'minecrat:dripstone_block' at position 0: <--[HERE]
[23:11:12] [Paper Common Worker #0/ERROR]: Failed to parse jigsaw replacement state 'minecrat:dripstone_block' at BlockPos{x=1087, y=-115, z=2599}: Unknown block type 'minecrat:dripstone_block' at position 0: <--[HERE]
[23:11:12] [Server thread/INFO]: [Chunky] Task running for world. Processed: 119802 chunks (7.66%), ETA: 30:46:37, Rate: 13.0 cps, Current: 63, 160
[23:11:12] [Paper Common Worker #0/ERROR]: Failed to parse jigsaw replacement state 'minecrat:dripstone_block' at BlockPos{x=1087, y=-115, z=2599}: Unknown block type 'minecrat:dripstone_block' at position 0: <--[HERE]
[23:11:12] [Paper Common Worker #0/ERROR]: Failed to parse jigsaw replacement state 'minecrat:dripstone_block' at BlockPos{x=1087, y=-115, z=2599}: Unknown block type 'minecrat:dripstone_block' at position 0: <--[HERE]
[23:11:12] [Paper Common Worker #0/ERROR]: Failed to parse jigsaw replacement state 'minecrat:dripstone_block' at BlockPos{x=1087, y=-115, z=2599}: Unknown block type 'minecrat:dripstone_block' at position 0: <--[HERE]
[23:11:12] [Paper Common Worker #0/ERROR]: Failed to parse jigsaw replacement state 'minecrat:dripstone_block' at BlockPos{x=1087, y=-115, z=2600}: Unknown block type 'minecrat:dripstone_block' at position 0: <--[HERE]
[23:11:12] [Paper Common Worker #0/ERROR]: Failed to parse jigsaw replacement state 'minecrat:dripstone_block' at BlockPos{x=1087, y=-115, z=2600}: Unknown block type 'minecrat:dripstone_block' at position 0: <--[HERE]
[23:11:12] [Paper Common Worker #0/ERROR]: Failed to parse jigsaw replacement state 'minecrat:dripstone_block' at BlockPos{x=1087, y=-115, z=2600}: Unknown block type 'minecrat:dripstone_block' at position 0: <--[HERE]
[23:11:12] [Paper Common Worker #0/ERROR]: Failed to parse jigsaw replacement state 'minecrat:dripstone_block' at BlockPos{x=1087, y=-115, z=2600}: Unknown block type 'minecrat:dripstone_block' at position 0: <--[HERE]
[23:11:13] [Server thread/INFO]: [Chunky] Task running for world. Processed: 119821 chunks (7.66%), ETA: 30:20:23, Rate: 13.2 cps, Current: 65, 162
[23:11:13] [Paper Common Worker #0/ERROR]: Failed to parse jigsaw replacement state 'minecrat:dripstone_block' at BlockPos{x=1087, y=-115, z=2599}: Unknown block type 'minecrat:dripstone_block' at position 0: <--[HERE]
[23:11:13] [Paper Common Worker #0/ERROR]: Failed to parse jigsaw replacement state 'minecrat:dripstone_block' at BlockPos{x=1087, y=-115, z=2599}: Unknown block type 'minecrat:dripstone_block' at position 0: <--[HERE]
[23:11:13] [Paper Common Worker #0/ERROR]: Failed to parse jigsaw replacement state 'minecrat:dripstone_block' at BlockPos{x=1087, y=-115, z=2599}: Unknown block type 'minecrat:dripstone_block' at position 0: <--[HERE]
[23:11:13] [Paper Common Worker #0/ERROR]: Failed to parse jigsaw replacement state 'minecrat:dripstone_block' at BlockPos{x=1087, y=-115, z=2600}: Unknown block type 'minecrat:dripstone_block' at position 0: <--[HERE]
[23:11:13] [Paper Common Worker #0/ERROR]: Failed to parse jigsaw replacement state 'minecrat:dripstone_block' at BlockPos{x=1087, y=-115, z=2600}: Unknown block type 'minecrat:dripstone_block' at position 0: <--[HERE]
[23:11:13] [Paper Common Worker #0/ERROR]: Failed to parse jigsaw replacement state 'minecrat:dripstone_block' at BlockPos{x=1087, y=-115, z=2600}: Unknown block type 'minecrat:dripstone_block' at position 0: <--[HERE]
[23:11:13] [Paper Common Worker #0/ERROR]: Failed to parse jigsaw replacement state 'minecrat:dripstone_block' at BlockPos{x=1087, y=-115, z=2600}: Unknown block type 'minecrat:dripstone_block' at position 0: <--[HERE]
[23:11:14] [Paper Common Worker #0/ERROR]: Failed to parse jigsaw replacement state 'minecrat:dripstone_block' at BlockPos{x=1104, y=-115, z=2587}: Unknown block type 'minecrat:dripstone_block' at position 0: <--[HERE]
[23:11:14] [Paper Common Worker #0/ERROR]: Failed to parse jigsaw replacement state 'minecrat:dripstone_block' at BlockPos{x=1104, y=-115, z=2587}: Unknown block type 'minecrat:dripstone_block' at position 0: <--[HERE]
[23:11:14] [Paper Common Worker #0/ERROR]: Failed to parse jigsaw replacement state 'minecrat:dripstone_block' at BlockPos{x=1104, y=-115, z=2587}: Unknown block type 'minecrat:dripstone_block' at position 0: <--[HERE]
[23:11:14] [Paper Common Worker #0/ERROR]: Failed to parse jigsaw replacement state 'minecrat:dripstone_block' at BlockPos{x=1104, y=-115, z=2587}: Unknown block type 'minecrat:dripstone_block' at position 0: <--[HERE]
[23:11:14] [Paper Common Worker #0/ERROR]: Block-attached entity at invalid position: BlockPos{x=59, y=-53, z=-181}
[23:11:14] [Paper Common Worker #0/ERROR]: Block-attached entity at invalid position: BlockPos{x=59, y=-53, z=-182}
[23:11:14] [Paper Common Worker #0/ERROR]: Failed to parse jigsaw replacement state 'minecrat:dripstone_block' at BlockPos{x=1135, y=-115, z=2583}: Unknown block type 'minecrat:dripstone_block' at position 0: <--[HERE]
[23:11:14] [Paper Common Worker #0/ERROR]: Failed to parse jigsaw replacement state 'minecrat:dripstone_block' at BlockPos{x=1135, y=-115, z=2583}: Unknown block type 'minecrat:dripstone_block' at position 0: <--[HERE]
[23:11:14] [Paper Common Worker #0/ERROR]: Failed to parse jigsaw replacement state 'minecrat:dripstone_block' at BlockPos{x=1104, y=-115, z=2587}: Unknown block type 'minecrat:dripstone_block' at position 0: <--[HERE]
[23:11:14] [Paper Common Worker #0/ERROR]: Failed to parse jigsaw replacement state 'minecrat:dripstone_block' at BlockPos{x=1104, y=-115, z=2587}: Unknown block type 'minecrat:dripstone_block' at position 0: <--[HERE]
[23:11:14] [Paper Common Worker #0/ERROR]: Failed to parse jigsaw replacement state 'minecrat:dripstone_block' at BlockPos{x=1104, y=-115, z=2587}: Unknown block type 'minecrat:dripstone_block' at position 0: <--[HERE]
[23:11:14] [Paper Common Worker #0/ERROR]: Failed to parse jigsaw replacement state 'minecrat:dripstone_block' at BlockPos{x=1104, y=-115, z=2587}: Unknown block type 'minecrat:dripstone_block' at position 0: <--[HERE]
[23:11:14] [Server thread/INFO]: [Chunky] Task running for world. Processed: 119827 chunks (7.66%), ETA: 30:20:33, Rate: 13.2 cps, Current: 66, 163
[23:11:14] [Paper Common Worker #0/ERROR]: Block-attached entity at invalid position: BlockPos{x=59, y=-53, z=-181}
[23:11:14] [Paper Common Worker #0/ERROR]: Block-attached entity at invalid position: BlockPos{x=59, y=-53, z=-182}
[23:11:15] [Paper Common Worker #0/ERROR]: Failed to parse jigsaw replacement state 'minecrat:dripstone_block' at BlockPos{x=1136, y=-115, z=2592}: Unknown block type 'minecrat:dripstone_block' at position 0: <--[HERE]
[23:11:15] [Paper Common Worker #0/ERROR]: Failed to parse jigsaw replacement state 'minecrat:dripstone_block' at BlockPos{x=1136, y=-115, z=2592}: Unknown block type 'minecrat:dripstone_block' at position 0: <--[HERE]
[23:11:15] [Paper Common Worker #0/ERROR]: Failed to parse jigsaw replacement state 'minecrat:dripstone_block' at BlockPos{x=1136, y=-115, z=2592}: Unknown block type 'minecrat:dripstone_block' at position 0: <--[HERE]
[23:11:15] [Paper Common Worker #0/ERROR]: Failed to parse jigsaw replacement state 'minecrat:dripstone_block' at BlockPos{x=1136, y=-115, z=2592}: Unknown block type 'minecrat:dripstone_block' at position 0: <--[HERE]
[23:11:15] [Paper Common Worker #0/ERROR]: Failed to parse jigsaw replacement state 'minecrat:dripstone_block' at BlockPos{x=1136, y=-115, z=2592}: Unknown block type 'minecrat:dripstone_block' at position 0: <--[HERE]
[23:11:15] [Paper Common Worker #0/ERROR]: Failed to parse jigsaw replacement state 'minecrat:dripstone_block' at BlockPos{x=1136, y=-115, z=2592}: Unknown block type 'minecrat:dripstone_block' at position 0: <--[HERE]
[23:11:15] [Paper Common Worker #0/ERROR]: Failed to parse jigsaw replacement state 'minecrat:dripstone_block' at BlockPos{x=1136, y=-115, z=2592}: Unknown block type 'minecrat:dripstone_block' at position 0: <--[HERE]
[23:11:15] [Paper Common Worker #0/ERROR]: Failed to parse jigsaw replacement state 'minecrat:dripstone_block' at BlockPos{x=1136, y=-115, z=2592}: Unknown block type 'minecrat:dripstone_block' at position 0: <--[HERE]
[23:11:15] [Paper Common Worker #0/ERROR]: Failed to parse jigsaw replacement state 'minecrat:dripstone_block' at BlockPos{x=1151, y=-115, z=2583}: Unknown block type 'minecrat:dripstone_block' at position 0: <--[HERE]
[23:11:15] [Paper Common Worker #0/ERROR]: Failed to parse jigsaw replacement state 'minecrat:dripstone_block' at BlockPos{x=1151, y=-115, z=2583}: Unknown block type 'minecrat:dripstone_block' at position 0: <--[HERE]
[23:11:15] [Paper Common Worker #0/ERROR]: Failed to parse jigsaw replacement state 'minecrat:dripstone_block' at BlockPos{x=1151, y=-115, z=2583}: Unknown block type 'minecrat:dripstone_block' at position 0: <--[HERE]
[23:11:15] [Paper Common Worker #0/ERROR]: Failed to parse jigsaw replacement state 'minecrat:dripstone_block' at BlockPos{x=1141, y=-115, z=2577}: Unknown block type 'minecrat:dripstone_block' at position 0: <--[HERE]
[23:11:15] [Paper Common Worker #0/ERROR]: Failed to parse jigsaw replacement state 'minecrat:dripstone_block' at BlockPos{x=1141, y=-115, z=2577}: Unknown block type 'minecrat:dripstone_block' at position 0: <--[HERE]
[23:11:15] [Paper Common Worker #0/ERROR]: Failed to parse jigsaw replacement state 'minecrat:dripstone_block' at BlockPos{x=1141, y=-115, z=2577}: Unknown block type 'minecrat:dripstone_block' at position 0: <--[HERE]
[23:11:15] [Paper Common Worker #0/ERROR]: Failed to parse jigsaw replacement state 'minecrat:dripstone_block' at BlockPos{x=1151, y=-115, z=2583}: Unknown block type 'minecrat:dripstone_block' at position 0: <--[HERE]
[23:11:15] [Paper Common Worker #0/ERROR]: Failed to parse jigsaw replacement state 'minecrat:dripstone_block' at BlockPos{x=1151, y=-115, z=2583}: Unknown block type 'minecrat:dripstone_block' at position 0: <--[HERE]
[23:11:15] [Paper Common Worker #0/ERROR]: Failed to parse jigsaw replacement state 'minecrat:dripstone_block' at BlockPos{x=1151, y=-115, z=2583}: Unknown block type 'minecrat:dripstone_block' at position 0: <--[HERE]
[23:11:15] [Paper Common Worker #0/ERROR]: Failed to parse jigsaw replacement state 'minecrat:dripstone_block' at BlockPos{x=1141, y=-115, z=2577}: Unknown block type 'minecrat:dripstone_block' at position 0: <--[HERE]
[23:11:15] [Paper Common Worker #0/ERROR]: Failed to parse jigsaw replacement state 'minecrat:dripstone_block' at BlockPos{x=1141, y=-115, z=2577}: Unknown block type 'minecrat:dripstone_block' at position 0: <--[HERE]
[23:11:15] [Paper Common Worker #0/ERROR]: Failed to parse jigsaw replacement state 'minecrat:dripstone_block' at BlockPos{x=1141, y=-115, z=2577}: Unknown block type 'minecrat:dripstone_block' at position 0: <--[HERE]
[23:11:16] [Paper Common Worker #0/ERROR]: Failed to parse jigsaw replacement state 'minecrat:dripstone_block' at BlockPos{x=1136, y=-115, z=2592}: Unknown block type 'minecrat:dripstone_block' at position 0: <--[HERE]
[23:11:16] [Paper Common Worker #0/ERROR]: Failed to parse jigsaw replacement state 'minecrat:dripstone_block' at BlockPos{x=1136, y=-115, z=2592}: Unknown block type 'minecrat:dripstone_block' at position 0: <--[HERE]
[23:11:16] [Paper Common Worker #0/ERROR]: Failed to parse jigsaw replacement state 'minecrat:dripstone_block' at BlockPos{x=1136, y=-115, z=2592}: Unknown block type 'minecrat:dripstone_block' at position 0: <--[HERE]
[23:11:16] [Paper Common Worker #0/ERROR]: Failed to parse jigsaw replacement state 'minecrat:dripstone_block' at BlockPos{x=1136, y=-115, z=2592}: Unknown block type 'minecrat:dripstone_block' at position 0: <--[HERE]
[23:11:16] [Paper Common Worker #0/ERROR]: Failed to parse jigsaw replacement state 'minecrat:dripstone_block' at BlockPos{x=1136, y=-115, z=2592}: Unknown block type 'minecrat:dripstone_block' at position 0: <--[HERE]
[23:11:16] [Paper Common Worker #0/ERROR]: Failed to parse jigsaw replacement state 'minecrat:dripstone_block' at BlockPos{x=1136, y=-115, z=2592}: Unknown block type 'minecrat:dripstone_block' at position 0: <--[HERE]
[23:11:16] [Paper Common Worker #0/ERROR]: Failed to parse jigsaw replacement state 'minecrat:dripstone_block' at BlockPos{x=1136, y=-115, z=2592}: Unknown block type 'minecrat:dripstone_block' at position 0: <--[HERE]
[23:11:16] [Paper Common Worker #0/ERROR]: Failed to parse jigsaw replacement state 'minecrat:dripstone_block' at BlockPos{x=1136, y=-115, z=2592}: Unknown block type 'minecrat:dripstone_block' at position 0: <--[HERE]
[23:11:16] [Paper Common Worker #0/ERROR]: Failed to parse jigsaw replacement state 'minecrat:dripstone_block' at BlockPos{x=1151, y=-115, z=2583}: Unknown block type 'minecrat:dripstone_block' at position 0: <--[HERE]
[23:11:16] [Paper Common Worker #0/ERROR]: Failed to parse jigsaw replacement state 'minecrat:dripstone_block' at BlockPos{x=1151, y=-115, z=2583}: Unknown block type 'minecrat:dripstone_block' at position 0: <--[HERE]
[23:11:16] [Paper Common Worker #0/ERROR]: Failed to parse jigsaw replacement state 'minecrat:dripstone_block' at BlockPos{x=1151, y=-115, z=2583}: Unknown block type 'minecrat:dripstone_block' at position 0: <--[HERE]
[23:11:16] [Paper Common Worker #0/ERROR]: Failed to parse jigsaw replacement state 'minecrat:dripstone_block' at BlockPos{x=1141, y=-115, z=2593}: Unknown block type 'minecrat:dripstone_block' at position 0: <--[HERE]
[23:11:16] [Paper Common Worker #0/ERROR]: Failed to parse jigsaw replacement state 'minecrat:dripstone_block' at BlockPos{x=1141, y=-115, z=2593}: Unknown block type 'minecrat:dripstone_block' at position 0: <--[HERE]
[23:11:16] [Paper Common Worker #0/ERROR]: Failed to parse jigsaw replacement state 'minecrat:dripstone_block' at BlockPos{x=1141, y=-115, z=2593}: Unknown block type 'minecrat:dripstone_block' at position 0: <--[HERE]
[23:11:16] [Paper Common Worker #0/ERROR]: Failed to parse jigsaw replacement state 'minecrat:dripstone_block' at BlockPos{x=1141, y=-115, z=2593}: Unknown block type 'minecrat:dripstone_block' at position 0: <--[HERE]
[23:11:16] [Server thread/INFO]: [Chunky] Task running for world. Processed: 119850 chunks (7.66%), ETA: 29:32:13, Rate: 13.6 cps, Current: 67, 166
[23:11:16] [Paper Common Worker #0/ERROR]: Failed to parse jigsaw replacement state 'minecrat:dripstone_block' at BlockPos{x=1141, y=-115, z=2593}: Unknown block type 'minecrat:dripstone_block' at position 0: <--[HERE]
[23:11:16] [Paper Common Worker #0/ERROR]: Failed to parse jigsaw replacement state 'minecrat:dripstone_block' at BlockPos{x=1141, y=-115, z=2593}: Unknown block type 'minecrat:dripstone_block' at position 0: <--[HERE]
[23:11:16] [Paper Common Worker #0/ERROR]: Failed to parse jigsaw replacement state 'minecrat:dripstone_block' at BlockPos{x=1141, y=-115, z=2593}: Unknown block type 'minecrat:dripstone_block' at position 0: <--[HERE]
[23:11:16] [Paper Common Worker #0/ERROR]: Failed to parse jigsaw replacement state 'minecrat:dripstone_block' at BlockPos{x=1141, y=-115, z=2593}: Unknown block type 'minecrat:dripstone_block' at position 0: <--[HERE]
[23:11:16] [Paper Common Worker #0/ERROR]: Failed to parse jigsaw replacement state 'minecrat:dripstone_block' at BlockPos{x=1157, y=-115, z=2628}: Unknown block type 'minecrat:dripstone_block' at position 0: <--[HERE]
[23:11:16] [Paper Common Worker #0/ERROR]: Failed to parse jigsaw replacement state 'minecrat:dripstone_block' at BlockPos{x=1157, y=-115, z=2628}: Unknown block type 'minecrat:dripstone_block' at position 0: <--[HERE]
[23:11:16] [Paper Common Worker #0/ERROR]: Failed to parse jigsaw replacement state 'minecrat:dripstone_block' at BlockPos{x=1157, y=-115, z=2628}: Unknown block type 'minecrat:dripstone_block' at position 0: <--[HERE]
[23:11:16] [Paper Common Worker #0/ERROR]: Failed to parse jigsaw replacement state 'minecrat:dripstone_block' at BlockPos{x=1157, y=-115, z=2628}: Unknown block type 'minecrat:dripstone_block' at position 0: <--[HERE]
[23:11:16] [Paper Common Worker #0/ERROR]: Failed to parse jigsaw replacement state 'minecrat:dripstone_block' at BlockPos{x=1157, y=-115, z=2628}: Unknown block type 'minecrat:dripstone_block' at position 0: <--[HERE]
[23:11:16] [Paper Common Worker #0/ERROR]: Failed to parse jigsaw replacement state 'minecrat:dripstone_block' at BlockPos{x=1157, y=-115, z=2628}: Unknown block type 'minecrat:dripstone_block' at position 0: <--[HERE]
[23:11:16] [Paper Common Worker #0/ERROR]: Failed to parse jigsaw replacement state 'minecrat:dripstone_block' at BlockPos{x=1151, y=-115, z=2583}: Unknown block type 'minecrat:dripstone_block' at position 0: <--[HERE]
[23:11:16] [Paper Common Worker #0/ERROR]: Failed to parse jigsaw replacement state 'minecrat:dripstone_block' at BlockPos{x=1151, y=-115, z=2583}: Unknown block type 'minecrat:dripstone_block' at position 0: <--[HERE]
[23:11:16] [Paper Common Worker #0/ERROR]: Failed to parse jigsaw replacement state 'minecrat:dripstone_block' at BlockPos{x=1151, y=-115, z=2583}: Unknown block type 'minecrat:dripstone_block' at position 0: <--[HERE]
[23:11:16] [Paper Common Worker #0/ERROR]: Failed to parse jigsaw replacement state 'minecrat:dripstone_block' at BlockPos{x=1179, y=-115, z=2616}: Unknown block type 'minecrat:dripstone_block' at position 0: <--[HERE]
[23:11:16] [Paper Common Worker #0/ERROR]: Failed to parse jigsaw replacement state 'minecrat:dripstone_block' at BlockPos{x=1179, y=-115, z=2616}: Unknown block type 'minecrat:dripstone_block' at position 0: <--[HERE]
[23:11:16] [Paper Common Worker #0/ERROR]: Failed to parse jigsaw replacement state 'minecrat:dripstone_block' at BlockPos{x=1179, y=-115, z=2616}: Unknown block type 'minecrat:dripstone_block' at position 0: <--[HERE]
[23:11:16] [Paper Common Worker #0/ERROR]: Failed to parse jigsaw replacement state 'minecrat:dripstone_block' at BlockPos{x=1179, y=-115, z=2616}: Unknown block type 'minecrat:dripstone_block' at position 0: <--[HERE]
[23:11:16] [Paper Common Worker #0/ERROR]: Failed to parse jigsaw replacement state 'minecrat:dripstone_block' at BlockPos{x=1179, y=-115, z=2616}: Unknown block type 'minecrat:dripstone_block' at position 0: <--[HERE]
[23:11:16] [Paper Common Worker #0/ERROR]: Failed to parse jigsaw replacement state 'minecrat:dripstone_block' at BlockPos{x=1179, y=-115, z=2616}: Unknown block type 'minecrat:dripstone_block' at position 0: <--[HERE]
[23:11:16] [Paper Common Worker #0/ERROR]: Block-attached entity at invalid position: BlockPos{x=78, y=-53, z=-180}
[23:11:16] [Paper Common Worker #0/ERROR]: Block-attached entity at invalid position: BlockPos{x=78, y=-52, z=-181}
[23:11:17] [Server thread/INFO]: [Chunky] Task running for world. Processed: 119864 chunks (7.66%), ETA: 29:13:18, Rate: 13.7 cps, Current: 72, 161
[23:11:17] [Paper Common Worker #0/ERROR]: Failed to parse jigsaw replacement state 'minecrat:dripstone_block' at BlockPos{x=1179, y=-115, z=2616}: Unknown block type 'minecrat:dripstone_block' at position 0: <--[HERE]
[23:11:17] [Paper Common Worker #0/ERROR]: Failed to parse jigsaw replacement state 'minecrat:dripstone_block' at BlockPos{x=1179, y=-115, z=2616}: Unknown block type 'minecrat:dripstone_block' at position 0: <--[HERE]
[23:11:17] [Paper Common Worker #0/ERROR]: Failed to parse jigsaw replacement state 'minecrat:dripstone_block' at BlockPos{x=1179, y=-115, z=2616}: Unknown block type 'minecrat:dripstone_block' at position 0: <--[HERE]
[23:11:17] [Paper Common Worker #0/ERROR]: Failed to parse jigsaw replacement state 'minecrat:dripstone_block' at BlockPos{x=1157, y=-115, z=2628}: Unknown block type 'minecrat:dripstone_block' at position 0: <--[HERE]
[23:11:17] [Paper Common Worker #0/ERROR]: Failed to parse jigsaw replacement state 'minecrat:dripstone_block' at BlockPos{x=1157, y=-115, z=2628}: Unknown block type 'minecrat:dripstone_block' at position 0: <--[HERE]
[23:11:17] [Paper Common Worker #0/ERROR]: Failed to parse jigsaw replacement state 'minecrat:dripstone_block' at BlockPos{x=1157, y=-115, z=2628}: Unknown block type 'minecrat:dripstone_block' at position 0: <--[HERE]
[23:11:18] [Server thread/INFO]: [Chunky] Task running for world. Processed: 119873 chunks (7.66%), ETA: 29:12:00, Rate: 13.7 cps, Current: 74, 161
[23:11:18] [Paper Common Worker #0/ERROR]: Failed to parse jigsaw replacement state 'minecrat:dripstone_block' at BlockPos{x=1179, y=-115, z=2616}: Unknown block type 'minecrat:dripstone_block' at position 0: <--[HERE]
[23:11:18] [Paper Common Worker #0/ERROR]: Failed to parse jigsaw replacement state 'minecrat:dripstone_block' at BlockPos{x=1179, y=-115, z=2616}: Unknown block type 'minecrat:dripstone_block' at position 0: <--[HERE]
[23:11:18] [Paper Common Worker #0/ERROR]: Failed to parse jigsaw replacement state 'minecrat:dripstone_block' at BlockPos{x=1179, y=-115, z=2616}: Unknown block type 'minecrat:dripstone_block' at position 0: <--[HERE]
[23:11:18] [Paper Common Worker #0/ERROR]: Failed to parse jigsaw replacement state 'minecrat:dripstone_block' at BlockPos{x=1180, y=-115, z=2616}: Unknown block type 'minecrat:dripstone_block' at position 0: <--[HERE]
[23:11:18] [Paper Common Worker #0/ERROR]: Failed to parse jigsaw replacement state 'minecrat:dripstone_block' at BlockPos{x=1180, y=-115, z=2616}: Unknown block type 'minecrat:dripstone_block' at position 0: <--[HERE]
[23:11:18] [Paper Common Worker #0/ERROR]: Failed to parse jigsaw replacement state 'minecrat:dripstone_block' at BlockPos{x=1180, y=-115, z=2616}: Unknown block type 'minecrat:dripstone_block' at position 0: <--[HERE]
[23:11:18] [Paper Common Worker #0/ERROR]: Failed to parse jigsaw replacement state 'minecrat:dripstone_block' at BlockPos{x=1180, y=-115, z=2616}: Unknown block type 'minecrat:dripstone_block' at position 0: <--[HERE]
[23:11:18] [Paper Common Worker #0/ERROR]: Failed to parse jigsaw replacement state 'minecrat:dripstone_block' at BlockPos{x=1180, y=-115, z=2616}: Unknown block type 'minecrat:dripstone_block' at position 0: <--[HERE]
[23:11:18] [Paper Common Worker #0/ERROR]: Failed to parse jigsaw replacement state 'minecrat:dripstone_block' at BlockPos{x=1180, y=-115, z=2616}: Unknown block type 'minecrat:dripstone_block' at position 0: <--[HERE]
[23:11:18] [Paper Common Worker #0/ERROR]: Failed to parse jigsaw replacement state 'minecrat:dripstone_block' at BlockPos{x=1180, y=-115, z=2616}: Unknown block type 'minecrat:dripstone_block' at position 0: <--[HERE]
[23:11:18] [Paper Common Worker #0/ERROR]: Failed to parse jigsaw replacement state 'minecrat:dripstone_block' at BlockPos{x=1180, y=-115, z=2616}: Unknown block type 'minecrat:dripstone_block' at position 0: <--[HERE]
[23:11:18] [Paper Common Worker #0/ERROR]: Failed to parse jigsaw replacement state 'minecrat:dripstone_block' at BlockPos{x=1199, y=-115, z=2616}: Unknown block type 'minecrat:dripstone_block' at position 0: <--[HERE]
[23:11:18] [Paper Common Worker #0/ERROR]: Failed to parse jigsaw replacement state 'minecrat:dripstone_block' at BlockPos{x=1199, y=-115, z=2616}: Unknown block type 'minecrat:dripstone_block' at position 0: <--[HERE]
[23:11:18] [Paper Common Worker #0/ERROR]: Failed to parse jigsaw replacement state 'minecrat:dripstone_block' at BlockPos{x=1199, y=-115, z=2616}: Unknown block type 'minecrat:dripstone_block' at position 0: <--[HERE]
[23:11:18] [Paper Common Worker #0/ERROR]: Failed to parse jigsaw replacement state 'minecrat:dripstone_block' at BlockPos{x=1199, y=-115, z=2616}: Unknown block type 'minecrat:dripstone_block' at position 0: <--[HERE]
[23:11:18] [Paper Common Worker #0/ERROR]: Failed to parse jigsaw replacement state 'minecrat:dripstone_block' at BlockPos{x=1199, y=-115, z=2616}: Unknown block type 'minecrat:dripstone_block' at position 0: <--[HERE]
[23:11:18] [Paper Common Worker #0/ERROR]: Failed to parse jigsaw replacement state 'minecrat:dripstone_block' at BlockPos{x=1199, y=-115, z=2616}: Unknown block type 'minecrat:dripstone_block' at position 0: <--[HERE]
[23:11:18] [Paper Common Worker #0/ERROR]: Failed to parse jigsaw replacement state 'minecrat:dripstone_block' at BlockPos{x=1199, y=-115, z=2616}: Unknown block type 'minecrat:dripstone_block' at position 0: <--[HERE]
[23:11:18] [Paper Common Worker #0/ERROR]: Failed to parse jigsaw replacement state 'minecrat:dripstone_block' at BlockPos{x=1199, y=-115, z=2616}: Unknown block type 'minecrat:dripstone_block' at position 0: <--[HERE]
[23:11:19] [Paper Common Worker #0/ERROR]: Failed to parse jigsaw replacement state 'minecrat:dripstone_block' at BlockPos{x=1157, y=-115, z=2628}: Unknown block type 'minecrat:dripstone_block' at position 0: <--[HERE]
[23:11:19] [Paper Common Worker #0/ERROR]: Failed to parse jigsaw replacement state 'minecrat:dripstone_block' at BlockPos{x=1157, y=-115, z=2628}: Unknown block type 'minecrat:dripstone_block' at position 0: <--[HERE]
[23:11:19] [Paper Common Worker #0/ERROR]: Failed to parse jigsaw replacement state 'minecrat:dripstone_block' at BlockPos{x=1157, y=-115, z=2628}: Unknown block type 'minecrat:dripstone_block' at position 0: <--[HERE]
[23:11:19] [Paper Common Worker #0/ERROR]: Failed to parse jigsaw replacement state 'minecrat:dripstone_block' at BlockPos{x=1158, y=-115, z=2624}: Unknown block type 'minecrat:dripstone_block' at position 0: <--[HERE]
[23:11:19] [Paper Common Worker #0/ERROR]: Failed to parse jigsaw replacement state 'minecrat:dripstone_block' at BlockPos{x=1158, y=-115, z=2624}: Unknown block type 'minecrat:dripstone_block' at position 0: <--[HERE]
[23:11:19] [Paper Common Worker #0/ERROR]: Failed to parse jigsaw replacement state 'minecrat:dripstone_block' at BlockPos{x=1158, y=-115, z=2624}: Unknown block type 'minecrat:dripstone_block' at position 0: <--[HERE]
[23:11:19] [Paper Common Worker #0/ERROR]: Failed to parse jigsaw replacement state 'minecrat:dripstone_block' at BlockPos{x=1158, y=-115, z=2624}: Unknown block type 'minecrat:dripstone_block' at position 0: <--[HERE]
[23:11:19] [Paper Common Worker #0/ERROR]: Failed to parse jigsaw replacement state 'minecrat:dripstone_block' at BlockPos{x=1158, y=-115, z=2624}: Unknown block type 'minecrat:dripstone_block' at position 0: <--[HERE]
[23:11:19] [Paper Common Worker #0/ERROR]: Failed to parse jigsaw replacement state 'minecrat:dripstone_block' at BlockPos{x=1158, y=-115, z=2624}: Unknown block type 'minecrat:dripstone_block' at position 0: <--[HERE]
[23:11:19] [Server thread/INFO]: [Chunky] Task running for world. Processed: 119877 chunks (7.66%), ETA: 29:56:02, Rate: 13.4 cps, Current: 75, 161
[23:11:19] [Paper Common Worker #0/ERROR]: Failed to parse jigsaw replacement state 'minecrat:dripstone_block' at BlockPos{x=1199, y=-115, z=2616}: Unknown block type 'minecrat:dripstone_block' at position 0: <--[HERE]
[23:11:19] [Paper Common Worker #0/ERROR]: Failed to parse jigsaw replacement state 'minecrat:dripstone_block' at BlockPos{x=1199, y=-115, z=2616}: Unknown block type 'minecrat:dripstone_block' at position 0: <--[HERE]
[23:11:19] [Paper Common Worker #0/ERROR]: Failed to parse jigsaw replacement state 'minecrat:dripstone_block' at BlockPos{x=1199, y=-115, z=2616}: Unknown block type 'minecrat:dripstone_block' at position 0: <--[HERE]
[23:11:19] [Paper Common Worker #0/ERROR]: Failed to parse jigsaw replacement state 'minecrat:dripstone_block' at BlockPos{x=1199, y=-115, z=2616}: Unknown block type 'minecrat:dripstone_block' at position 0: <--[HERE]
[23:11:19] [Paper Common Worker #0/ERROR]: Failed to parse jigsaw replacement state 'minecrat:dripstone_block' at BlockPos{x=1158, y=-115, z=2624}: Unknown block type 'minecrat:dripstone_block' at position 0: <--[HERE]
[23:11:19] [Paper Common Worker #0/ERROR]: Failed to parse jigsaw replacement state 'minecrat:dripstone_block' at BlockPos{x=1158, y=-115, z=2624}: Unknown block type 'minecrat:dripstone_block' at position 0: <--[HERE]
[23:11:19] [Paper Common Worker #0/ERROR]: Failed to parse jigsaw replacement state 'minecrat:dripstone_block' at BlockPos{x=1158, y=-115, z=2624}: Unknown block type 'minecrat:dripstone_block' at position 0: <--[HERE]
[23:11:20] [Paper Common Worker #0/ERROR]: Failed to parse jigsaw replacement state 'minecrat:dripstone_block' at BlockPos{x=1158, y=-115, z=2624}: Unknown block type 'minecrat:dripstone_block' at position 0: <--[HERE]
[23:11:20] [Paper Common Worker #0/ERROR]: Failed to parse jigsaw replacement state 'minecrat:dripstone_block' at BlockPos{x=1158, y=-115, z=2624}: Unknown block type 'minecrat:dripstone_block' at position 0: <--[HERE]
[23:11:20] [Paper Common Worker #0/ERROR]: Failed to parse jigsaw replacement state 'minecrat:dripstone_block' at BlockPos{x=1158, y=-115, z=2624}: Unknown block type 'minecrat:dripstone_block' at position 0: <--[HERE]
[23:11:20] [Paper Common Worker #0/ERROR]: Failed to parse jigsaw replacement state 'minecrat:dripstone_block' at BlockPos{x=1174, y=-115, z=2659}: Unknown block type 'minecrat:dripstone_block' at position 0: <--[HERE]
[23:11:20] [Paper Common Worker #0/ERROR]: Failed to parse jigsaw replacement state 'minecrat:dripstone_block' at BlockPos{x=1174, y=-115, z=2659}: Unknown block type 'minecrat:dripstone_block' at position 0: <--[HERE]
[23:11:20] [Paper Common Worker #0/ERROR]: Failed to parse jigsaw replacement state 'minecrat:dripstone_block' at BlockPos{x=1174, y=-115, z=2659}: Unknown block type 'minecrat:dripstone_block' at position 0: <--[HERE]
[23:11:20] [Paper Common Worker #0/ERROR]: Failed to parse jigsaw replacement state 'minecrat:dripstone_block' at BlockPos{x=1174, y=-115, z=2659}: Unknown block type 'minecrat:dripstone_block' at position 0: <--[HERE]
[23:11:20] [Server thread/INFO]: [Chunky] Task running for world. Processed: 119890 chunks (7.66%), ETA: 30:03:40, Rate: 13.4 cps, Current: 75, 162
[23:11:20] [Paper Common Worker #0/ERROR]: Failed to parse jigsaw replacement state 'minecrat:dripstone_block' at BlockPos{x=1174, y=-115, z=2659}: Unknown block type 'minecrat:dripstone_block' at position 0: <--[HERE]
[23:11:20] [Paper Common Worker #0/ERROR]: Failed to parse jigsaw replacement state 'minecrat:dripstone_block' at BlockPos{x=1174, y=-115, z=2659}: Unknown block type 'minecrat:dripstone_block' at position 0: <--[HERE]
[23:11:20] [Paper Common Worker #0/ERROR]: Failed to parse jigsaw replacement state 'minecrat:dripstone_block' at BlockPos{x=1174, y=-115, z=2659}: Unknown block type 'minecrat:dripstone_block' at position 0: <--[HERE]
[23:11:20] [Paper Common Worker #0/ERROR]: Failed to parse jigsaw replacement state 'minecrat:dripstone_block' at BlockPos{x=1174, y=-115, z=2659}: Unknown block type 'minecrat:dripstone_block' at position 0: <--[HERE]
[23:11:22] [Server thread/INFO]: [Chunky] Task running for world. Processed: 119914 chunks (7.66%), ETA: 30:00:47, Rate: 13.4 cps, Current: 78, 163
[23:11:23] [Server thread/INFO]: [Chunky] Task running for world. Processed: 119927 chunks (7.66%), ETA: 29:58:43, Rate: 13.4 cps, Current: 79, 163
[23:11:24] [Server thread/INFO]: [Chunky] Task running for world. Processed: 119931 chunks (7.66%), ETA: 30:28:07, Rate: 13.2 cps, Current: 75, 167
[23:11:25] [Server thread/INFO]: [Chunky] Task running for world. Processed: 119950 chunks (7.66%), ETA: 28:47:04, Rate: 13.9 cps, Current: 79, 167
[23:11:26] [Server thread/INFO]: [Chunky] Task running for world. Processed: 119955 chunks (7.66%), ETA: 29:27:42, Rate: 13.6 cps, Current: 72, 170
[23:11:27] [Server thread/INFO]: [Chunky] Task running for world. Processed: 119961 chunks (7.67%), ETA: 28:41:31, Rate: 14.0 cps, Current: 76, 171
[23:11:29] [Server thread/INFO]: [Chunky] Task running for world. Processed: 119973 chunks (7.67%), ETA: 29:12:28, Rate: 13.7 cps, Current: 73, 172
[23:11:30] [Server thread/INFO]: [Chunky] Task running for world. Processed: 119983 chunks (7.67%), ETA: 29:04:30, Rate: 13.8 cps, Current: 77, 174
[23:11:31] [Server thread/INFO]: [Chunky] Task running for world. Processed: 119994 chunks (7.67%), ETA: 29:44:18, Rate: 13.5 cps, Current: 74, 174
[23:11:32] [Server thread/INFO]: [Chunky] Task running for world. Processed: 120026 chunks (7.67%), ETA: 28:43:56, Rate: 14.0 cps, Current: 64, 169
[23:11:34] [Server thread/INFO]: [Chunky] Task running for world. Processed: 120059 chunks (7.67%), ETA: 27:39:07, Rate: 14.5 cps, Current: 69, 175
[23:11:35] [Server thread/INFO]: [Chunky] Task running for world. Processed: 120068 chunks (7.67%), ETA: 28:18:37, Rate: 14.2 cps, Current: 64, 179
[23:11:36] [Server thread/INFO]: [Chunky] Task running for world. Processed: 120076 chunks (7.67%), ETA: 29:41:36, Rate: 13.5 cps, Current: 71, 176
[23:11:37] [Server thread/INFO]: [Chunky] Task running for world. Processed: 120100 chunks (7.67%), ETA: 28:38:18, Rate: 14.0 cps, Current: 64, 181
[23:11:38] [Server thread/INFO]: [Chunky] Task running for world. Processed: 120107 chunks (7.67%), ETA: 31:44:37, Rate: 12.6 cps, Current: 70, 178
[23:11:39] [Paper Common Worker #0/ERROR]: Failed to parse jigsaw replacement state 'minecrat:dripstone_block' at BlockPos{x=1071, y=-115, z=3070}: Unknown block type 'minecrat:dripstone_block' at position 0: <--[HERE]
[23:11:39] [Paper Common Worker #0/ERROR]: Failed to parse jigsaw replacement state 'minecrat:dripstone_block' at BlockPos{x=1071, y=-115, z=3070}: Unknown block type 'minecrat:dripstone_block' at position 0: <--[HERE]
[23:11:39] [Paper Common Worker #0/ERROR]: Failed to parse jigsaw replacement state 'minecrat:dripstone_block' at BlockPos{x=1071, y=-115, z=3070}: Unknown block type 'minecrat:dripstone_block' at position 0: <--[HERE]
[23:11:39] [Paper Common Worker #0/ERROR]: Failed to parse jigsaw replacement state 'minecrat:dripstone_block' at BlockPos{x=1071, y=-115, z=3070}: Unknown block type 'minecrat:dripstone_block' at position 0: <--[HERE]
[23:11:39] [Paper Common Worker #0/ERROR]: Failed to parse jigsaw replacement state 'minecrat:dripstone_block' at BlockPos{x=1071, y=-115, z=3070}: Unknown block type 'minecrat:dripstone_block' at position 0: <--[HERE]
[23:11:39] [Paper Common Worker #0/ERROR]: Failed to parse jigsaw replacement state 'minecrat:dripstone_block' at BlockPos{x=1071, y=-115, z=3070}: Unknown block type 'minecrat:dripstone_block' at position 0: <--[HERE]
[23:11:39] [Paper Common Worker #0/ERROR]: Failed to parse jigsaw replacement state 'minecrat:dripstone_block' at BlockPos{x=1048, y=-115, z=3083}: Unknown block type 'minecrat:dripstone_block' at position 0: <--[HERE]
[23:11:39] [Paper Common Worker #0/ERROR]: Failed to parse jigsaw replacement state 'minecrat:dripstone_block' at BlockPos{x=1048, y=-115, z=3083}: Unknown block type 'minecrat:dripstone_block' at position 0: <--[HERE]
[23:11:39] [Paper Common Worker #0/ERROR]: Failed to parse jigsaw replacement state 'minecrat:dripstone_block' at BlockPos{x=1048, y=-115, z=3083}: Unknown block type 'minecrat:dripstone_block' at position 0: <--[HERE]
[23:11:39] [Server thread/INFO]: [Chunky] Task running for world. Processed: 120120 chunks (7.68%), ETA: 32:28:24, Rate: 12.4 cps, Current: 64, 186
[23:11:39] [Paper Common Worker #0/ERROR]: Failed to parse jigsaw replacement state 'minecrat:dripstone_block' at BlockPos{x=1071, y=-115, z=3070}: Unknown block type 'minecrat:dripstone_block' at position 0: <--[HERE]
[23:11:39] [Paper Common Worker #0/ERROR]: Failed to parse jigsaw replacement state 'minecrat:dripstone_block' at BlockPos{x=1071, y=-115, z=3070}: Unknown block type 'minecrat:dripstone_block' at position 0: <--[HERE]
[23:11:39] [Paper Common Worker #0/ERROR]: Failed to parse jigsaw replacement state 'minecrat:dripstone_block' at BlockPos{x=1071, y=-115, z=3070}: Unknown block type 'minecrat:dripstone_block' at position 0: <--[HERE]
[23:11:39] [Paper Common Worker #0/ERROR]: Failed to parse jigsaw replacement state 'minecrat:dripstone_block' at BlockPos{x=1071, y=-115, z=3070}: Unknown block type 'minecrat:dripstone_block' at position 0: <--[HERE]
[23:11:39] [Paper Common Worker #0/ERROR]: Failed to parse jigsaw replacement state 'minecrat:dripstone_block' at BlockPos{x=1071, y=-115, z=3070}: Unknown block type 'minecrat:dripstone_block' at position 0: <--[HERE]
[23:11:39] [Paper Common Worker #0/ERROR]: Failed to parse jigsaw replacement state 'minecrat:dripstone_block' at BlockPos{x=1071, y=-115, z=3070}: Unknown block type 'minecrat:dripstone_block' at position 0: <--[HERE]
[23:11:39] [Paper Common Worker #0/ERROR]: Failed to parse jigsaw replacement state 'minecrat:dripstone_block' at BlockPos{x=1048, y=-115, z=3083}: Unknown block type 'minecrat:dripstone_block' at position 0: <--[HERE]
[23:11:39] [Paper Common Worker #0/ERROR]: Failed to parse jigsaw replacement state 'minecrat:dripstone_block' at BlockPos{x=1048, y=-115, z=3083}: Unknown block type 'minecrat:dripstone_block' at position 0: <--[HERE]
[23:11:39] [Paper Common Worker #0/ERROR]: Failed to parse jigsaw replacement state 'minecrat:dripstone_block' at BlockPos{x=1048, y=-115, z=3083}: Unknown block type 'minecrat:dripstone_block' at position 0: <--[HERE]
[23:11:40] [Paper Common Worker #0/ERROR]: Failed to parse jigsaw replacement state 'minecrat:dripstone_block' at BlockPos{x=1058, y=-115, z=3069}: Unknown block type 'minecrat:dripstone_block' at position 0: <--[HERE]
[23:11:40] [Paper Common Worker #0/ERROR]: Failed to parse jigsaw replacement state 'minecrat:dripstone_block' at BlockPos{x=1058, y=-115, z=3069}: Unknown block type 'minecrat:dripstone_block' at position 0: <--[HERE]
[23:11:40] [Paper Common Worker #0/ERROR]: Failed to parse jigsaw replacement state 'minecrat:dripstone_block' at BlockPos{x=1058, y=-115, z=3069}: Unknown block type 'minecrat:dripstone_block' at position 0: <--[HERE]
[23:11:40] [Server thread/INFO]: [Chunky] Task running for world. Processed: 120129 chunks (7.68%), ETA: 34:02:20, Rate: 11.8 cps, Current: 64, 191
[23:11:41] [Paper Common Worker #0/ERROR]: Failed to parse jigsaw replacement state 'minecrat:dripstone_block' at BlockPos{x=1058, y=-115, z=3069}: Unknown block type 'minecrat:dripstone_block' at position 0: <--[HERE]
[23:11:41] [Paper Common Worker #0/ERROR]: Failed to parse jigsaw replacement state 'minecrat:dripstone_block' at BlockPos{x=1058, y=-115, z=3069}: Unknown block type 'minecrat:dripstone_block' at position 0: <--[HERE]
[23:11:41] [Paper Common Worker #0/ERROR]: Failed to parse jigsaw replacement state 'minecrat:dripstone_block' at BlockPos{x=1058, y=-115, z=3069}: Unknown block type 'minecrat:dripstone_block' at position 0: <--[HERE]
[23:11:41] [Paper Common Worker #0/ERROR]: Failed to parse jigsaw replacement state 'minecrat:dripstone_block' at BlockPos{x=1071, y=-115, z=3070}: Unknown block type 'minecrat:dripstone_block' at position 0: <--[HERE]
[23:11:41] [Paper Common Worker #0/ERROR]: Failed to parse jigsaw replacement state 'minecrat:dripstone_block' at BlockPos{x=1071, y=-115, z=3070}: Unknown block type 'minecrat:dripstone_block' at position 0: <--[HERE]
[23:11:41] [Paper Common Worker #0/ERROR]: Failed to parse jigsaw replacement state 'minecrat:dripstone_block' at BlockPos{x=1071, y=-115, z=3070}: Unknown block type 'minecrat:dripstone_block' at position 0: <--[HERE]
[23:11:41] [Paper Common Worker #0/ERROR]: Failed to parse jigsaw replacement state 'minecrat:dripstone_block' at BlockPos{x=1071, y=-115, z=3070}: Unknown block type 'minecrat:dripstone_block' at position 0: <--[HERE]
[23:11:41] [Paper Common Worker #0/ERROR]: Failed to parse jigsaw replacement state 'minecrat:dripstone_block' at BlockPos{x=1071, y=-115, z=3070}: Unknown block type 'minecrat:dripstone_block' at position 0: <--[HERE]
[23:11:41] [Paper Common Worker #0/ERROR]: Failed to parse jigsaw replacement state 'minecrat:dripstone_block' at BlockPos{x=1071, y=-115, z=3070}: Unknown block type 'minecrat:dripstone_block' at position 0: <--[HERE]
[23:11:41] [Paper Common Worker #0/ERROR]: Failed to parse jigsaw replacement state 'minecrat:dripstone_block' at BlockPos{x=1058, y=-115, z=3069}: Unknown block type 'minecrat:dripstone_block' at position 0: <--[HERE]
[23:11:41] [Paper Common Worker #0/ERROR]: Failed to parse jigsaw replacement state 'minecrat:dripstone_block' at BlockPos{x=1058, y=-115, z=3069}: Unknown block type 'minecrat:dripstone_block' at position 0: <--[HERE]
[23:11:41] [Paper Common Worker #0/ERROR]: Failed to parse jigsaw replacement state 'minecrat:dripstone_block' at BlockPos{x=1058, y=-115, z=3069}: Unknown block type 'minecrat:dripstone_block' at position 0: <--[HERE]
[23:11:41] [Server thread/INFO]: [Chunky] Task running for world. Processed: 120138 chunks (7.68%), ETA: 34:42:19, Rate: 11.6 cps, Current: 71, 182
[23:11:42] [Paper Common Worker #0/ERROR]: Block-attached entity at invalid position: BlockPos{x=78, y=-53, z=-180}
[23:11:42] [Paper Common Worker #0/ERROR]: Block-attached entity at invalid position: BlockPos{x=78, y=-52, z=-181}
[23:11:42] [Paper Common Worker #0/ERROR]: Failed to parse jigsaw replacement state 'minecrat:dripstone_block' at BlockPos{x=1071, y=-115, z=3070}: Unknown block type 'minecrat:dripstone_block' at position 0: <--[HERE]
[23:11:42] [Paper Common Worker #0/ERROR]: Failed to parse jigsaw replacement state 'minecrat:dripstone_block' at BlockPos{x=1071, y=-115, z=3070}: Unknown block type 'minecrat:dripstone_block' at position 0: <--[HERE]
[23:11:42] [Paper Common Worker #0/ERROR]: Failed to parse jigsaw replacement state 'minecrat:dripstone_block' at BlockPos{x=1071, y=-115, z=3070}: Unknown block type 'minecrat:dripstone_block' at position 0: <--[HERE]
[23:11:42] [Paper Common Worker #0/ERROR]: Failed to parse jigsaw replacement state 'minecrat:dripstone_block' at BlockPos{x=1071, y=-115, z=3070}: Unknown block type 'minecrat:dripstone_block' at position 0: <--[HERE]
[23:11:42] [Paper Common Worker #0/ERROR]: Failed to parse jigsaw replacement state 'minecrat:dripstone_block' at BlockPos{x=1071, y=-115, z=3070}: Unknown block type 'minecrat:dripstone_block' at position 0: <--[HERE]
[23:11:42] [Paper Common Worker #0/ERROR]: Failed to parse jigsaw replacement state 'minecrat:dripstone_block' at BlockPos{x=1071, y=-115, z=3070}: Unknown block type 'minecrat:dripstone_block' at position 0: <--[HERE]
[23:11:42] [Paper Common Worker #0/ERROR]: Failed to parse jigsaw replacement state 'minecrat:dripstone_block' at BlockPos{x=1113, y=-115, z=3041}: Unknown block type 'minecrat:dripstone_block' at position 0: <--[HERE]
[23:11:42] [Paper Common Worker #0/ERROR]: Failed to parse jigsaw replacement state 'minecrat:dripstone_block' at BlockPos{x=1113, y=-115, z=3041}: Unknown block type 'minecrat:dripstone_block' at position 0: <--[HERE]
[23:11:42] [Paper Common Worker #0/ERROR]: Failed to parse jigsaw replacement state 'minecrat:dripstone_block' at BlockPos{x=1113, y=-115, z=3041}: Unknown block type 'minecrat:dripstone_block' at position 0: <--[HERE]
[23:11:42] [Paper Common Worker #0/ERROR]: Failed to parse jigsaw replacement state 'minecrat:dripstone_block' at BlockPos{x=1113, y=-115, z=3041}: Unknown block type 'minecrat:dripstone_block' at position 0: <--[HERE]
[23:11:42] [Paper Common Worker #0/ERROR]: Failed to parse jigsaw replacement state 'minecrat:dripstone_block' at BlockPos{x=1113, y=-115, z=3041}: Unknown block type 'minecrat:dripstone_block' at position 0: <--[HERE]
[23:11:42] [Paper Common Worker #0/ERROR]: Failed to parse jigsaw replacement state 'minecrat:dripstone_block' at BlockPos{x=1113, y=-115, z=3041}: Unknown block type 'minecrat:dripstone_block' at position 0: <--[HERE]
[23:11:42] [Paper Common Worker #0/ERROR]: Failed to parse jigsaw replacement state 'minecrat:dripstone_block' at BlockPos{x=1113, y=-115, z=3041}: Unknown block type 'minecrat:dripstone_block' at position 0: <--[HERE]
[23:11:42] [Paper Common Worker #0/ERROR]: Failed to parse jigsaw replacement state 'minecrat:dripstone_block' at BlockPos{x=1113, y=-115, z=3041}: Unknown block type 'minecrat:dripstone_block' at position 0: <--[HERE]
[23:11:42] [Paper Common Worker #0/ERROR]: Failed to parse jigsaw replacement state 'minecrat:dripstone_block' at BlockPos{x=1109, y=-115, z=3010}: Unknown block type 'minecrat:dripstone_block' at position 0: <--[HERE]
[23:11:42] [Paper Common Worker #0/ERROR]: Failed to parse jigsaw replacement state 'minecrat:dripstone_block' at BlockPos{x=1109, y=-115, z=3010}: Unknown block type 'minecrat:dripstone_block' at position 0: <--[HERE]
[23:11:42] [Paper Common Worker #0/ERROR]: Failed to parse jigsaw replacement state 'minecrat:dripstone_block' at BlockPos{x=1058, y=-115, z=3069}: Unknown block type 'minecrat:dripstone_block' at position 0: <--[HERE]
[23:11:42] [Paper Common Worker #0/ERROR]: Failed to parse jigsaw replacement state 'minecrat:dripstone_block' at BlockPos{x=1058, y=-115, z=3069}: Unknown block type 'minecrat:dripstone_block' at position 0: <--[HERE]
[23:11:42] [Paper Common Worker #0/ERROR]: Failed to parse jigsaw replacement state 'minecrat:dripstone_block' at BlockPos{x=1058, y=-115, z=3069}: Unknown block type 'minecrat:dripstone_block' at position 0: <--[HERE]
[23:11:42] [Server thread/INFO]: [Chunky] Task running for world. Processed: 120151 chunks (7.68%), ETA: 34:35:58, Rate: 11.6 cps, Current: 67, 185
[23:11:43] [Paper Common Worker #0/ERROR]: Failed to parse jigsaw replacement state 'minecrat:dripstone_block' at BlockPos{x=1113, y=-115, z=3073}: Unknown block type 'minecrat:dripstone_block' at position 0: <--[HERE]
[23:11:43] [Paper Common Worker #0/ERROR]: Failed to parse jigsaw replacement state 'minecrat:dripstone_block' at BlockPos{x=1113, y=-115, z=3073}: Unknown block type 'minecrat:dripstone_block' at position 0: <--[HERE]
[23:11:43] [Paper Common Worker #0/ERROR]: Failed to parse jigsaw replacement state 'minecrat:dripstone_block' at BlockPos{x=1113, y=-115, z=3073}: Unknown block type 'minecrat:dripstone_block' at position 0: <--[HERE]
[23:11:43] [Paper Common Worker #0/ERROR]: Failed to parse jigsaw replacement state 'minecrat:dripstone_block' at BlockPos{x=1113, y=-115, z=3073}: Unknown block type 'minecrat:dripstone_block' at position 0: <--[HERE]
[23:11:43] [Paper Common Worker #0/ERROR]: Failed to parse jigsaw replacement state 'minecrat:dripstone_block' at BlockPos{x=1109, y=-115, z=3042}: Unknown block type 'minecrat:dripstone_block' at position 0: <--[HERE]
[23:11:43] [Paper Common Worker #0/ERROR]: Failed to parse jigsaw replacement state 'minecrat:dripstone_block' at BlockPos{x=1109, y=-115, z=3042}: Unknown block type 'minecrat:dripstone_block' at position 0: <--[HERE]
[23:11:43] [Paper Common Worker #0/ERROR]: Failed to parse jigsaw replacement state 'minecrat:dripstone_block' at BlockPos{x=1113, y=-115, z=3041}: Unknown block type 'minecrat:dripstone_block' at position 0: <--[HERE]
[23:11:43] [Paper Common Worker #0/ERROR]: Failed to parse jigsaw replacement state 'minecrat:dripstone_block' at BlockPos{x=1113, y=-115, z=3041}: Unknown block type 'minecrat:dripstone_block' at position 0: <--[HERE]
[23:11:43] [Paper Common Worker #0/ERROR]: Failed to parse jigsaw replacement state 'minecrat:dripstone_block' at BlockPos{x=1113, y=-115, z=3041}: Unknown block type 'minecrat:dripstone_block' at position 0: <--[HERE]
[23:11:43] [Paper Common Worker #0/ERROR]: Failed to parse jigsaw replacement state 'minecrat:dripstone_block' at BlockPos{x=1113, y=-115, z=3041}: Unknown block type 'minecrat:dripstone_block' at position 0: <--[HERE]
[23:11:43] [Paper Common Worker #0/ERROR]: Block-attached entity at invalid position: BlockPos{x=78, y=-53, z=-180}
[23:11:43] [Paper Common Worker #0/ERROR]: Block-attached entity at invalid position: BlockPos{x=78, y=-52, z=-181}
[23:11:43] [Server thread/INFO]: [Chunky] Task running for world. Processed: 120164 chunks (7.68%), ETA: 35:07:03, Rate: 11.4 cps, Current: 68, 189
[23:11:43] [Paper Common Worker #0/ERROR]: Failed to parse jigsaw replacement state 'minecrat:dripstone_block' at BlockPos{x=1072, y=-115, z=3083}: Unknown block type 'minecrat:dripstone_block' at position 0: <--[HERE]
[23:11:43] [Paper Common Worker #0/ERROR]: Failed to parse jigsaw replacement state 'minecrat:dripstone_block' at BlockPos{x=1072, y=-115, z=3083}: Unknown block type 'minecrat:dripstone_block' at position 0: <--[HERE]
[23:11:43] [Paper Common Worker #0/ERROR]: Failed to parse jigsaw replacement state 'minecrat:dripstone_block' at BlockPos{x=1072, y=-115, z=3083}: Unknown block type 'minecrat:dripstone_block' at position 0: <--[HERE]
[23:11:43] [Paper Common Worker #0/ERROR]: Failed to parse jigsaw replacement state 'minecrat:dripstone_block' at BlockPos{x=1072, y=-115, z=3083}: Unknown block type 'minecrat:dripstone_block' at position 0: <--[HERE]
[23:11:44] [Paper Common Worker #0/ERROR]: Failed to parse jigsaw replacement state 'minecrat:dripstone_block' at BlockPos{x=1113, y=-115, z=3073}: Unknown block type 'minecrat:dripstone_block' at position 0: <--[HERE]
[23:11:44] [Paper Common Worker #0/ERROR]: Failed to parse jigsaw replacement state 'minecrat:dripstone_block' at BlockPos{x=1113, y=-115, z=3073}: Unknown block type 'minecrat:dripstone_block' at position 0: <--[HERE]
[23:11:44] [Paper Common Worker #0/ERROR]: Failed to parse jigsaw replacement state 'minecrat:dripstone_block' at BlockPos{x=1113, y=-115, z=3073}: Unknown block type 'minecrat:dripstone_block' at position 0: <--[HERE]
[23:11:44] [Paper Common Worker #0/ERROR]: Failed to parse jigsaw replacement state 'minecrat:dripstone_block' at BlockPos{x=1113, y=-115, z=3073}: Unknown block type 'minecrat:dripstone_block' at position 0: <--[HERE]
[23:11:44] [Paper Common Worker #0/ERROR]: Failed to parse jigsaw replacement state 'minecrat:dripstone_block' at BlockPos{x=1103, y=-115, z=3079}: Unknown block type 'minecrat:dripstone_block' at position 0: <--[HERE]
[23:11:44] [Paper Common Worker #0/ERROR]: Failed to parse jigsaw replacement state 'minecrat:dripstone_block' at BlockPos{x=1103, y=-115, z=3079}: Unknown block type 'minecrat:dripstone_block' at position 0: <--[HERE]
[23:11:44] [Paper Common Worker #0/ERROR]: Failed to parse jigsaw replacement state 'minecrat:dripstone_block' at BlockPos{x=1072, y=-115, z=3083}: Unknown block type 'minecrat:dripstone_block' at position 0: <--[HERE]
[23:11:44] [Paper Common Worker #0/ERROR]: Failed to parse jigsaw replacement state 'minecrat:dripstone_block' at BlockPos{x=1072, y=-115, z=3083}: Unknown block type 'minecrat:dripstone_block' at position 0: <--[HERE]
[23:11:44] [Paper Common Worker #0/ERROR]: Failed to parse jigsaw replacement state 'minecrat:dripstone_block' at BlockPos{x=1072, y=-115, z=3083}: Unknown block type 'minecrat:dripstone_block' at position 0: <--[HERE]
[23:11:44] [Paper Common Worker #0/ERROR]: Failed to parse jigsaw replacement state 'minecrat:dripstone_block' at BlockPos{x=1072, y=-115, z=3083}: Unknown block type 'minecrat:dripstone_block' at position 0: <--[HERE]
[23:11:44] [Paper Common Worker #0/ERROR]: Block-attached entity at invalid position: BlockPos{x=78, y=-53, z=-180}
[23:11:44] [Paper Common Worker #0/ERROR]: Block-attached entity at invalid position: BlockPos{x=78, y=-52, z=-181}
[23:11:44] [Paper Common Worker #0/ERROR]: Failed to parse jigsaw replacement state 'minecrat:dripstone_block' at BlockPos{x=1138, y=-115, z=3056}: Unknown block type 'minecrat:dripstone_block' at position 0: <--[HERE]
[23:11:44] [Paper Common Worker #0/ERROR]: Failed to parse jigsaw replacement state 'minecrat:dripstone_block' at BlockPos{x=1138, y=-115, z=3056}: Unknown block type 'minecrat:dripstone_block' at position 0: <--[HERE]
[23:11:44] [Paper Common Worker #0/ERROR]: Failed to parse jigsaw replacement state 'minecrat:dripstone_block' at BlockPos{x=1138, y=-115, z=3056}: Unknown block type 'minecrat:dripstone_block' at position 0: <--[HERE]
[23:11:44] [Paper Common Worker #0/ERROR]: Failed to parse jigsaw replacement state 'minecrat:dripstone_block' at BlockPos{x=1138, y=-115, z=3056}: Unknown block type 'minecrat:dripstone_block' at position 0: <--[HERE]
[23:11:44] [Paper Common Worker #0/ERROR]: Failed to parse jigsaw replacement state 'minecrat:dripstone_block' at BlockPos{x=1138, y=-115, z=3056}: Unknown block type 'minecrat:dripstone_block' at position 0: <--[HERE]
[23:11:44] [Paper Common Worker #0/ERROR]: Failed to parse jigsaw replacement state 'minecrat:dripstone_block' at BlockPos{x=1138, y=-115, z=3056}: Unknown block type 'minecrat:dripstone_block' at position 0: <--[HERE]
[23:11:44] [Paper Common Worker #0/ERROR]: Failed to parse jigsaw replacement state 'minecrat:dripstone_block' at BlockPos{x=1138, y=-115, z=3056}: Unknown block type 'minecrat:dripstone_block' at position 0: <--[HERE]
[23:11:44] [Paper Common Worker #0/ERROR]: Failed to parse jigsaw replacement state 'minecrat:dripstone_block' at BlockPos{x=1138, y=-115, z=3056}: Unknown block type 'minecrat:dripstone_block' at position 0: <--[HERE]
[23:11:44] [Paper Common Worker #0/ERROR]: Failed to parse jigsaw replacement state 'minecrat:dripstone_block' at BlockPos{x=1138, y=-115, z=3056}: Unknown block type 'minecrat:dripstone_block' at position 0: <--[HERE]
[23:11:44] [Paper Common Worker #0/ERROR]: Failed to parse jigsaw replacement state 'minecrat:dripstone_block' at BlockPos{x=1138, y=-115, z=3056}: Unknown block type 'minecrat:dripstone_block' at position 0: <--[HERE]
[23:11:44] [Paper Common Worker #0/ERROR]: Failed to parse jigsaw replacement state 'minecrat:dripstone_block' at BlockPos{x=1138, y=-115, z=3056}: Unknown block type 'minecrat:dripstone_block' at position 0: <--[HERE]
[23:11:44] [Paper Common Worker #0/ERROR]: Failed to parse jigsaw replacement state 'minecrat:dripstone_block' at BlockPos{x=1138, y=-115, z=3056}: Unknown block type 'minecrat:dripstone_block' at position 0: <--[HERE]
[23:11:44] [Paper Common Worker #0/ERROR]: Failed to parse jigsaw replacement state 'minecrat:dripstone_block' at BlockPos{x=1138, y=-115, z=3092}: Unknown block type 'minecrat:dripstone_block' at position 0: <--[HERE]
[23:11:44] [Paper Common Worker #0/ERROR]: Failed to parse jigsaw replacement state 'minecrat:dripstone_block' at BlockPos{x=1138, y=-115, z=3092}: Unknown block type 'minecrat:dripstone_block' at position 0: <--[HERE]
[23:11:44] [Paper Common Worker #0/ERROR]: Failed to parse jigsaw replacement state 'minecrat:dripstone_block' at BlockPos{x=1138, y=-115, z=3092}: Unknown block type 'minecrat:dripstone_block' at position 0: <--[HERE]
[23:11:44] [Paper Common Worker #0/ERROR]: Failed to parse jigsaw replacement state 'minecrat:dripstone_block' at BlockPos{x=1138, y=-115, z=3092}: Unknown block type 'minecrat:dripstone_block' at position 0: <--[HERE]
[23:11:44] [Paper Common Worker #0/ERROR]: Failed to parse jigsaw replacement state 'minecrat:dripstone_block' at BlockPos{x=1138, y=-115, z=3092}: Unknown block type 'minecrat:dripstone_block' at position 0: <--[HERE]
[23:11:44] [Paper Common Worker #0/ERROR]: Failed to parse jigsaw replacement state 'minecrat:dripstone_block' at BlockPos{x=1138, y=-115, z=3092}: Unknown block type 'minecrat:dripstone_block' at position 0: <--[HERE]
[23:11:44] [Paper Common Worker #0/ERROR]: Failed to parse jigsaw replacement state 'minecrat:dripstone_block' at BlockPos{x=1147, y=-115, z=3057}: Unknown block type 'minecrat:dripstone_block' at position 0: <--[HERE]
[23:11:44] [Paper Common Worker #0/ERROR]: Failed to parse jigsaw replacement state 'minecrat:dripstone_block' at BlockPos{x=1147, y=-115, z=3057}: Unknown block type 'minecrat:dripstone_block' at position 0: <--[HERE]
[23:11:44] [Paper Common Worker #0/ERROR]: Failed to parse jigsaw replacement state 'minecrat:dripstone_block' at BlockPos{x=1138, y=-115, z=3056}: Unknown block type 'minecrat:dripstone_block' at position 0: <--[HERE]
[23:11:44] [Paper Common Worker #0/ERROR]: Failed to parse jigsaw replacement state 'minecrat:dripstone_block' at BlockPos{x=1138, y=-115, z=3056}: Unknown block type 'minecrat:dripstone_block' at position 0: <--[HERE]
[23:11:44] [Paper Common Worker #0/ERROR]: Failed to parse jigsaw replacement state 'minecrat:dripstone_block' at BlockPos{x=1138, y=-115, z=3056}: Unknown block type 'minecrat:dripstone_block' at position 0: <--[HERE]
[23:11:44] [Paper Common Worker #0/ERROR]: Failed to parse jigsaw replacement state 'minecrat:dripstone_block' at BlockPos{x=1138, y=-115, z=3056}: Unknown block type 'minecrat:dripstone_block' at position 0: <--[HERE]
[23:11:44] [Paper Common Worker #0/ERROR]: Failed to parse jigsaw replacement state 'minecrat:dripstone_block' at BlockPos{x=1138, y=-115, z=3056}: Unknown block type 'minecrat:dripstone_block' at position 0: <--[HERE]
[23:11:44] [Paper Common Worker #0/ERROR]: Failed to parse jigsaw replacement state 'minecrat:dripstone_block' at BlockPos{x=1138, y=-115, z=3056}: Unknown block type 'minecrat:dripstone_block' at position 0: <--[HERE]
[23:11:44] [Server thread/INFO]: [Chunky] Task running for world. Processed: 120175 chunks (7.68%), ETA: 34:43:49, Rate: 11.6 cps, Current: 68, 190
[23:11:45] [Paper Common Worker #0/ERROR]: Failed to parse jigsaw replacement state 'minecrat:dripstone_block' at BlockPos{x=1104, y=-115, z=3088}: Unknown block type 'minecrat:dripstone_block' at position 0: <--[HERE]
[23:11:45] [Paper Common Worker #0/ERROR]: Failed to parse jigsaw replacement state 'minecrat:dripstone_block' at BlockPos{x=1104, y=-115, z=3088}: Unknown block type 'minecrat:dripstone_block' at position 0: <--[HERE]
[23:11:45] [Paper Common Worker #0/ERROR]: Failed to parse jigsaw replacement state 'minecrat:dripstone_block' at BlockPos{x=1104, y=-115, z=3088}: Unknown block type 'minecrat:dripstone_block' at position 0: <--[HERE]
[23:11:45] [Paper Common Worker #0/ERROR]: Failed to parse jigsaw replacement state 'minecrat:dripstone_block' at BlockPos{x=1104, y=-115, z=3088}: Unknown block type 'minecrat:dripstone_block' at position 0: <--[HERE]
[23:11:45] [Paper Common Worker #0/ERROR]: Failed to parse jigsaw replacement state 'minecrat:dripstone_block' at BlockPos{x=1104, y=-115, z=3088}: Unknown block type 'minecrat:dripstone_block' at position 0: <--[HERE]
[23:11:45] [Paper Common Worker #0/ERROR]: Failed to parse jigsaw replacement state 'minecrat:dripstone_block' at BlockPos{x=1104, y=-115, z=3088}: Unknown block type 'minecrat:dripstone_block' at position 0: <--[HERE]
[23:11:45] [Paper Common Worker #0/ERROR]: Failed to parse jigsaw replacement state 'minecrat:dripstone_block' at BlockPos{x=1104, y=-115, z=3088}: Unknown block type 'minecrat:dripstone_block' at position 0: <--[HERE]
[23:11:45] [Paper Common Worker #0/ERROR]: Failed to parse jigsaw replacement state 'minecrat:dripstone_block' at BlockPos{x=1104, y=-115, z=3088}: Unknown block type 'minecrat:dripstone_block' at position 0: <--[HERE]
[23:11:45] [Paper Common Worker #0/ERROR]: Failed to parse jigsaw replacement state 'minecrat:dripstone_block' at BlockPos{x=1137, y=-115, z=3079}: Unknown block type 'minecrat:dripstone_block' at position 0: <--[HERE]
[23:11:45] [Paper Common Worker #0/ERROR]: Failed to parse jigsaw replacement state 'minecrat:dripstone_block' at BlockPos{x=1137, y=-115, z=3079}: Unknown block type 'minecrat:dripstone_block' at position 0: <--[HERE]
[23:11:45] [Paper Common Worker #0/ERROR]: Failed to parse jigsaw replacement state 'minecrat:dripstone_block' at BlockPos{x=1137, y=-115, z=3079}: Unknown block type 'minecrat:dripstone_block' at position 0: <--[HERE]
[23:11:45] [Paper Common Worker #0/ERROR]: Failed to parse jigsaw replacement state 'minecrat:dripstone_block' at BlockPos{x=1137, y=-115, z=3079}: Unknown block type 'minecrat:dripstone_block' at position 0: <--[HERE]
[23:11:45] [Paper Common Worker #0/ERROR]: Failed to parse jigsaw replacement state 'minecrat:dripstone_block' at BlockPos{x=1113, y=-115, z=3073}: Unknown block type 'minecrat:dripstone_block' at position 0: <--[HERE]
[23:11:45] [Paper Common Worker #0/ERROR]: Failed to parse jigsaw replacement state 'minecrat:dripstone_block' at BlockPos{x=1113, y=-115, z=3073}: Unknown block type 'minecrat:dripstone_block' at position 0: <--[HERE]
[23:11:45] [Paper Common Worker #0/ERROR]: Failed to parse jigsaw replacement state 'minecrat:dripstone_block' at BlockPos{x=1113, y=-115, z=3073}: Unknown block type 'minecrat:dripstone_block' at position 0: <--[HERE]
[23:11:45] [Paper Common Worker #0/ERROR]: Failed to parse jigsaw replacement state 'minecrat:dripstone_block' at BlockPos{x=1113, y=-115, z=3073}: Unknown block type 'minecrat:dripstone_block' at position 0: <--[HERE]
[23:11:45] [Paper Common Worker #0/ERROR]: Failed to parse jigsaw replacement state 'minecrat:dripstone_block' at BlockPos{x=1138, y=-115, z=3056}: Unknown block type 'minecrat:dripstone_block' at position 0: <--[HERE]
[23:11:45] [Paper Common Worker #0/ERROR]: Failed to parse jigsaw replacement state 'minecrat:dripstone_block' at BlockPos{x=1138, y=-115, z=3056}: Unknown block type 'minecrat:dripstone_block' at position 0: <--[HERE]
[23:11:45] [Paper Common Worker #0/ERROR]: Failed to parse jigsaw replacement state 'minecrat:dripstone_block' at BlockPos{x=1138, y=-115, z=3056}: Unknown block type 'minecrat:dripstone_block' at position 0: <--[HERE]
[23:11:45] [Paper Common Worker #0/ERROR]: Failed to parse jigsaw replacement state 'minecrat:dripstone_block' at BlockPos{x=1138, y=-115, z=3056}: Unknown block type 'minecrat:dripstone_block' at position 0: <--[HERE]
[23:11:45] [Paper Common Worker #0/ERROR]: Failed to parse jigsaw replacement state 'minecrat:dripstone_block' at BlockPos{x=1138, y=-115, z=3056}: Unknown block type 'minecrat:dripstone_block' at position 0: <--[HERE]
[23:11:45] [Paper Common Worker #0/ERROR]: Failed to parse jigsaw replacement state 'minecrat:dripstone_block' at BlockPos{x=1138, y=-115, z=3056}: Unknown block type 'minecrat:dripstone_block' at position 0: <--[HERE]
[23:11:45] [Paper Common Worker #0/ERROR]: Failed to parse jigsaw replacement state 'minecrat:dripstone_block' at BlockPos{x=1138, y=-115, z=3056}: Unknown block type 'minecrat:dripstone_block' at position 0: <--[HERE]
[23:11:45] [Paper Common Worker #0/ERROR]: Failed to parse jigsaw replacement state 'minecrat:dripstone_block' at BlockPos{x=1138, y=-115, z=3056}: Unknown block type 'minecrat:dripstone_block' at position 0: <--[HERE]
[23:11:45] [Paper Common Worker #0/ERROR]: Failed to parse jigsaw replacement state 'minecrat:dripstone_block' at BlockPos{x=1138, y=-115, z=3056}: Unknown block type 'minecrat:dripstone_block' at position 0: <--[HERE]
[23:11:45] [Paper Common Worker #0/ERROR]: Failed to parse jigsaw replacement state 'minecrat:dripstone_block' at BlockPos{x=1138, y=-115, z=3056}: Unknown block type 'minecrat:dripstone_block' at position 0: <--[HERE]
[23:11:45] [Paper Common Worker #0/ERROR]: Failed to parse jigsaw replacement state 'minecrat:dripstone_block' at BlockPos{x=1138, y=-115, z=3056}: Unknown block type 'minecrat:dripstone_block' at position 0: <--[HERE]
[23:11:45] [Paper Common Worker #0/ERROR]: Failed to parse jigsaw replacement state 'minecrat:dripstone_block' at BlockPos{x=1138, y=-115, z=3056}: Unknown block type 'minecrat:dripstone_block' at position 0: <--[HERE]
[23:11:46] [Server thread/INFO]: [Chunky] Task running for world. Processed: 120186 chunks (7.68%), ETA: 35:23:50, Rate: 11.3 cps, Current: 71, 186
[23:11:46] [Paper Common Worker #0/ERROR]: Failed to parse jigsaw replacement state 'minecrat:dripstone_block' at BlockPos{x=1137, y=-115, z=3079}: Unknown block type 'minecrat:dripstone_block' at position 0: <--[HERE]
[23:11:46] [Paper Common Worker #0/ERROR]: Failed to parse jigsaw replacement state 'minecrat:dripstone_block' at BlockPos{x=1137, y=-115, z=3079}: Unknown block type 'minecrat:dripstone_block' at position 0: <--[HERE]
[23:11:46] [Paper Common Worker #0/ERROR]: Failed to parse jigsaw replacement state 'minecrat:dripstone_block' at BlockPos{x=1137, y=-115, z=3079}: Unknown block type 'minecrat:dripstone_block' at position 0: <--[HERE]
[23:11:46] [Paper Common Worker #0/ERROR]: Failed to parse jigsaw replacement state 'minecrat:dripstone_block' at BlockPos{x=1137, y=-115, z=3079}: Unknown block type 'minecrat:dripstone_block' at position 0: <--[HERE]
[23:11:46] [Paper Common Worker #0/ERROR]: Failed to parse jigsaw replacement state 'minecrat:dripstone_block' at BlockPos{x=1138, y=-115, z=3092}: Unknown block type 'minecrat:dripstone_block' at position 0: <--[HERE]
[23:11:46] [Paper Common Worker #0/ERROR]: Failed to parse jigsaw replacement state 'minecrat:dripstone_block' at BlockPos{x=1138, y=-115, z=3092}: Unknown block type 'minecrat:dripstone_block' at position 0: <--[HERE]
[23:11:46] [Paper Common Worker #0/ERROR]: Failed to parse jigsaw replacement state 'minecrat:dripstone_block' at BlockPos{x=1138, y=-115, z=3092}: Unknown block type 'minecrat:dripstone_block' at position 0: <--[HERE]
[23:11:46] [Paper Common Worker #0/ERROR]: Failed to parse jigsaw replacement state 'minecrat:dripstone_block' at BlockPos{x=1138, y=-115, z=3092}: Unknown block type 'minecrat:dripstone_block' at position 0: <--[HERE]
[23:11:46] [Paper Common Worker #0/ERROR]: Failed to parse jigsaw replacement state 'minecrat:dripstone_block' at BlockPos{x=1138, y=-115, z=3092}: Unknown block type 'minecrat:dripstone_block' at position 0: <--[HERE]
[23:11:46] [Paper Common Worker #0/ERROR]: Failed to parse jigsaw replacement state 'minecrat:dripstone_block' at BlockPos{x=1138, y=-115, z=3092}: Unknown block type 'minecrat:dripstone_block' at position 0: <--[HERE]
[23:11:46] [Paper Common Worker #0/ERROR]: Block-attached entity at invalid position: BlockPos{x=78, y=-53, z=-180}
[23:11:46] [Paper Common Worker #0/ERROR]: Block-attached entity at invalid position: BlockPos{x=78, y=-52, z=-181}
[23:11:46] [Paper Common Worker #0/ERROR]: Failed to parse jigsaw replacement state 'minecrat:dripstone_block' at BlockPos{x=1138, y=-115, z=3056}: Unknown block type 'minecrat:dripstone_block' at position 0: <--[HERE]
[23:11:46] [Paper Common Worker #0/ERROR]: Failed to parse jigsaw replacement state 'minecrat:dripstone_block' at BlockPos{x=1138, y=-115, z=3056}: Unknown block type 'minecrat:dripstone_block' at position 0: <--[HERE]
[23:11:46] [Paper Common Worker #0/ERROR]: Failed to parse jigsaw replacement state 'minecrat:dripstone_block' at BlockPos{x=1138, y=-115, z=3056}: Unknown block type 'minecrat:dripstone_block' at position 0: <--[HERE]
[23:11:46] [Paper Common Worker #0/ERROR]: Failed to parse jigsaw replacement state 'minecrat:dripstone_block' at BlockPos{x=1138, y=-115, z=3056}: Unknown block type 'minecrat:dripstone_block' at position 0: <--[HERE]
[23:11:46] [Paper Common Worker #0/ERROR]: Failed to parse jigsaw replacement state 'minecrat:dripstone_block' at BlockPos{x=1138, y=-115, z=3056}: Unknown block type 'minecrat:dripstone_block' at position 0: <--[HERE]
[23:11:46] [Paper Common Worker #0/ERROR]: Failed to parse jigsaw replacement state 'minecrat:dripstone_block' at BlockPos{x=1138, y=-115, z=3056}: Unknown block type 'minecrat:dripstone_block' at position 0: <--[HERE]
[23:11:47] [Paper Common Worker #0/ERROR]: Failed to parse jigsaw replacement state 'minecrat:dripstone_block' at BlockPos{x=1137, y=-115, z=3079}: Unknown block type 'minecrat:dripstone_block' at position 0: <--[HERE]
[23:11:47] [Paper Common Worker #0/ERROR]: Failed to parse jigsaw replacement state 'minecrat:dripstone_block' at BlockPos{x=1137, y=-115, z=3079}: Unknown block type 'minecrat:dripstone_block' at position 0: <--[HERE]
[23:11:47] [Paper Common Worker #0/ERROR]: Failed to parse jigsaw replacement state 'minecrat:dripstone_block' at BlockPos{x=1137, y=-115, z=3079}: Unknown block type 'minecrat:dripstone_block' at position 0: <--[HERE]
[23:11:47] [Paper Common Worker #0/ERROR]: Failed to parse jigsaw replacement state 'minecrat:dripstone_block' at BlockPos{x=1137, y=-115, z=3079}: Unknown block type 'minecrat:dripstone_block' at position 0: <--[HERE]
[23:11:47] [Paper Common Worker #0/ERROR]: Failed to parse jigsaw replacement state 'minecrat:dripstone_block' at BlockPos{x=1138, y=-115, z=3092}: Unknown block type 'minecrat:dripstone_block' at position 0: <--[HERE]
[23:11:47] [Paper Common Worker #0/ERROR]: Failed to parse jigsaw replacement state 'minecrat:dripstone_block' at BlockPos{x=1138, y=-115, z=3092}: Unknown block type 'minecrat:dripstone_block' at position 0: <--[HERE]
[23:11:47] [Paper Common Worker #0/ERROR]: Failed to parse jigsaw replacement state 'minecrat:dripstone_block' at BlockPos{x=1138, y=-115, z=3092}: Unknown block type 'minecrat:dripstone_block' at position 0: <--[HERE]
[23:11:47] [Paper Common Worker #0/ERROR]: Failed to parse jigsaw replacement state 'minecrat:dripstone_block' at BlockPos{x=1138, y=-115, z=3092}: Unknown block type 'minecrat:dripstone_block' at position 0: <--[HERE]
[23:11:47] [Paper Common Worker #0/ERROR]: Failed to parse jigsaw replacement state 'minecrat:dripstone_block' at BlockPos{x=1138, y=-115, z=3092}: Unknown block type 'minecrat:dripstone_block' at position 0: <--[HERE]
[23:11:47] [Paper Common Worker #0/ERROR]: Failed to parse jigsaw replacement state 'minecrat:dripstone_block' at BlockPos{x=1138, y=-115, z=3092}: Unknown block type 'minecrat:dripstone_block' at position 0: <--[HERE]
[23:11:47] [Paper Common Worker #0/ERROR]: Failed to parse jigsaw replacement state 'minecrat:dripstone_block' at BlockPos{x=1138, y=-115, z=3092}: Unknown block type 'minecrat:dripstone_block' at position 0: <--[HERE]
[23:11:47] [Paper Common Worker #0/ERROR]: Failed to parse jigsaw replacement state 'minecrat:dripstone_block' at BlockPos{x=1138, y=-115, z=3092}: Unknown block type 'minecrat:dripstone_block' at position 0: <--[HERE]
[23:11:47] [Paper Common Worker #0/ERROR]: Failed to parse jigsaw replacement state 'minecrat:dripstone_block' at BlockPos{x=1138, y=-115, z=3092}: Unknown block type 'minecrat:dripstone_block' at position 0: <--[HERE]
[23:11:47] [Paper Common Worker #0/ERROR]: Failed to parse jigsaw replacement state 'minecrat:dripstone_block' at BlockPos{x=1138, y=-115, z=3092}: Unknown block type 'minecrat:dripstone_block' at position 0: <--[HERE]
[23:11:47] [Paper Common Worker #0/ERROR]: Failed to parse jigsaw replacement state 'minecrat:dripstone_block' at BlockPos{x=1138, y=-115, z=3092}: Unknown block type 'minecrat:dripstone_block' at position 0: <--[HERE]
[23:11:47] [Paper Common Worker #0/ERROR]: Failed to parse jigsaw replacement state 'minecrat:dripstone_block' at BlockPos{x=1138, y=-115, z=3092}: Unknown block type 'minecrat:dripstone_block' at position 0: <--[HERE]
[23:11:47] [Paper Common Worker #0/ERROR]: Failed to parse jigsaw replacement state 'minecrat:dripstone_block' at BlockPos{x=1161, y=-115, z=3083}: Unknown block type 'minecrat:dripstone_block' at position 0: <--[HERE]
[23:11:47] [Paper Common Worker #0/ERROR]: Failed to parse jigsaw replacement state 'minecrat:dripstone_block' at BlockPos{x=1161, y=-115, z=3083}: Unknown block type 'minecrat:dripstone_block' at position 0: <--[HERE]
[23:11:47] [Server thread/INFO]: [Chunky] Task running for world. Processed: 120202 chunks (7.68%), ETA: 35:12:13, Rate: 11.4 cps, Current: 73, 187
[23:11:48] [Server thread/INFO]: [Chunky] Task running for world. Processed: 120211 chunks (7.68%), ETA: 35:16:45, Rate: 11.4 cps, Current: 74, 189
[23:11:48] [Paper Common Worker #0/ERROR]: Failed to parse jigsaw replacement state 'minecrat:dripstone_block' at BlockPos{x=1161, y=-115, z=3083}: Unknown block type 'minecrat:dripstone_block' at position 0: <--[HERE]
[23:11:48] [Paper Common Worker #0/ERROR]: Failed to parse jigsaw replacement state 'minecrat:dripstone_block' at BlockPos{x=1161, y=-115, z=3083}: Unknown block type 'minecrat:dripstone_block' at position 0: <--[HERE]
[23:11:48] [Paper Common Worker #0/ERROR]: Failed to parse jigsaw replacement state 'minecrat:dripstone_block' at BlockPos{x=1186, y=-115, z=3079}: Unknown block type 'minecrat:dripstone_block' at position 0: <--[HERE]
[23:11:48] [Paper Common Worker #0/ERROR]: Failed to parse jigsaw replacement state 'minecrat:dripstone_block' at BlockPos{x=1186, y=-115, z=3079}: Unknown block type 'minecrat:dripstone_block' at position 0: <--[HERE]
[23:11:48] [Server thread/INFO]: AL5PT issued server command: //set gold_block
[23:11:49] [Paper Common Worker #0/ERROR]: Failed to parse jigsaw replacement state 'minecrat:dripstone_block' at BlockPos{x=1186, y=-115, z=3079}: Unknown block type 'minecrat:dripstone_block' at position 0: <--[HERE]
[23:11:49] [Paper Common Worker #0/ERROR]: Failed to parse jigsaw replacement state 'minecrat:dripstone_block' at BlockPos{x=1186, y=-115, z=3079}: Unknown block type 'minecrat:dripstone_block' at position 0: <--[HERE]
[23:11:49] [Server thread/INFO]: [Chunky] Task running for world. Processed: 120222 chunks (7.68%), ETA: 34:53:07, Rate: 11.5 cps, Current: 76, 188
[23:11:50] [Server thread/INFO]: [Chunky] Task running for world. Processed: 120229 chunks (7.68%), ETA: 35:52:45, Rate: 11.2 cps, Current: 77, 187
[23:11:51] [Server thread/INFO]: [Chunky] Task running for world. Processed: 120239 chunks (7.68%), ETA: 36:07:26, Rate: 11.1 cps, Current: 78, 189
[23:11:52] [Server thread/INFO]: [Chunky] Task running for world. Processed: 120250 chunks (7.68%), ETA: 36:18:56, Rate: 11.1 cps, Current: 78, 186
[23:11:53] [Server thread/INFO]: [Chunky] Task running for world. Processed: 120264 chunks (7.68%), ETA: 35:09:18, Rate: 11.4 cps, Current: 72, 179
[23:11:54] [Server thread/INFO]: [Chunky] Task running for world. Processed: 120287 chunks (7.69%), ETA: 34:54:24, Rate: 11.5 cps, Current: 74, 180
[23:11:56] [Server thread/INFO]: [Chunky] Task running for world. Processed: 120321 chunks (7.69%), ETA: 32:12:35, Rate: 12.5 cps, Current: 80, 176
[23:11:57] [Server thread/INFO]: [Chunky] Task running for world. Processed: 120323 chunks (7.69%), ETA: 33:10:45, Rate: 12.1 cps, Current: 80, 178
[23:11:58] [Server thread/INFO]: [Chunky] Task running for world. Processed: 120327 chunks (7.69%), ETA: 33:42:32, Rate: 11.9 cps, Current: 82, 178
[23:11:59] [Server thread/INFO]: [Chunky] Task running for world. Processed: 120343 chunks (7.69%), ETA: 32:29:49, Rate: 12.3 cps, Current: 84, 181
[23:12:01] [Server thread/INFO]: [Chunky] Task running for world. Processed: 120356 chunks (7.69%), ETA: 32:09:07, Rate: 12.5 cps, Current: 86, 177
[23:12:02] [Server thread/INFO]: [Chunky] Task running for world. Processed: 120369 chunks (7.69%), ETA: 34:00:53, Rate: 11.8 cps, Current: 80, 185
[23:12:03] [Server thread/INFO]: [Chunky] Task running for world. Processed: 120374 chunks (7.69%), ETA: 34:43:28, Rate: 11.6 cps, Current: 81, 184
[23:12:04] [Server thread/INFO]: [Chunky] Task running for world. Processed: 120400 chunks (7.69%), ETA: 35:42:36, Rate: 11.2 cps, Current: 82, 185
[23:12:05] [Server thread/INFO]: [Chunky] Task running for world. Processed: 120407 chunks (7.69%), ETA: 35:15:31, Rate: 11.4 cps, Current: 83, 185
[23:12:06] [Server thread/INFO]: [Chunky] Task running for world. Processed: 120422 chunks (7.69%), ETA: 35:37:31, Rate: 11.3 cps, Current: 85, 185
[23:12:07] [Server thread/INFO]: [Chunky] Task running for world. Processed: 120433 chunks (7.70%), ETA: 36:20:54, Rate: 11.0 cps, Current: 83, 191
[23:12:08] [Server thread/INFO]: [Chunky] Task running for world. Processed: 120445 chunks (7.70%), ETA: 35:54:52, Rate: 11.2 cps, Current: 84, 191
[23:12:09] [Paper Common Worker #0/ERROR]: Block-attached entity at invalid position: BlockPos{x=-129, y=74, z=-118}
[23:12:09] [Paper Common Worker #0/ERROR]: Block-attached entity at invalid position: BlockPos{x=-129, y=74, z=-116}
[23:12:09] [Paper Common Worker #0/ERROR]: Block-attached entity at invalid position: BlockPos{x=-128, y=74, z=-118}
[23:12:10] [Server thread/INFO]: [Chunky] Task running for world. Processed: 120457 chunks (7.70%), ETA: 35:57:14, Rate: 11.2 cps, Current: 88, 189
[23:12:11] [Server thread/INFO]: [Chunky] Task running for world. Processed: 120467 chunks (7.70%), ETA: 35:46:11, Rate: 11.2 cps, Current: 90, 189
[23:12:12] [Server thread/INFO]: [Chunky] Task running for world. Processed: 120479 chunks (7.70%), ETA: 36:32:03, Rate: 11.0 cps, Current: 93, 189
[23:12:13] [Server thread/INFO]: [Chunky] Task running for world. Processed: 120490 chunks (7.70%), ETA: 36:39:34, Rate: 10.9 cps, Current: 93, 186
[23:12:14] [Server thread/INFO]: [Chunky] Task running for world. Processed: 120505 chunks (7.70%), ETA: 35:56:03, Rate: 11.2 cps, Current: 94, 186
[23:12:16] [Server thread/INFO]: [Chunky] Task running for world. Processed: 120520 chunks (7.70%), ETA: 35:45:22, Rate: 11.2 cps, Current: 95, 189
[23:12:17] [Server thread/INFO]: [Chunky] Task running for world. Processed: 120538 chunks (7.70%), ETA: 35:24:47, Rate: 11.3 cps, Current: 88, 176
[23:12:18] [Server thread/INFO]: [Chunky] Task running for world. Processed: 120550 chunks (7.70%), ETA: 35:20:39, Rate: 11.4 cps, Current: 89, 177
[23:12:19] [Server thread/INFO]: [Chunky] Task running for world. Processed: 120563 chunks (7.70%), ETA: 34:59:04, Rate: 11.5 cps, Current: 90, 176
[23:12:20] [Server thread/INFO]: [Chunky] Task running for world. Processed: 120570 chunks (7.70%), ETA: 35:09:52, Rate: 11.4 cps, Current: 95, 179
[23:12:22] [Server thread/INFO]: [Chunky] Task running for world. Processed: 120573 chunks (7.70%), ETA: 36:17:38, Rate: 11.1 cps, Current: 93, 174
[23:12:23] [Server thread/INFO]: [Chunky] Task running for world. Processed: 120580 chunks (7.70%), ETA: 37:39:35, Rate: 10.7 cps, Current: 92, 174
[23:12:24] [Server thread/INFO]: [Chunky] Task running for world. Processed: 120594 chunks (7.71%), ETA: 38:38:23, Rate: 10.4 cps, Current: 91, 170
[23:12:26] [Server thread/INFO]: [Chunky] Task running for world. Processed: 120611 chunks (7.71%), ETA: 39:56:19, Rate: 10.0 cps, Current: 92, 169
[23:12:27] [Server thread/INFO]: [Chunky] Task running for world. Processed: 120631 chunks (7.71%), ETA: 38:53:16, Rate: 10.3 cps, Current: 87, 175
[23:12:29] [Server thread/INFO]: [Chunky] Task running for world. Processed: 120650 chunks (7.71%), ETA: 37:48:48, Rate: 10.6 cps, Current: 90, 168
[23:12:30] [Server thread/INFO]: [Chunky] Task running for world. Processed: 120666 chunks (7.71%), ETA: 37:25:08, Rate: 10.7 cps, Current: 81, 172
[23:12:31] [Server thread/INFO]: [Chunky] Task running for world. Processed: 120691 chunks (7.71%), ETA: 35:56:06, Rate: 11.2 cps, Current: 87, 169
[23:12:33] [Server thread/INFO]: [Chunky] Task running for world. Processed: 120706 chunks (7.71%), ETA: 35:57:41, Rate: 11.2 cps, Current: 86, 167
[23:12:34] [Server thread/INFO]: [Chunky] Task running for world. Processed: 120743 chunks (7.72%), ETA: 34:34:39, Rate: 11.6 cps, Current: 83, 160
[23:12:35] [Server thread/INFO]: [Chunky] Task running for world. Processed: 120769 chunks (7.72%), ETA: 32:48:00, Rate: 12.2 cps, Current: 88, 160
[23:12:36] [Server thread/INFO]: [Chunky] Task running for world. Processed: 120787 chunks (7.72%), ETA: 32:32:46, Rate: 12.3 cps, Current: 90, 167
[23:12:38] [Server thread/INFO]: [Chunky] Task running for world. Processed: 120819 chunks (7.72%), ETA: 31:12:45, Rate: 12.9 cps, Current: 94, 166
[23:12:39] [Server thread/INFO]: [Chunky] Task running for world. Processed: 120835 chunks (7.72%), ETA: 30:51:15, Rate: 13.0 cps, Current: 96, 161
[23:12:41] [Server thread/INFO]: [Chunky] Task running for world. Processed: 120851 chunks (7.72%), ETA: 30:52:25, Rate: 13.0 cps, Current: 99, 161
[23:12:42] [Server thread/INFO]: [Chunky] Task running for world. Processed: 120873 chunks (7.72%), ETA: 30:12:28, Rate: 13.3 cps, Current: 97, 167
[23:12:43] [Server thread/INFO]: [Chunky] Task running for world. Processed: 120879 chunks (7.72%), ETA: 30:23:36, Rate: 13.2 cps, Current: 102, 161
[23:12:44] [Server thread/INFO]: [Chunky] Task running for world. Processed: 120893 chunks (7.72%), ETA: 30:29:41, Rate: 13.2 cps, Current: 107, 160
[23:12:45] [Paper Common Worker #0/ERROR]: Block-attached entity at invalid position: BlockPos{x=-129, y=74, z=-118}
[23:12:45] [Paper Common Worker #0/ERROR]: Block-attached entity at invalid position: BlockPos{x=-129, y=74, z=-116}
[23:12:45] [Paper Common Worker #0/ERROR]: Block-attached entity at invalid position: BlockPos{x=-128, y=74, z=-118}
[23:12:45] [Server thread/INFO]: [Chunky] Task running for world. Processed: 120901 chunks (7.73%), ETA: 31:08:19, Rate: 12.9 cps, Current: 104, 162
[23:12:46] [Server thread/INFO]: [Chunky] Task running for world. Processed: 120916 chunks (7.73%), ETA: 31:13:41, Rate: 12.8 cps, Current: 110, 161
[23:12:48] [Server thread/INFO]: [Chunky] Task running for world. Processed: 120938 chunks (7.73%), ETA: 30:55:33, Rate: 13.0 cps, Current: 110, 163
[23:12:50] [Server thread/INFO]: [Chunky] Task running for world. Processed: 120954 chunks (7.73%), ETA: 31:02:41, Rate: 12.9 cps, Current: 106, 167
[23:12:51] [Server thread/INFO]: [Chunky] Task running for world. Processed: 120974 chunks (7.73%), ETA: 29:32:45, Rate: 13.6 cps, Current: 111, 167
[23:12:53] [Server thread/INFO]: [Chunky] Task running for world. Processed: 120980 chunks (7.73%), ETA: 29:27:41, Rate: 13.6 cps, Current: 110, 169
[23:12:54] [Server thread/INFO]: [Chunky] Task running for world. Processed: 120991 chunks (7.73%), ETA: 29:41:11, Rate: 13.5 cps, Current: 110, 171
[23:12:55] [Server thread/INFO]: [Chunky] Task running for world. Processed: 121001 chunks (7.73%), ETA: 29:13:03, Rate: 13.7 cps, Current: 107, 173
[23:12:56] [Server thread/INFO]: [Chunky] Task running for world. Processed: 121006 chunks (7.73%), ETA: 30:03:50, Rate: 13.3 cps, Current: 104, 173
[23:12:57] [Server thread/INFO]: [Chunky] Task running for world. Processed: 121018 chunks (7.73%), ETA: 30:46:58, Rate: 13.0 cps, Current: 106, 174
[23:12:58] [Server thread/INFO]: [Chunky] Task running for world. Processed: 121049 chunks (7.73%), ETA: 29:39:40, Rate: 13.5 cps, Current: 107, 175
[23:12:59] [Server thread/INFO]: [Chunky] Task running for world. Processed: 121077 chunks (7.74%), ETA: 28:51:53, Rate: 13.9 cps, Current: 102, 175
[23:13:00] [Server thread/INFO]: [Chunky] Task running for world. Processed: 121089 chunks (7.74%), ETA: 29:48:21, Rate: 13.5 cps, Current: 96, 176
[23:13:01] [Server thread/INFO]: AL5PT issued server command: //set stone,stone_bricks
[23:13:02] [Server thread/INFO]: [Chunky] Task running for world. Processed: 121094 chunks (7.74%), ETA: 29:50:46, Rate: 13.4 cps, Current: 98, 176
[23:13:03] [Server thread/INFO]: [Chunky] Task running for world. Processed: 121113 chunks (7.74%), ETA: 31:24:19, Rate: 12.8 cps, Current: 99, 180
[23:13:04] [Server thread/INFO]: [Chunky] Task running for world. Processed: 121128 chunks (7.74%), ETA: 32:21:44, Rate: 12.4 cps, Current: 103, 177
[23:13:05] [Server thread/INFO]: [Chunky] Task running for world. Processed: 121144 chunks (7.74%), ETA: 32:51:15, Rate: 12.2 cps, Current: 96, 186
[23:13:06] [Server thread/INFO]: [Chunky] Task running for world. Processed: 121154 chunks (7.74%), ETA: 34:25:55, Rate: 11.6 cps, Current: 97, 186
[23:13:08] [Server thread/INFO]: [Chunky] Task running for world. Processed: 121170 chunks (7.74%), ETA: 34:41:05, Rate: 11.6 cps, Current: 98, 187
[23:13:09] [Server thread/INFO]: [Chunky] Task running for world. Processed: 121188 chunks (7.74%), ETA: 33:27:10, Rate: 12.0 cps, Current: 100, 189
[23:13:10] [Server thread/INFO]: [Chunky] Task running for world. Processed: 121199 chunks (7.74%), ETA: 33:37:15, Rate: 11.9 cps, Current: 100, 190
[23:13:11] [Server thread/INFO]: [Chunky] Task running for world. Processed: 121210 chunks (7.75%), ETA: 34:57:20, Rate: 11.5 cps, Current: 103, 186
[23:13:12] [Server thread/INFO]: [Chunky] Task running for world. Processed: 121225 chunks (7.75%), ETA: 34:04:06, Rate: 11.8 cps, Current: 104, 189
[23:13:13] [Server thread/INFO]: AL5PT issued server command: //set stone,stone_bricks
[23:13:13] [Server thread/INFO]: [Chunky] Task running for world. Processed: 121232 chunks (7.75%), ETA: 34:38:31, Rate: 11.6 cps, Current: 104, 190
[23:13:14] [Paper Common Worker #0/ERROR]: Block-attached entity at invalid position: BlockPos{x=-129, y=74, z=-118}
[23:13:14] [Paper Common Worker #0/ERROR]: Block-attached entity at invalid position: BlockPos{x=-129, y=74, z=-116}
[23:13:14] [Paper Common Worker #0/ERROR]: Block-attached entity at invalid position: BlockPos{x=-128, y=74, z=-118}
[23:13:14] [Server thread/INFO]: [Chunky] Task running for world. Processed: 121245 chunks (7.75%), ETA: 33:51:34, Rate: 11.8 cps, Current: 104, 191
[23:13:16] [Server thread/INFO]: [Chunky] Task running for world. Processed: 121252 chunks (7.75%), ETA: 34:44:34, Rate: 11.5 cps, Current: 105, 191
[23:13:17] [Server thread/INFO]: [Chunky] Task running for world. Processed: 121260 chunks (7.75%), ETA: 35:44:54, Rate: 11.2 cps, Current: 106, 191
[23:13:18] [Server thread/INFO]: [Chunky] Task running for world. Processed: 121267 chunks (7.75%), ETA: 36:13:32, Rate: 11.1 cps, Current: 109, 183
[23:13:19] [Server thread/INFO]: [Chunky] Task running for world. Processed: 121275 chunks (7.75%), ETA: 35:46:00, Rate: 11.2 cps, Current: 110, 185
[23:13:20] [Server thread/INFO]: [Chunky] Task running for world. Processed: 121310 chunks (7.75%), ETA: 33:30:18, Rate: 12.0 cps, Current: 111, 185
[23:13:21] [Server thread/INFO]: [Chunky] Task running for world. Processed: 121345 chunks (7.75%), ETA: 31:41:12, Rate: 12.7 cps, Current: 112, 176
[23:13:24] [Server thread/INFO]: [Chunky] Task running for world. Processed: 121347 chunks (7.75%), ETA: 33:38:17, Rate: 11.9 cps, Current: 112, 178
[23:13:25] [Server thread/INFO]: [Chunky] Task running for world. Processed: 121351 chunks (7.75%), ETA: 34:11:49, Rate: 11.7 cps, Current: 114, 178
[23:13:26] [Server thread/INFO]: [Chunky] Task running for world. Processed: 121365 chunks (7.75%), ETA: 33:11:49, Rate: 12.1 cps, Current: 117, 180
[23:13:27] [Server thread/INFO]: [Chunky] Task running for world. Processed: 121380 chunks (7.76%), ETA: 32:37:46, Rate: 12.3 cps, Current: 118, 177
[23:13:28] [Server thread/INFO]: [Chunky] Task running for world. Processed: 121393 chunks (7.76%), ETA: 34:37:11, Rate: 11.6 cps, Current: 112, 185
[23:13:29] [Server thread/INFO]: [Chunky] Task running for world. Processed: 121398 chunks (7.76%), ETA: 36:59:12, Rate: 10.8 cps, Current: 113, 184
[23:13:30] [Server thread/INFO]: [Chunky] Task running for world. Processed: 121421 chunks (7.76%), ETA: 35:43:59, Rate: 11.2 cps, Current: 113, 187
[23:13:31] [Server thread/INFO]: [Chunky] Task running for world. Processed: 121428 chunks (7.76%), ETA: 35:19:10, Rate: 11.4 cps, Current: 114, 188
[23:13:32] [Server thread/INFO]: [Chunky] Task running for world. Processed: 121443 chunks (7.76%), ETA: 35:44:11, Rate: 11.2 cps, Current: 115, 189
[23:13:34] [Server thread/INFO]: [Chunky] Task running for world. Processed: 121454 chunks (7.76%), ETA: 36:33:21, Rate: 11.0 cps, Current: 114, 191
[23:13:35] [Server thread/INFO]: [Chunky] Task running for world. Processed: 121460 chunks (7.76%), ETA: 37:33:07, Rate: 10.7 cps, Current: 117, 190
[23:13:36] [Server thread/INFO]: [Chunky] Task running for world. Processed: 121469 chunks (7.76%), ETA: 37:24:15, Rate: 10.7 cps, Current: 116, 191
[23:13:37] [Server thread/INFO]: [Chunky] Task running for world. Processed: 121481 chunks (7.76%), ETA: 37:54:05, Rate: 10.6 cps, Current: 120, 189
[23:13:38] [Server thread/INFO]: [Chunky] Task running for world. Processed: 121489 chunks (7.76%), ETA: 39:02:16, Rate: 10.3 cps, Current: 122, 188
[23:13:39] [Server thread/INFO]: [Chunky] Task running for world. Processed: 121501 chunks (7.76%), ETA: 38:57:13, Rate: 10.3 cps, Current: 120, 191
[23:13:40] [Server thread/INFO]: [Chunky] Task running for world. Processed: 121507 chunks (7.76%), ETA: 39:18:35, Rate: 10.2 cps, Current: 125, 188
[23:13:41] [Server thread/INFO]: [Chunky] Task running for world. Processed: 121515 chunks (7.76%), ETA: 40:05:58, Rate: 10.0 cps, Current: 125, 186
[23:13:43] [Server thread/INFO]: [Chunky] Task running for world. Processed: 121529 chunks (7.77%), ETA: 39:33:34, Rate: 10.1 cps, Current: 126, 186
[23:13:44] [Server thread/INFO]: [Chunky] Task running for world. Processed: 121545 chunks (7.77%), ETA: 39:22:45, Rate: 10.2 cps, Current: 126, 182
[23:13:45] [Server thread/INFO]: [Chunky] Task running for world. Processed: 121562 chunks (7.77%), ETA: 38:07:45, Rate: 10.5 cps, Current: 120, 176
[23:13:46] [Server thread/INFO]: [Chunky] Task running for world. Processed: 121574 chunks (7.77%), ETA: 37:42:07, Rate: 10.6 cps, Current: 126, 180
[23:13:47] [Server thread/INFO]: [Chunky] Task running for world. Processed: 121587 chunks (7.77%), ETA: 37:05:56, Rate: 10.8 cps, Current: 122, 176
[23:13:49] [Server thread/INFO]: [Chunky] Task running for world. Processed: 121594 chunks (7.77%), ETA: 37:30:44, Rate: 10.7 cps, Current: 127, 179
[23:13:50] [Server thread/INFO]: AL5PT issued server command: //undo
[23:13:50] [Server thread/INFO]: [Chunky] Task running for world. Processed: 121597 chunks (7.77%), ETA: 45:37:54, Rate: 8.8 cps, Current: 126, 177
[23:13:52] [Server thread/INFO]: [Chunky] Task running for world. Processed: 121604 chunks (7.77%), ETA: 43:53:55, Rate: 9.1 cps, Current: 125, 172
[23:13:52] [Server thread/INFO]: AL5PT issued server command: //undo
[23:13:53] [Server thread/INFO]: [Chunky] Task running for world. Processed: 121617 chunks (7.77%), ETA: 43:17:12, Rate: 9.3 cps, Current: 124, 170
[23:13:55] [Server thread/INFO]: [Chunky] Task running for world. Processed: 121635 chunks (7.77%), ETA: 43:20:53, Rate: 9.2 cps, Current: 127, 173
[23:13:56] [Server thread/INFO]: [Chunky] Task running for world. Processed: 121655 chunks (7.77%), ETA: 42:49:52, Rate: 9.4 cps, Current: 124, 168
[23:13:57] [Server thread/INFO]: [Chunky] Task running for world. Processed: 121668 chunks (7.77%), ETA: 42:52:27, Rate: 9.4 cps, Current: 117, 174
[23:13:59] [Server thread/INFO]: [Chunky] Task running for world. Processed: 121690 chunks (7.78%), ETA: 40:39:05, Rate: 9.9 cps, Current: 113, 172
[23:14:00] [Server thread/INFO]: [Chunky] Task running for world. Processed: 121715 chunks (7.78%), ETA: 40:28:52, Rate: 9.9 cps, Current: 119, 169
[23:14:02] [Server thread/INFO]: [Chunky] Task running for world. Processed: 121730 chunks (7.78%), ETA: 40:58:14, Rate: 9.8 cps, Current: 118, 167
[23:14:03] [Server thread/INFO]: [Chunky] Task running for world. Processed: 121777 chunks (7.78%), ETA: 36:17:05, Rate: 11.0 cps, Current: 117, 160
[23:14:04] [Server thread/INFO]: [Chunky] Task running for world. Processed: 121794 chunks (7.78%), ETA: 34:56:10, Rate: 11.5 cps, Current: 121, 160
[23:14:05] [Server thread/INFO]: [Chunky] Task running for world. Processed: 121812 chunks (7.78%), ETA: 34:03:07, Rate: 11.8 cps, Current: 122, 161
[23:14:07] [Server thread/INFO]: [Chunky] Task running for world. Processed: 121843 chunks (7.79%), ETA: 32:45:25, Rate: 12.2 cps, Current: 126, 166
[23:14:08] [Paper Common Worker #0/ERROR]: Block-attached entity at invalid position: BlockPos{x=-129, y=74, z=-118}
[23:14:08] [Paper Common Worker #0/ERROR]: Block-attached entity at invalid position: BlockPos{x=-129, y=74, z=-116}
[23:14:08] [Paper Common Worker #0/ERROR]: Block-attached entity at invalid position: BlockPos{x=-128, y=74, z=-118}
[23:14:08] [Server thread/INFO]: [Chunky] Task running for world. Processed: 121860 chunks (7.79%), ETA: 31:53:42, Rate: 12.6 cps, Current: 128, 161
[23:14:10] [Server thread/INFO]: [Chunky] Task running for world. Processed: 121875 chunks (7.79%), ETA: 32:06:03, Rate: 12.5 cps, Current: 130, 163
[23:14:12] [Server thread/INFO]: [Chunky] Task running for world. Processed: 121898 chunks (7.79%), ETA: 31:11:40, Rate: 12.9 cps, Current: 134, 160
[23:14:13] [Server thread/INFO]: [Chunky] Task running for world. Processed: 121913 chunks (7.79%), ETA: 31:04:16, Rate: 12.9 cps, Current: 136, 161
[23:14:14] [Server thread/INFO]: [Chunky] Task running for world. Processed: 121919 chunks (7.79%), ETA: 31:46:59, Rate: 12.6 cps, Current: 141, 160
[23:14:15] [Server thread/INFO]: [Chunky] Task running for world. Processed: 121925 chunks (7.79%), ETA: 32:36:44, Rate: 12.3 cps, Current: 139, 161
[23:14:16] [Server thread/INFO]: [Chunky] Task running for world. Processed: 121938 chunks (7.79%), ETA: 32:28:12, Rate: 12.3 cps, Current: 139, 162
[23:14:17] [Server thread/INFO]: [Chunky] Task running for world. Processed: 121958 chunks (7.79%), ETA: 31:42:16, Rate: 12.6 cps, Current: 138, 165
[23:14:18] [Server thread/INFO]: [Chunky] Task running for world. Processed: 121963 chunks (7.79%), ETA: 31:39:44, Rate: 12.7 cps, Current: 136, 166
[23:14:20] [Server thread/INFO]: [Chunky] Task running for world. Processed: 121967 chunks (7.79%), ETA: 32:16:25, Rate: 12.4 cps, Current: 142, 164
[23:14:22] [Server thread/INFO]: [Chunky] Task running for world. Processed: 121978 chunks (7.79%), ETA: 31:54:32, Rate: 12.6 cps, Current: 138, 167
[23:14:23] [Server thread/INFO]: [Chunky] Task running for world. Processed: 121997 chunks (7.80%), ETA: 31:24:18, Rate: 12.8 cps, Current: 143, 166
[23:14:24] [Server thread/INFO]: [Chunky] Task running for world. Processed: 122002 chunks (7.80%), ETA: 31:25:18, Rate: 12.8 cps, Current: 141, 170
[23:14:25] [Server thread/INFO]: [Chunky] Task running for world. Processed: 122007 chunks (7.80%), ETA: 32:07:47, Rate: 12.5 cps, Current: 143, 168
[23:14:26] [Server thread/INFO]: [Chunky] Task running for world. Processed: 122015 chunks (7.80%), ETA: 33:00:32, Rate: 12.1 cps, Current: 142, 171
[23:14:27] [Server thread/INFO]: [Chunky] Task running for world. Processed: 122021 chunks (7.80%), ETA: 33:27:52, Rate: 12.0 cps, Current: 142, 172
[23:14:28] [Server thread/INFO]: [Chunky] Task running for world. Processed: 122030 chunks (7.80%), ETA: 34:54:33, Rate: 11.5 cps, Current: 142, 174
[23:14:30] [Server thread/INFO]: [Chunky] Task running for world. Processed: 122042 chunks (7.80%), ETA: 36:04:53, Rate: 11.1 cps, Current: 138, 174
[23:14:31] [Server thread/INFO]: [Chunky] Task running for world. Processed: 122063 chunks (7.80%), ETA: 35:04:55, Rate: 11.4 cps, Current: 141, 175
[23:14:32] [Server thread/INFO]: [Chunky] Task running for world. Processed: 122079 chunks (7.80%), ETA: 38:23:07, Rate: 10.4 cps, Current: 132, 170
[23:14:33] [Server thread/INFO]: [Chunky] Task running for world. Processed: 122113 chunks (7.80%), ETA: 36:38:13, Rate: 10.9 cps, Current: 128, 176
[23:14:35] [Server thread/INFO]: [Chunky] Task running for world. Processed: 122118 chunks (7.80%), ETA: 38:35:10, Rate: 10.4 cps, Current: 130, 176
[23:14:36] [Server thread/INFO]: [Chunky] Task running for world. Processed: 122130 chunks (7.80%), ETA: 40:32:45, Rate: 9.9 cps, Current: 131, 178
[23:14:36] [Craft Scheduler Thread - 127 - nonchat/INFO]: 
• Usa /sethome para guardar tu casa •

[23:14:38] [Server thread/INFO]: [Chunky] Task running for world. Processed: 122152 chunks (7.81%), ETA: 40:32:34, Rate: 9.9 cps, Current: 135, 177
[23:14:39] [Paper Common Worker #0/ERROR]: Block-attached entity at invalid position: BlockPos{x=-129, y=74, z=-118}
[23:14:39] [Paper Common Worker #0/ERROR]: Block-attached entity at invalid position: BlockPos{x=-129, y=74, z=-116}
[23:14:39] [Paper Common Worker #0/ERROR]: Block-attached entity at invalid position: BlockPos{x=-128, y=74, z=-118}
[23:14:39] [Server thread/INFO]: [Chunky] Task running for world. Processed: 122167 chunks (7.81%), ETA: 39:05:57, Rate: 10.3 cps, Current: 129, 183
[23:14:40] [Server thread/INFO]: [Chunky] Task running for world. Processed: 122174 chunks (7.81%), ETA: 39:55:34, Rate: 10.0 cps, Current: 128, 188
[23:14:40] [Server thread/INFO]: AL5PT issued server command: //set stone,stone_bricks
[23:14:41] [Server thread/INFO]: [Chunky] Task running for world. Processed: 122184 chunks (7.81%), ETA: 41:05:06, Rate: 9.8 cps, Current: 129, 189
[23:14:42] [Server thread/INFO]: [Chunky] Task running for world. Processed: 122194 chunks (7.81%), ETA: 41:47:10, Rate: 9.6 cps, Current: 130, 187
[23:14:43] [Server thread/INFO]: [Chunky] Task running for world. Processed: 122209 chunks (7.81%), ETA: 40:50:06, Rate: 9.8 cps, Current: 131, 189
[23:14:44] [Server thread/INFO]: AL5PT issued server command: //undo
[23:14:45] [Server thread/INFO]: [Chunky] Task running for world. Processed: 122219 chunks (7.81%), ETA: 40:40:39, Rate: 9.9 cps, Current: 134, 184
[23:14:46] [Server thread/INFO]: [Chunky] Task running for world. Processed: 122227 chunks (7.81%), ETA: 41:21:34, Rate: 9.7 cps, Current: 131, 191
[23:14:47] [Server thread/INFO]: [Chunky] Task running for world. Processed: 122235 chunks (7.81%), ETA: 43:10:45, Rate: 9.3 cps, Current: 137, 185
[23:14:48] [Server thread/INFO]: [Chunky] Task running for world. Processed: 122244 chunks (7.81%), ETA: 42:28:52, Rate: 9.4 cps, Current: 137, 186
[23:14:49] [Server thread/INFO]: [Chunky] Task running for world. Processed: 122255 chunks (7.81%), ETA: 40:22:07, Rate: 9.9 cps, Current: 138, 187
[23:14:50] [Server thread/INFO]: AL5PT issued server command: //set gold_block
[23:14:50] [Server thread/INFO]: [Chunky] Task running for world. Processed: 122260 chunks (7.81%), ETA: 40:42:17, Rate: 9.8 cps, Current: 137, 190
[23:14:52] [Server thread/INFO]: [Chunky] Task running for world. Processed: 122271 chunks (7.81%), ETA: 40:45:16, Rate: 9.8 cps, Current: 141, 189
[23:14:53] [Server thread/INFO]: [Chunky] Task running for world. Processed: 122278 chunks (7.81%), ETA: 41:46:16, Rate: 9.6 cps, Current: 140, 185
[23:14:54] [Server thread/INFO]: [Chunky] Task running for world. Processed: 122287 chunks (7.81%), ETA: 41:30:36, Rate: 9.7 cps, Current: 142, 189
[23:14:55] [Server thread/INFO]: [Chunky] Task running for world. Processed: 122298 chunks (7.81%), ETA: 41:06:49, Rate: 9.7 cps, Current: 142, 186
[23:14:56] [Server thread/INFO]: [Chunky] Task running for world. Processed: 122311 chunks (7.82%), ETA: 39:59:41, Rate: 10.0 cps, Current: 136, 180
[23:14:56] [Server thread/INFO]: AL5PT issued server command: //set gold_block
[23:14:57] [Server thread/INFO]: [Chunky] Task running for world. Processed: 122334 chunks (7.82%), ETA: 38:01:51, Rate: 10.5 cps, Current: 143, 185
[23:14:59] [Server thread/INFO]: [Chunky] Task running for world. Processed: 122369 chunks (7.82%), ETA: 35:51:02, Rate: 11.2 cps, Current: 144, 176
[23:15:01] [Server thread/INFO]: [Chunky] Task running for world. Processed: 122371 chunks (7.82%), ETA: 38:53:57, Rate: 10.3 cps, Current: 144, 178
[23:15:02] [Server thread/INFO]: [Chunky] Task running for world. Processed: 122375 chunks (7.82%), ETA: 40:27:17, Rate: 9.9 cps, Current: 146, 178
[23:15:03] [Server thread/INFO]: [Chunky] Task running for world. Processed: 122388 chunks (7.82%), ETA: 43:11:39, Rate: 9.3 cps, Current: 149, 179
[23:15:04] [Server thread/INFO]: [Chunky] Task running for world. Processed: 122399 chunks (7.82%), ETA: 41:52:42, Rate: 9.6 cps, Current: 144, 182
[23:15:05] [Server thread/INFO]: [Chunky] Task running for world. Processed: 122408 chunks (7.82%), ETA: 42:01:00, Rate: 9.5 cps, Current: 150, 181
[23:15:05] [Server thread/INFO]: AL5PT issued server command: //set gold_block
[23:15:06] [Server thread/INFO]: [Chunky] Task running for world. Processed: 122418 chunks (7.82%), ETA: 43:16:01, Rate: 9.3 cps, Current: 145, 183
[23:15:07] [Server thread/INFO]: [Chunky] Task running for world. Processed: 122437 chunks (7.82%), ETA: 41:54:34, Rate: 9.6 cps, Current: 151, 181
[23:15:09] [Server thread/INFO]: [Chunky] Task running for world. Processed: 122450 chunks (7.82%), ETA: 42:15:18, Rate: 9.5 cps, Current: 147, 184
[23:15:10] [Server thread/INFO]: [Chunky] Task running for world. Processed: 122459 chunks (7.82%), ETA: 41:37:12, Rate: 9.6 cps, Current: 145, 191
[23:15:11] [Server thread/INFO]: [Chunky] Task running for world. Processed: 122467 chunks (7.83%), ETA: 41:42:45, Rate: 9.6 cps, Current: 147, 189
[23:15:12] [Server thread/INFO]: [Chunky] Task running for world. Processed: 122477 chunks (7.83%), ETA: 41:40:42, Rate: 9.6 cps, Current: 152, 184
[23:15:13] [Server thread/INFO]: [Chunky] Task running for world. Processed: 122483 chunks (7.83%), ETA: 42:45:24, Rate: 9.4 cps, Current: 149, 190
[23:15:14] [Server thread/INFO]: [Chunky] Task running for world. Processed: 122492 chunks (7.83%), ETA: 42:48:15, Rate: 9.4 cps, Current: 148, 191
[23:15:15] [Server thread/INFO]: [Chunky] Task running for world. Processed: 122505 chunks (7.83%), ETA: 42:00:44, Rate: 9.5 cps, Current: 152, 189
[23:15:16] [Server thread/INFO]: [Chunky] Task running for world. Processed: 122512 chunks (7.83%), ETA: 42:19:13, Rate: 9.5 cps, Current: 154, 184
[23:15:17] [Server thread/INFO]: [Chunky] Task running for world. Processed: 122525 chunks (7.83%), ETA: 41:46:30, Rate: 9.6 cps, Current: 152, 191
[23:15:19] [Server thread/INFO]: [Chunky] Task running for world. Processed: 122532 chunks (7.83%), ETA: 42:18:14, Rate: 9.5 cps, Current: 153, 191
[23:15:20] [Server thread/INFO]: [Chunky] Task running for world. Processed: 122538 chunks (7.83%), ETA: 42:09:59, Rate: 9.5 cps, Current: 157, 186
[23:15:21] [Server thread/INFO]: [Chunky] Task running for world. Processed: 122553 chunks (7.83%), ETA: 41:58:30, Rate: 9.5 cps, Current: 158, 186
[23:15:22] [Server thread/INFO]: [Chunky] Task running for world. Processed: 122566 chunks (7.83%), ETA: 41:15:35, Rate: 9.7 cps, Current: 158, 183
[23:15:24] [Server thread/INFO]: [Chunky] Task running for world. Processed: 122586 chunks (7.83%), ETA: 39:34:22, Rate: 10.1 cps, Current: 152, 176
[23:15:25] [Server thread/INFO]: [Chunky] Task running for world. Processed: 122595 chunks (7.83%), ETA: 39:51:10, Rate: 10.1 cps, Current: 155, 180
[23:15:26] [Server thread/INFO]: [Chunky] Task running for world. Processed: 122606 chunks (7.83%), ETA: 40:16:10, Rate: 9.9 cps, Current: 157, 179
[23:15:27] [Server thread/INFO]: [Chunky] Task running for world. Processed: 122614 chunks (7.83%), ETA: 42:06:44, Rate: 9.5 cps, Current: 158, 179
[23:15:28] [Server thread/INFO]: [Chunky] Task running for world. Processed: 122620 chunks (7.84%), ETA: 45:56:44, Rate: 8.7 cps, Current: 157, 175
[23:15:29] [Server thread/INFO]: [Chunky] Task running for world. Processed: 122623 chunks (7.84%), ETA: 47:02:20, Rate: 8.5 cps, Current: 158, 176
[23:15:30] [Server thread/INFO]: [Chunky] Task running for world. Processed: 122630 chunks (7.84%), ETA: 45:12:40, Rate: 8.9 cps, Current: 157, 172
[23:15:31] [Server thread/INFO]: [Chunky] Task running for world. Processed: 122640 chunks (7.84%), ETA: 44:05:19, Rate: 9.1 cps, Current: 158, 170
[23:15:32] [Server thread/INFO]: [Chunky] Task running for world. Processed: 122656 chunks (7.84%), ETA: 43:38:23, Rate: 9.2 cps, Current: 154, 175
[23:15:34] [Server thread/INFO]: [Chunky] Task running for world. Processed: 122659 chunks (7.84%), ETA: 45:01:01, Rate: 8.9 cps, Current: 156, 169
[23:15:35] [Server thread/INFO]: [Chunky] Task running for world. Processed: 122674 chunks (7.84%), ETA: 44:02:22, Rate: 9.1 cps, Current: 152, 175
[23:15:36] [Server thread/INFO]: [Chunky] Task running for world. Processed: 122688 chunks (7.84%), ETA: 43:21:50, Rate: 9.2 cps, Current: 151, 174
[23:15:37] [Server thread/INFO]: [Chunky] Task running for world. Processed: 122699 chunks (7.84%), ETA: 44:56:19, Rate: 8.9 cps, Current: 153, 168
[23:15:38] [Server thread/INFO]: [Chunky] Task running for world. Processed: 122730 chunks (7.84%), ETA: 42:01:45, Rate: 9.5 cps, Current: 151, 170
[23:15:39] [Server thread/INFO]: [Chunky] Task running for world. Processed: 122739 chunks (7.84%), ETA: 42:04:53, Rate: 9.5 cps, Current: 151, 169
[23:15:40] [Server thread/INFO]: [Chunky] Task running for world. Processed: 122753 chunks (7.84%), ETA: 41:33:16, Rate: 9.6 cps, Current: 151, 167
[23:15:41] [Server thread/INFO]: [Chunky] Task running for world. Processed: 122775 chunks (7.85%), ETA: 40:02:01, Rate: 10.0 cps, Current: 145, 163
[23:15:43] [Server thread/INFO]: [Chunky] Task running for world. Processed: 122806 chunks (7.85%), ETA: 36:50:26, Rate: 10.9 cps, Current: 150, 160
[23:15:45] [Server thread/INFO]: [Chunky] Task running for world. Processed: 122828 chunks (7.85%), ETA: 36:38:38, Rate: 10.9 cps, Current: 153, 161
[23:15:45] [Paper Common Worker #0/ERROR]: Detected setBlock in a far chunk [157, 159], pos: BlockPos{x=2521, y=-75, z=2559}, status: minecraft:features, currently generating: ResourceKey[minecraft:worldgen/placed_feature / infinity_cave:frozen_caves/place_small_pillar]
[23:15:46] [Server thread/INFO]: [Chunky] Task running for world. Processed: 122867 chunks (7.85%), ETA: 33:57:37, Rate: 11.8 cps, Current: 158, 166
[23:15:48] [Server thread/INFO]: [Chunky] Task running for world. Processed: 122874 chunks (7.85%), ETA: 34:03:47, Rate: 11.8 cps, Current: 159, 160
[23:15:49] [Server thread/INFO]: [Chunky] Task running for world. Processed: 122897 chunks (7.85%), ETA: 32:22:26, Rate: 12.4 cps, Current: 161, 164
[23:15:50] [Server thread/INFO]: [Chunky] Task running for world. Processed: 122899 chunks (7.85%), ETA: 33:18:34, Rate: 12.0 cps, Current: 163, 161
[23:15:52] [Server thread/INFO]: [Chunky] Task running for world. Processed: 122922 chunks (7.85%), ETA: 32:56:21, Rate: 12.2 cps, Current: 166, 160
[23:15:53] [Server thread/INFO]: [Chunky] Task running for world. Processed: 122940 chunks (7.86%), ETA: 32:29:51, Rate: 12.3 cps, Current: 170, 160
[23:15:54] [Server thread/INFO]: [Chunky] Task running for world. Processed: 122949 chunks (7.86%), ETA: 33:40:09, Rate: 11.9 cps, Current: 171, 161
[23:15:56] [Server thread/INFO]: [Chunky] Task running for world. Processed: 122964 chunks (7.86%), ETA: 33:09:07, Rate: 12.1 cps, Current: 174, 161
[23:15:57] [Server thread/INFO]: [Chunky] Task running for world. Processed: 122986 chunks (7.86%), ETA: 31:42:54, Rate: 12.6 cps, Current: 174, 163
[23:15:59] [Server thread/INFO]: [Chunky] Task running for world. Processed: 123002 chunks (7.86%), ETA: 31:31:59, Rate: 12.7 cps, Current: 170, 167
[23:16:00] [Server thread/INFO]: [Chunky] Task running for world. Processed: 123022 chunks (7.86%), ETA: 30:30:06, Rate: 13.1 cps, Current: 175, 167
[23:16:02] [Server thread/INFO]: [Chunky] Task running for world. Processed: 123028 chunks (7.86%), ETA: 31:24:02, Rate: 12.8 cps, Current: 173, 171
[23:16:03] [Server thread/INFO]: [Chunky] Task running for world. Processed: 123030 chunks (7.86%), ETA: 32:02:49, Rate: 12.5 cps, Current: 174, 170
[23:16:04] [Server thread/INFO]: [Chunky] Task running for world. Processed: 123038 chunks (7.86%), ETA: 32:38:53, Rate: 12.3 cps, Current: 172, 172
[23:16:05] [Server thread/INFO]: [Chunky] Task running for world. Processed: 123045 chunks (7.86%), ETA: 33:14:58, Rate: 12.0 cps, Current: 174, 172
[23:16:07] [Server thread/INFO]: [Chunky] Task running for world. Processed: 123054 chunks (7.86%), ETA: 33:25:33, Rate: 12.0 cps, Current: 174, 174
[23:16:07] [Paper Common Worker #0/ERROR]: Block-attached entity at invalid position: BlockPos{x=-129, y=74, z=-118}
[23:16:07] [Paper Common Worker #0/ERROR]: Block-attached entity at invalid position: BlockPos{x=-129, y=74, z=-116}
[23:16:07] [Paper Common Worker #0/ERROR]: Block-attached entity at invalid position: BlockPos{x=-128, y=74, z=-118}
[23:16:08] [Server thread/INFO]: [Chunky] Task running for world. Processed: 123066 chunks (7.86%), ETA: 35:21:08, Rate: 11.3 cps, Current: 170, 174
[23:16:09] [Server thread/INFO]: [Chunky] Task running for world. Processed: 123098 chunks (7.87%), ETA: 33:17:57, Rate: 12.0 cps, Current: 160, 169
[23:16:10] [Server thread/INFO]: [Chunky] Task running for world. Processed: 123125 chunks (7.87%), ETA: 32:02:37, Rate: 12.5 cps, Current: 166, 175
[23:16:11] [Server thread/INFO]: [Chunky] Task running for world. Processed: 123138 chunks (7.87%), ETA: 32:53:58, Rate: 12.2 cps, Current: 160, 177
[23:16:12] [Server thread/INFO]: [Chunky] Task running for world. Processed: 123142 chunks (7.87%), ETA: 35:06:57, Rate: 11.4 cps, Current: 162, 176
[23:16:14] [Server thread/INFO]: [Chunky] Task running for world. Processed: 123156 chunks (7.87%), ETA: 35:11:51, Rate: 11.4 cps, Current: 161, 179
[23:16:15] [Server thread/INFO]: [Chunky] Task running for world. Processed: 123175 chunks (7.87%), ETA: 36:40:08, Rate: 10.9 cps, Current: 166, 177
[23:16:16] [Server thread/INFO]: [Chunky] Task running for world. Processed: 123181 chunks (7.87%), ETA: 37:20:23, Rate: 10.7 cps, Current: 160, 183
[23:16:17] [Server thread/INFO]: [Chunky] Task running for world. Processed: 123195 chunks (7.87%), ETA: 36:10:10, Rate: 11.1 cps, Current: 162, 183
[23:16:18] [Server thread/INFO]: [Chunky] Task running for world. Processed: 123203 chunks (7.87%), ETA: 38:01:40, Rate: 10.5 cps, Current: 162, 184
[23:16:19] [Server thread/INFO]: [Chunky] Task running for world. Processed: 123218 chunks (7.87%), ETA: 36:25:48, Rate: 11.0 cps, Current: 162, 187
[23:16:20] [Server thread/INFO]: [Chunky] Task running for world. Processed: 123234 chunks (7.87%), ETA: 37:10:45, Rate: 10.8 cps, Current: 163, 189
[23:16:20] [Paper Common Worker #0/ERROR]: Block-attached entity at invalid position: BlockPos{x=-129, y=74, z=-118}
[23:16:20] [Paper Common Worker #0/ERROR]: Block-attached entity at invalid position: BlockPos{x=-129, y=74, z=-116}
[23:16:20] [Paper Common Worker #0/ERROR]: Block-attached entity at invalid position: BlockPos{x=-128, y=74, z=-118}
[23:16:21] [Server thread/INFO]: [Chunky] Task running for world. Processed: 123243 chunks (7.87%), ETA: 37:02:58, Rate: 10.8 cps, Current: 166, 184
[23:16:23] [Server thread/INFO]: [Chunky] Task running for world. Processed: 123258 chunks (7.88%), ETA: 37:42:44, Rate: 10.6 cps, Current: 167, 186
[23:16:24] [Server thread/INFO]: [Chunky] Task running for world. Processed: 123268 chunks (7.88%), ETA: 37:02:44, Rate: 10.8 cps, Current: 169, 186
[23:16:25] [Server thread/INFO]: [Chunky] Task running for world. Processed: 123280 chunks (7.88%), ETA: 37:34:13, Rate: 10.7 cps, Current: 170, 188
[23:16:26] [Server thread/INFO]: AL5PT issued server command: //set gold_block
[23:16:26] [Server thread/INFO]: [Chunky] Task running for world. Processed: 123293 chunks (7.88%), ETA: 37:57:28, Rate: 10.6 cps, Current: 168, 191
[23:16:28] [Server thread/INFO]: [Chunky] Task running for world. Processed: 123301 chunks (7.88%), ETA: 38:21:50, Rate: 10.4 cps, Current: 173, 187
[23:16:29] [Server thread/INFO]: [Chunky] Task running for world. Processed: 123311 chunks (7.88%), ETA: 38:36:37, Rate: 10.4 cps, Current: 174, 189
[23:16:30] [Server thread/INFO]: [Chunky] Task running for world. Processed: 123323 chunks (7.88%), ETA: 39:05:48, Rate: 10.2 cps, Current: 174, 185
[23:16:32] [Server thread/INFO]: [Chunky] Task running for world. Processed: 123358 chunks (7.88%), ETA: 34:29:38, Rate: 11.6 cps, Current: 175, 185
[23:16:33] [Server thread/INFO]: AL5PT issued server command: //set gold_block
[23:16:33] [Server thread/INFO]: [Chunky] Task running for world. Processed: 123393 chunks (7.88%), ETA: 32:33:51, Rate: 12.3 cps, Current: 176, 176
[23:16:35] [Server thread/INFO]: [Chunky] Task running for world. Processed: 123395 chunks (7.88%), ETA: 33:48:35, Rate: 11.8 cps, Current: 176, 178
[23:16:36] [Server thread/INFO]: [Chunky] Task running for world. Processed: 123406 chunks (7.89%), ETA: 33:27:08, Rate: 12.0 cps, Current: 179, 178
[23:16:38] [Server thread/INFO]: [Chunky] Task running for world. Processed: 123422 chunks (7.89%), ETA: 33:05:42, Rate: 12.1 cps, Current: 179, 177
[23:16:39] [Server thread/INFO]: [Chunky] Task running for world. Processed: 123438 chunks (7.89%), ETA: 34:55:41, Rate: 11.5 cps, Current: 179, 176
[23:16:40] [Server thread/INFO]: [Chunky] Task running for world. Processed: 123444 chunks (7.89%), ETA: 37:20:34, Rate: 10.7 cps, Current: 180, 176
[23:16:41] [Server thread/INFO]: AL5PT issued server command: //set gold_block
[23:16:41] [Server thread/INFO]: [Chunky] Task running for world. Processed: 123469 chunks (7.89%), ETA: 35:56:30, Rate: 11.1 cps, Current: 177, 187
[23:16:42] [Server thread/INFO]: [Chunky] Task running for world. Processed: 123478 chunks (7.89%), ETA: 35:26:59, Rate: 11.3 cps, Current: 178, 189
[23:16:43] [Server thread/INFO]: [Chunky] Task running for world. Processed: 123492 chunks (7.89%), ETA: 35:24:14, Rate: 11.3 cps, Current: 182, 184
[23:16:45] [Server thread/INFO]: [Chunky] Task running for world. Processed: 123502 chunks (7.89%), ETA: 36:23:46, Rate: 11.0 cps, Current: 178, 191
[23:16:45] [Server thread/INFO]: AL5PT issued server command: //set gold_block
[23:16:46] [Server thread/INFO]: [Chunky] Task running for world. Processed: 123508 chunks (7.89%), ETA: 36:24:04, Rate: 11.0 cps, Current: 181, 190
[23:16:47] [Server thread/INFO]: [Chunky] Task running for world. Processed: 123521 chunks (7.89%), ETA: 36:29:41, Rate: 11.0 cps, Current: 184, 186
[23:16:48] [Server thread/INFO]: [Chunky] Task running for world. Processed: 123530 chunks (7.89%), ETA: 36:11:56, Rate: 11.1 cps, Current: 185, 187
[23:16:49] [Server thread/INFO]: [Chunky] Task running for world. Processed: 123537 chunks (7.89%), ETA: 36:58:03, Rate: 10.8 cps, Current: 186, 188
[23:16:49] [Paper Common Worker #0/ERROR]: Failed to parse jigsaw replacement state 'minecrat:dripstone_block' at BlockPos{x=3060, y=-115, z=3076}: Unknown block type 'minecrat:dripstone_block' at position 0: <--[HERE]
[23:16:49] [Paper Common Worker #0/ERROR]: Failed to parse jigsaw replacement state 'minecrat:dripstone_block' at BlockPos{x=3060, y=-115, z=3076}: Unknown block type 'minecrat:dripstone_block' at position 0: <--[HERE]
[23:16:49] [Paper Common Worker #0/ERROR]: Failed to parse jigsaw replacement state 'minecrat:dripstone_block' at BlockPos{x=3060, y=-115, z=3076}: Unknown block type 'minecrat:dripstone_block' at position 0: <--[HERE]
[23:16:49] [Paper Common Worker #0/ERROR]: Failed to parse jigsaw replacement state 'minecrat:dripstone_block' at BlockPos{x=3060, y=-115, z=3076}: Unknown block type 'minecrat:dripstone_block' at position 0: <--[HERE]
[23:16:49] [Paper Common Worker #0/ERROR]: Failed to parse jigsaw replacement state 'minecrat:dripstone_block' at BlockPos{x=3060, y=-115, z=3076}: Unknown block type 'minecrat:dripstone_block' at position 0: <--[HERE]
[23:16:49] [Paper Common Worker #0/ERROR]: Failed to parse jigsaw replacement state 'minecrat:dripstone_block' at BlockPos{x=3060, y=-115, z=3076}: Unknown block type 'minecrat:dripstone_block' at position 0: <--[HERE]
[23:16:49] [Paper Common Worker #0/ERROR]: Failed to parse jigsaw replacement state 'minecrat:dripstone_block' at BlockPos{x=3050, y=-115, z=3045}: Unknown block type 'minecrat:dripstone_block' at position 0: <--[HERE]
[23:16:49] [Paper Common Worker #0/ERROR]: Failed to parse jigsaw replacement state 'minecrat:dripstone_block' at BlockPos{x=3050, y=-115, z=3045}: Unknown block type 'minecrat:dripstone_block' at position 0: <--[HERE]
[23:16:49] [Paper Common Worker #0/ERROR]: Failed to parse jigsaw replacement state 'minecrat:dripstone_block' at BlockPos{x=3060, y=-115, z=3076}: Unknown block type 'minecrat:dripstone_block' at position 0: <--[HERE]
[23:16:49] [Paper Common Worker #0/ERROR]: Failed to parse jigsaw replacement state 'minecrat:dripstone_block' at BlockPos{x=3060, y=-115, z=3076}: Unknown block type 'minecrat:dripstone_block' at position 0: <--[HERE]
[23:16:49] [Paper Common Worker #0/ERROR]: Failed to parse jigsaw replacement state 'minecrat:dripstone_block' at BlockPos{x=3060, y=-115, z=3076}: Unknown block type 'minecrat:dripstone_block' at position 0: <--[HERE]
[23:16:49] [Paper Common Worker #0/ERROR]: Failed to parse jigsaw replacement state 'minecrat:dripstone_block' at BlockPos{x=3060, y=-115, z=3076}: Unknown block type 'minecrat:dripstone_block' at position 0: <--[HERE]
[23:16:49] [Paper Common Worker #0/ERROR]: Failed to parse jigsaw replacement state 'minecrat:dripstone_block' at BlockPos{x=3060, y=-115, z=3076}: Unknown block type 'minecrat:dripstone_block' at position 0: <--[HERE]
[23:16:49] [Paper Common Worker #0/ERROR]: Failed to parse jigsaw replacement state 'minecrat:dripstone_block' at BlockPos{x=3060, y=-115, z=3076}: Unknown block type 'minecrat:dripstone_block' at position 0: <--[HERE]
[23:16:50] [Paper Common Worker #0/ERROR]: Failed to parse jigsaw replacement state 'minecrat:dripstone_block' at BlockPos{x=3072, y=-115, z=3015}: Unknown block type 'minecrat:dripstone_block' at position 0: <--[HERE]
[23:16:50] [Paper Common Worker #0/ERROR]: Failed to parse jigsaw replacement state 'minecrat:dripstone_block' at BlockPos{x=3072, y=-115, z=3015}: Unknown block type 'minecrat:dripstone_block' at position 0: <--[HERE]
[23:16:50] [Paper Common Worker #0/ERROR]: Failed to parse jigsaw replacement state 'minecrat:dripstone_block' at BlockPos{x=3072, y=-115, z=3015}: Unknown block type 'minecrat:dripstone_block' at position 0: <--[HERE]
[23:16:50] [Paper Common Worker #0/ERROR]: Failed to parse jigsaw replacement state 'minecrat:dripstone_block' at BlockPos{x=3072, y=-115, z=3015}: Unknown block type 'minecrat:dripstone_block' at position 0: <--[HERE]
[23:16:50] [Server thread/INFO]: [Chunky] Task running for world. Processed: 123549 chunks (7.89%), ETA: 37:30:17, Rate: 10.7 cps, Current: 184, 191
[23:16:51] [Paper Common Worker #0/ERROR]: Failed to parse jigsaw replacement state 'minecrat:dripstone_block' at BlockPos{x=3060, y=-115, z=3076}: Unknown block type 'minecrat:dripstone_block' at position 0: <--[HERE]
[23:16:51] [Paper Common Worker #0/ERROR]: Failed to parse jigsaw replacement state 'minecrat:dripstone_block' at BlockPos{x=3060, y=-115, z=3076}: Unknown block type 'minecrat:dripstone_block' at position 0: <--[HERE]
[23:16:51] [Paper Common Worker #0/ERROR]: Failed to parse jigsaw replacement state 'minecrat:dripstone_block' at BlockPos{x=3060, y=-115, z=3076}: Unknown block type 'minecrat:dripstone_block' at position 0: <--[HERE]
[23:16:51] [Paper Common Worker #0/ERROR]: Failed to parse jigsaw replacement state 'minecrat:dripstone_block' at BlockPos{x=3060, y=-115, z=3076}: Unknown block type 'minecrat:dripstone_block' at position 0: <--[HERE]
[23:16:51] [Paper Common Worker #0/ERROR]: Failed to parse jigsaw replacement state 'minecrat:dripstone_block' at BlockPos{x=3060, y=-115, z=3076}: Unknown block type 'minecrat:dripstone_block' at position 0: <--[HERE]
[23:16:51] [Paper Common Worker #0/ERROR]: Failed to parse jigsaw replacement state 'minecrat:dripstone_block' at BlockPos{x=3060, y=-115, z=3076}: Unknown block type 'minecrat:dripstone_block' at position 0: <--[HERE]
[23:16:51] [Server thread/INFO]: [Chunky] Task running for world. Processed: 123552 chunks (7.89%), ETA: 37:59:58, Rate: 10.5 cps, Current: 189, 188
[23:16:51] [Paper Common Worker #0/ERROR]: Failed to parse jigsaw replacement state 'minecrat:dripstone_block' at BlockPos{x=3060, y=-115, z=3076}: Unknown block type 'minecrat:dripstone_block' at position 0: <--[HERE]
[23:16:51] [Paper Common Worker #0/ERROR]: Failed to parse jigsaw replacement state 'minecrat:dripstone_block' at BlockPos{x=3060, y=-115, z=3076}: Unknown block type 'minecrat:dripstone_block' at position 0: <--[HERE]
[23:16:51] [Paper Common Worker #0/ERROR]: Failed to parse jigsaw replacement state 'minecrat:dripstone_block' at BlockPos{x=3060, y=-115, z=3076}: Unknown block type 'minecrat:dripstone_block' at position 0: <--[HERE]
[23:16:51] [Paper Common Worker #0/ERROR]: Failed to parse jigsaw replacement state 'minecrat:dripstone_block' at BlockPos{x=3060, y=-115, z=3076}: Unknown block type 'minecrat:dripstone_block' at position 0: <--[HERE]
[23:16:51] [Paper Common Worker #0/ERROR]: Failed to parse jigsaw replacement state 'minecrat:dripstone_block' at BlockPos{x=3060, y=-115, z=3076}: Unknown block type 'minecrat:dripstone_block' at position 0: <--[HERE]
[23:16:51] [Paper Common Worker #0/ERROR]: Failed to parse jigsaw replacement state 'minecrat:dripstone_block' at BlockPos{x=3060, y=-115, z=3076}: Unknown block type 'minecrat:dripstone_block' at position 0: <--[HERE]
[23:16:51] [Paper Common Worker #0/ERROR]: Failed to parse jigsaw replacement state 'minecrat:dripstone_block' at BlockPos{x=3061, y=-115, z=3067}: Unknown block type 'minecrat:dripstone_block' at position 0: <--[HERE]
[23:16:51] [Paper Common Worker #0/ERROR]: Failed to parse jigsaw replacement state 'minecrat:dripstone_block' at BlockPos{x=3061, y=-115, z=3067}: Unknown block type 'minecrat:dripstone_block' at position 0: <--[HERE]
[23:16:51] [Paper Common Worker #0/ERROR]: Failed to parse jigsaw replacement state 'minecrat:dripstone_block' at BlockPos{x=3060, y=-115, z=3076}: Unknown block type 'minecrat:dripstone_block' at position 0: <--[HERE]
[23:16:51] [Paper Common Worker #0/ERROR]: Failed to parse jigsaw replacement state 'minecrat:dripstone_block' at BlockPos{x=3060, y=-115, z=3076}: Unknown block type 'minecrat:dripstone_block' at position 0: <--[HERE]
[23:16:51] [Paper Common Worker #0/ERROR]: Failed to parse jigsaw replacement state 'minecrat:dripstone_block' at BlockPos{x=3060, y=-115, z=3076}: Unknown block type 'minecrat:dripstone_block' at position 0: <--[HERE]
[23:16:51] [Paper Common Worker #0/ERROR]: Failed to parse jigsaw replacement state 'minecrat:dripstone_block' at BlockPos{x=3060, y=-115, z=3076}: Unknown block type 'minecrat:dripstone_block' at position 0: <--[HERE]
[23:16:51] [Paper Common Worker #0/ERROR]: Failed to parse jigsaw replacement state 'minecrat:dripstone_block' at BlockPos{x=3060, y=-115, z=3076}: Unknown block type 'minecrat:dripstone_block' at position 0: <--[HERE]
[23:16:51] [Paper Common Worker #0/ERROR]: Failed to parse jigsaw replacement state 'minecrat:dripstone_block' at BlockPos{x=3060, y=-115, z=3076}: Unknown block type 'minecrat:dripstone_block' at position 0: <--[HERE]
[23:16:51] [Paper Common Worker #0/ERROR]: Failed to parse jigsaw replacement state 'minecrat:dripstone_block' at BlockPos{x=3075, y=-115, z=3041}: Unknown block type 'minecrat:dripstone_block' at position 0: <--[HERE]
[23:16:51] [Paper Common Worker #0/ERROR]: Failed to parse jigsaw replacement state 'minecrat:dripstone_block' at BlockPos{x=3075, y=-115, z=3041}: Unknown block type 'minecrat:dripstone_block' at position 0: <--[HERE]
[23:16:51] [Paper Common Worker #0/ERROR]: Failed to parse jigsaw replacement state 'minecrat:dripstone_block' at BlockPos{x=3050, y=-115, z=3045}: Unknown block type 'minecrat:dripstone_block' at position 0: <--[HERE]
[23:16:51] [Paper Common Worker #0/ERROR]: Failed to parse jigsaw replacement state 'minecrat:dripstone_block' at BlockPos{x=3050, y=-115, z=3045}: Unknown block type 'minecrat:dripstone_block' at position 0: <--[HERE]
[23:16:51] [Paper Common Worker #0/ERROR]: Failed to parse jigsaw replacement state 'minecrat:dripstone_block' at BlockPos{x=3060, y=-115, z=3076}: Unknown block type 'minecrat:dripstone_block' at position 0: <--[HERE]
[23:16:51] [Paper Common Worker #0/ERROR]: Failed to parse jigsaw replacement state 'minecrat:dripstone_block' at BlockPos{x=3060, y=-115, z=3076}: Unknown block type 'minecrat:dripstone_block' at position 0: <--[HERE]
[23:16:51] [Paper Common Worker #0/ERROR]: Failed to parse jigsaw replacement state 'minecrat:dripstone_block' at BlockPos{x=3060, y=-115, z=3076}: Unknown block type 'minecrat:dripstone_block' at position 0: <--[HERE]
[23:16:51] [Paper Common Worker #0/ERROR]: Failed to parse jigsaw replacement state 'minecrat:dripstone_block' at BlockPos{x=3060, y=-115, z=3076}: Unknown block type 'minecrat:dripstone_block' at position 0: <--[HERE]
[23:16:51] [Paper Common Worker #0/ERROR]: Failed to parse jigsaw replacement state 'minecrat:dripstone_block' at BlockPos{x=3060, y=-115, z=3076}: Unknown block type 'minecrat:dripstone_block' at position 0: <--[HERE]
[23:16:51] [Paper Common Worker #0/ERROR]: Failed to parse jigsaw replacement state 'minecrat:dripstone_block' at BlockPos{x=3060, y=-115, z=3076}: Unknown block type 'minecrat:dripstone_block' at position 0: <--[HERE]
[23:16:52] [Paper Common Worker #0/ERROR]: Failed to parse jigsaw replacement state 'minecrat:dripstone_block' at BlockPos{x=3072, y=-115, z=3015}: Unknown block type 'minecrat:dripstone_block' at position 0: <--[HERE]
[23:16:52] [Paper Common Worker #0/ERROR]: Failed to parse jigsaw replacement state 'minecrat:dripstone_block' at BlockPos{x=3072, y=-115, z=3015}: Unknown block type 'minecrat:dripstone_block' at position 0: <--[HERE]
[23:16:52] [Paper Common Worker #0/ERROR]: Failed to parse jigsaw replacement state 'minecrat:dripstone_block' at BlockPos{x=3072, y=-115, z=3015}: Unknown block type 'minecrat:dripstone_block' at position 0: <--[HERE]
[23:16:52] [Paper Common Worker #0/ERROR]: Failed to parse jigsaw replacement state 'minecrat:dripstone_block' at BlockPos{x=3072, y=-115, z=3015}: Unknown block type 'minecrat:dripstone_block' at position 0: <--[HERE]
[23:16:52] [Server thread/INFO]: [Chunky] Task running for world. Processed: 123562 chunks (7.90%), ETA: 37:49:31, Rate: 10.6 cps, Current: 190, 190
[23:16:53] [Paper Common Worker #0/ERROR]: Failed to parse jigsaw replacement state 'minecrat:dripstone_block' at BlockPos{x=3060, y=-115, z=3076}: Unknown block type 'minecrat:dripstone_block' at position 0: <--[HERE]
[23:16:53] [Paper Common Worker #0/ERROR]: Failed to parse jigsaw replacement state 'minecrat:dripstone_block' at BlockPos{x=3060, y=-115, z=3076}: Unknown block type 'minecrat:dripstone_block' at position 0: <--[HERE]
[23:16:53] [Paper Common Worker #0/ERROR]: Failed to parse jigsaw replacement state 'minecrat:dripstone_block' at BlockPos{x=3060, y=-115, z=3076}: Unknown block type 'minecrat:dripstone_block' at position 0: <--[HERE]
[23:16:53] [Paper Common Worker #0/ERROR]: Failed to parse jigsaw replacement state 'minecrat:dripstone_block' at BlockPos{x=3060, y=-115, z=3076}: Unknown block type 'minecrat:dripstone_block' at position 0: <--[HERE]
[23:16:53] [Paper Common Worker #0/ERROR]: Failed to parse jigsaw replacement state 'minecrat:dripstone_block' at BlockPos{x=3060, y=-115, z=3076}: Unknown block type 'minecrat:dripstone_block' at position 0: <--[HERE]
[23:16:53] [Paper Common Worker #0/ERROR]: Failed to parse jigsaw replacement state 'minecrat:dripstone_block' at BlockPos{x=3060, y=-115, z=3076}: Unknown block type 'minecrat:dripstone_block' at position 0: <--[HERE]
[23:16:53] [Server thread/INFO]: [Chunky] Task running for world. Processed: 123570 chunks (7.90%), ETA: 38:18:59, Rate: 10.4 cps, Current: 190, 187
[23:16:53] [Paper Common Worker #0/ERROR]: Failed to parse jigsaw replacement state 'minecrat:dripstone_block' at BlockPos{x=3066, y=-115, z=3085}: Unknown block type 'minecrat:dripstone_block' at position 0: <--[HERE]
[23:16:53] [Paper Common Worker #0/ERROR]: Failed to parse jigsaw replacement state 'minecrat:dripstone_block' at BlockPos{x=3066, y=-115, z=3085}: Unknown block type 'minecrat:dripstone_block' at position 0: <--[HERE]
[23:16:53] [Paper Common Worker #0/ERROR]: Failed to parse jigsaw replacement state 'minecrat:dripstone_block' at BlockPos{x=3066, y=-115, z=3085}: Unknown block type 'minecrat:dripstone_block' at position 0: <--[HERE]
[23:16:53] [Paper Common Worker #0/ERROR]: Failed to parse jigsaw replacement state 'minecrat:dripstone_block' at BlockPos{x=3066, y=-115, z=3085}: Unknown block type 'minecrat:dripstone_block' at position 0: <--[HERE]
[23:16:53] [Paper Common Worker #0/ERROR]: Failed to parse jigsaw replacement state 'minecrat:dripstone_block' at BlockPos{x=3060, y=-115, z=3076}: Unknown block type 'minecrat:dripstone_block' at position 0: <--[HERE]
[23:16:53] [Paper Common Worker #0/ERROR]: Failed to parse jigsaw replacement state 'minecrat:dripstone_block' at BlockPos{x=3060, y=-115, z=3076}: Unknown block type 'minecrat:dripstone_block' at position 0: <--[HERE]
[23:16:53] [Paper Common Worker #0/ERROR]: Failed to parse jigsaw replacement state 'minecrat:dripstone_block' at BlockPos{x=3060, y=-115, z=3076}: Unknown block type 'minecrat:dripstone_block' at position 0: <--[HERE]
[23:16:53] [Paper Common Worker #0/ERROR]: Failed to parse jigsaw replacement state 'minecrat:dripstone_block' at BlockPos{x=3060, y=-115, z=3076}: Unknown block type 'minecrat:dripstone_block' at position 0: <--[HERE]
[23:16:53] [Paper Common Worker #0/ERROR]: Failed to parse jigsaw replacement state 'minecrat:dripstone_block' at BlockPos{x=3060, y=-115, z=3076}: Unknown block type 'minecrat:dripstone_block' at position 0: <--[HERE]
[23:16:53] [Paper Common Worker #0/ERROR]: Failed to parse jigsaw replacement state 'minecrat:dripstone_block' at BlockPos{x=3060, y=-115, z=3076}: Unknown block type 'minecrat:dripstone_block' at position 0: <--[HERE]
[23:16:54] [Paper Common Worker #0/ERROR]: Failed to parse jigsaw replacement state 'minecrat:dripstone_block' at BlockPos{x=3067, y=-115, z=3089}: Unknown block type 'minecrat:dripstone_block' at position 0: <--[HERE]
[23:16:54] [Paper Common Worker #0/ERROR]: Failed to parse jigsaw replacement state 'minecrat:dripstone_block' at BlockPos{x=3067, y=-115, z=3089}: Unknown block type 'minecrat:dripstone_block' at position 0: <--[HERE]
[23:16:54] [Paper Common Worker #0/ERROR]: Failed to parse jigsaw replacement state 'minecrat:dripstone_block' at BlockPos{x=3067, y=-115, z=3089}: Unknown block type 'minecrat:dripstone_block' at position 0: <--[HERE]
[23:16:54] [Paper Common Worker #0/ERROR]: Failed to parse jigsaw replacement state 'minecrat:dripstone_block' at BlockPos{x=3067, y=-115, z=3089}: Unknown block type 'minecrat:dripstone_block' at position 0: <--[HERE]
[23:16:54] [Paper Common Worker #0/ERROR]: Failed to parse jigsaw replacement state 'minecrat:dripstone_block' at BlockPos{x=3066, y=-115, z=3085}: Unknown block type 'minecrat:dripstone_block' at position 0: <--[HERE]
[23:16:54] [Paper Common Worker #0/ERROR]: Failed to parse jigsaw replacement state 'minecrat:dripstone_block' at BlockPos{x=3066, y=-115, z=3085}: Unknown block type 'minecrat:dripstone_block' at position 0: <--[HERE]
[23:16:54] [Paper Common Worker #0/ERROR]: Failed to parse jigsaw replacement state 'minecrat:dripstone_block' at BlockPos{x=3066, y=-115, z=3085}: Unknown block type 'minecrat:dripstone_block' at position 0: <--[HERE]
[23:16:54] [Paper Common Worker #0/ERROR]: Failed to parse jigsaw replacement state 'minecrat:dripstone_block' at BlockPos{x=3066, y=-115, z=3085}: Unknown block type 'minecrat:dripstone_block' at position 0: <--[HERE]
[23:16:54] [Paper Common Worker #0/ERROR]: Failed to parse jigsaw replacement state 'minecrat:dripstone_block' at BlockPos{x=3060, y=-115, z=3076}: Unknown block type 'minecrat:dripstone_block' at position 0: <--[HERE]
[23:16:54] [Paper Common Worker #0/ERROR]: Failed to parse jigsaw replacement state 'minecrat:dripstone_block' at BlockPos{x=3060, y=-115, z=3076}: Unknown block type 'minecrat:dripstone_block' at position 0: <--[HERE]
[23:16:54] [Paper Common Worker #0/ERROR]: Failed to parse jigsaw replacement state 'minecrat:dripstone_block' at BlockPos{x=3060, y=-115, z=3076}: Unknown block type 'minecrat:dripstone_block' at position 0: <--[HERE]
[23:16:54] [Paper Common Worker #0/ERROR]: Failed to parse jigsaw replacement state 'minecrat:dripstone_block' at BlockPos{x=3060, y=-115, z=3076}: Unknown block type 'minecrat:dripstone_block' at position 0: <--[HERE]
[23:16:54] [Paper Common Worker #0/ERROR]: Failed to parse jigsaw replacement state 'minecrat:dripstone_block' at BlockPos{x=3060, y=-115, z=3076}: Unknown block type 'minecrat:dripstone_block' at position 0: <--[HERE]
[23:16:54] [Paper Common Worker #0/ERROR]: Failed to parse jigsaw replacement state 'minecrat:dripstone_block' at BlockPos{x=3060, y=-115, z=3076}: Unknown block type 'minecrat:dripstone_block' at position 0: <--[HERE]
[23:16:54] [Paper Common Worker #0/ERROR]: Failed to parse jigsaw replacement state 'minecrat:dripstone_block' at BlockPos{x=3105, y=-115, z=3063}: Unknown block type 'minecrat:dripstone_block' at position 0: <--[HERE]
[23:16:54] [Paper Common Worker #0/ERROR]: Failed to parse jigsaw replacement state 'minecrat:dripstone_block' at BlockPos{x=3105, y=-115, z=3063}: Unknown block type 'minecrat:dripstone_block' at position 0: <--[HERE]
[23:16:54] [Paper Common Worker #0/ERROR]: Failed to parse jigsaw replacement state 'minecrat:dripstone_block' at BlockPos{x=3105, y=-115, z=3063}: Unknown block type 'minecrat:dripstone_block' at position 0: <--[HERE]
[23:16:54] [Paper Common Worker #0/ERROR]: Failed to parse jigsaw replacement state 'minecrat:dripstone_block' at BlockPos{x=3105, y=-115, z=3063}: Unknown block type 'minecrat:dripstone_block' at position 0: <--[HERE]
[23:16:54] [Paper Common Worker #0/ERROR]: Failed to parse jigsaw replacement state 'minecrat:dripstone_block' at BlockPos{x=3074, y=-115, z=3067}: Unknown block type 'minecrat:dripstone_block' at position 0: <--[HERE]
[23:16:54] [Paper Common Worker #0/ERROR]: Failed to parse jigsaw replacement state 'minecrat:dripstone_block' at BlockPos{x=3074, y=-115, z=3067}: Unknown block type 'minecrat:dripstone_block' at position 0: <--[HERE]
[23:16:54] [Paper Common Worker #0/ERROR]: Failed to parse jigsaw replacement state 'minecrat:dripstone_block' at BlockPos{x=3061, y=-115, z=3067}: Unknown block type 'minecrat:dripstone_block' at position 0: <--[HERE]
[23:16:54] [Paper Common Worker #0/ERROR]: Failed to parse jigsaw replacement state 'minecrat:dripstone_block' at BlockPos{x=3061, y=-115, z=3067}: Unknown block type 'minecrat:dripstone_block' at position 0: <--[HERE]
[23:16:54] [Paper Common Worker #0/ERROR]: Failed to parse jigsaw replacement state 'minecrat:dripstone_block' at BlockPos{x=3086, y=-115, z=3089}: Unknown block type 'minecrat:dripstone_block' at position 0: <--[HERE]
[23:16:54] [Paper Common Worker #0/ERROR]: Failed to parse jigsaw replacement state 'minecrat:dripstone_block' at BlockPos{x=3086, y=-115, z=3089}: Unknown block type 'minecrat:dripstone_block' at position 0: <--[HERE]
[23:16:54] [Paper Common Worker #0/ERROR]: Failed to parse jigsaw replacement state 'minecrat:dripstone_block' at BlockPos{x=3067, y=-115, z=3089}: Unknown block type 'minecrat:dripstone_block' at position 0: <--[HERE]
[23:16:54] [Paper Common Worker #0/ERROR]: Failed to parse jigsaw replacement state 'minecrat:dripstone_block' at BlockPos{x=3067, y=-115, z=3089}: Unknown block type 'minecrat:dripstone_block' at position 0: <--[HERE]
[23:16:54] [Paper Common Worker #0/ERROR]: Failed to parse jigsaw replacement state 'minecrat:dripstone_block' at BlockPos{x=3067, y=-115, z=3089}: Unknown block type 'minecrat:dripstone_block' at position 0: <--[HERE]
[23:16:54] [Paper Common Worker #0/ERROR]: Failed to parse jigsaw replacement state 'minecrat:dripstone_block' at BlockPos{x=3067, y=-115, z=3089}: Unknown block type 'minecrat:dripstone_block' at position 0: <--[HERE]
[23:16:54] [Paper Common Worker #0/ERROR]: Failed to parse jigsaw replacement state 'minecrat:dripstone_block' at BlockPos{x=3076, y=-115, z=3054}: Unknown block type 'minecrat:dripstone_block' at position 0: <--[HERE]
[23:16:54] [Paper Common Worker #0/ERROR]: Failed to parse jigsaw replacement state 'minecrat:dripstone_block' at BlockPos{x=3076, y=-115, z=3054}: Unknown block type 'minecrat:dripstone_block' at position 0: <--[HERE]
[23:16:54] [Paper Common Worker #0/ERROR]: Failed to parse jigsaw replacement state 'minecrat:dripstone_block' at BlockPos{x=3076, y=-115, z=3054}: Unknown block type 'minecrat:dripstone_block' at position 0: <--[HERE]
[23:16:54] [Paper Common Worker #0/ERROR]: Failed to parse jigsaw replacement state 'minecrat:dripstone_block' at BlockPos{x=3076, y=-115, z=3054}: Unknown block type 'minecrat:dripstone_block' at position 0: <--[HERE]
[23:16:54] [Paper Common Worker #0/ERROR]: Failed to parse jigsaw replacement state 'minecrat:dripstone_block' at BlockPos{x=3076, y=-115, z=3054}: Unknown block type 'minecrat:dripstone_block' at position 0: <--[HERE]
[23:16:54] [Paper Common Worker #0/ERROR]: Failed to parse jigsaw replacement state 'minecrat:dripstone_block' at BlockPos{x=3076, y=-115, z=3054}: Unknown block type 'minecrat:dripstone_block' at position 0: <--[HERE]
[23:16:54] [Paper Common Worker #0/ERROR]: Failed to parse jigsaw replacement state 'minecrat:dripstone_block' at BlockPos{x=3075, y=-115, z=3041}: Unknown block type 'minecrat:dripstone_block' at position 0: <--[HERE]
[23:16:54] [Paper Common Worker #0/ERROR]: Failed to parse jigsaw replacement state 'minecrat:dripstone_block' at BlockPos{x=3075, y=-115, z=3041}: Unknown block type 'minecrat:dripstone_block' at position 0: <--[HERE]
[23:16:54] [Paper Common Worker #0/ERROR]: Failed to parse jigsaw replacement state 'minecrat:dripstone_block' at BlockPos{x=3076, y=-115, z=3054}: Unknown block type 'minecrat:dripstone_block' at position 0: <--[HERE]
[23:16:54] [Paper Common Worker #0/ERROR]: Failed to parse jigsaw replacement state 'minecrat:dripstone_block' at BlockPos{x=3076, y=-115, z=3054}: Unknown block type 'minecrat:dripstone_block' at position 0: <--[HERE]
[23:16:54] [Paper Common Worker #0/ERROR]: Failed to parse jigsaw replacement state 'minecrat:dripstone_block' at BlockPos{x=3076, y=-115, z=3054}: Unknown block type 'minecrat:dripstone_block' at position 0: <--[HERE]
[23:16:54] [Paper Common Worker #0/ERROR]: Failed to parse jigsaw replacement state 'minecrat:dripstone_block' at BlockPos{x=3076, y=-115, z=3054}: Unknown block type 'minecrat:dripstone_block' at position 0: <--[HERE]
[23:16:54] [Paper Common Worker #0/ERROR]: Failed to parse jigsaw replacement state 'minecrat:dripstone_block' at BlockPos{x=3076, y=-115, z=3054}: Unknown block type 'minecrat:dripstone_block' at position 0: <--[HERE]
[23:16:54] [Paper Common Worker #0/ERROR]: Failed to parse jigsaw replacement state 'minecrat:dripstone_block' at BlockPos{x=3076, y=-115, z=3054}: Unknown block type 'minecrat:dripstone_block' at position 0: <--[HERE]
[23:16:54] [Paper Common Worker #0/ERROR]: Failed to parse jigsaw replacement state 'minecrat:dripstone_block' at BlockPos{x=3073, y=-115, z=3015}: Unknown block type 'minecrat:dripstone_block' at position 0: <--[HERE]
[23:16:54] [Paper Common Worker #0/ERROR]: Failed to parse jigsaw replacement state 'minecrat:dripstone_block' at BlockPos{x=3073, y=-115, z=3015}: Unknown block type 'minecrat:dripstone_block' at position 0: <--[HERE]
[23:16:54] [Paper Common Worker #0/ERROR]: Failed to parse jigsaw replacement state 'minecrat:dripstone_block' at BlockPos{x=3073, y=-115, z=3015}: Unknown block type 'minecrat:dripstone_block' at position 0: <--[HERE]
[23:16:54] [Paper Common Worker #0/ERROR]: Failed to parse jigsaw replacement state 'minecrat:dripstone_block' at BlockPos{x=3073, y=-115, z=3015}: Unknown block type 'minecrat:dripstone_block' at position 0: <--[HERE]
[23:16:54] [Paper Common Worker #0/ERROR]: Failed to parse jigsaw replacement state 'minecrat:dripstone_block' at BlockPos{x=3073, y=-115, z=3015}: Unknown block type 'minecrat:dripstone_block' at position 0: <--[HERE]
[23:16:54] [Paper Common Worker #0/ERROR]: Failed to parse jigsaw replacement state 'minecrat:dripstone_block' at BlockPos{x=3073, y=-115, z=3015}: Unknown block type 'minecrat:dripstone_block' at position 0: <--[HERE]
[23:16:54] [Paper Common Worker #0/ERROR]: Failed to parse jigsaw replacement state 'minecrat:dripstone_block' at BlockPos{x=3072, y=-115, z=3015}: Unknown block type 'minecrat:dripstone_block' at position 0: <--[HERE]
[23:16:54] [Paper Common Worker #0/ERROR]: Failed to parse jigsaw replacement state 'minecrat:dripstone_block' at BlockPos{x=3072, y=-115, z=3015}: Unknown block type 'minecrat:dripstone_block' at position 0: <--[HERE]
[23:16:54] [Paper Common Worker #0/ERROR]: Failed to parse jigsaw replacement state 'minecrat:dripstone_block' at BlockPos{x=3072, y=-115, z=3015}: Unknown block type 'minecrat:dripstone_block' at position 0: <--[HERE]
[23:16:54] [Paper Common Worker #0/ERROR]: Failed to parse jigsaw replacement state 'minecrat:dripstone_block' at BlockPos{x=3072, y=-115, z=3015}: Unknown block type 'minecrat:dripstone_block' at position 0: <--[HERE]
[23:16:54] [Server thread/INFO]: [Chunky] Task running for world. Processed: 123579 chunks (7.90%), ETA: 38:29:30, Rate: 10.4 cps, Current: 189, 182
[23:16:55] [Server thread/INFO]: AL5PT issued server command: /up 10
[23:16:55] [Server thread/INFO]: [Chunky] Task running for world. Processed: 123596 chunks (7.90%), ETA: 37:42:08, Rate: 10.6 cps, Current: 191, 188
[23:16:56] [Server thread/INFO]: [Chunky] Task running for world. Processed: 123613 chunks (7.90%), ETA: 37:23:12, Rate: 10.7 cps, Current: 185, 179
[23:16:57] [Server thread/INFO]: [Chunky] Task running for world. Processed: 123625 chunks (7.90%), ETA: 36:23:16, Rate: 11.0 cps, Current: 191, 180
[23:16:58] [Server thread/INFO]: [Chunky] Task running for world. Processed: 123636 chunks (7.90%), ETA: 36:19:17, Rate: 11.0 cps, Current: 190, 179
[23:16:59] [Server thread/INFO]: [Chunky] Task running for world. Processed: 123642 chunks (7.90%), ETA: 36:17:07, Rate: 11.0 cps, Current: 191, 179
[23:17:01] [Server thread/INFO]: [Chunky] Task running for world. Processed: 123645 chunks (7.90%), ETA: 40:17:56, Rate: 9.9 cps, Current: 190, 177
[23:17:02] [Server thread/INFO]: [Chunky] Task running for world. Processed: 123652 chunks (7.90%), ETA: 44:11:42, Rate: 9.1 cps, Current: 189, 172
[23:17:03] [Server thread/INFO]: AL5PT issued server command: /up 9
[23:17:03] [Server thread/INFO]: [Chunky] Task running for world. Processed: 123666 chunks (7.90%), ETA: 43:25:37, Rate: 9.2 cps, Current: 191, 176
[23:17:04] [Paper Common Worker #0/ERROR]: Block-attached entity at invalid position: BlockPos{x=203, y=48, z=159}
[23:17:04] [Paper Common Worker #0/ERROR]: Block-attached entity at invalid position: BlockPos{x=-129, y=74, z=-118}
[23:17:04] [Paper Common Worker #0/ERROR]: Block-attached entity at invalid position: BlockPos{x=-129, y=74, z=-116}
[23:17:04] [Paper Common Worker #0/ERROR]: Block-attached entity at invalid position: BlockPos{x=-128, y=74, z=-118}
[23:17:05] [Server thread/INFO]: [Chunky] Task running for world. Processed: 123683 chunks (7.90%), ETA: 41:17:35, Rate: 9.7 cps, Current: 191, 173
[23:17:06] [Server thread/INFO]: AL5PT issued server command: //set gold_block
[23:17:06] [Server thread/INFO]: [Chunky] Task running for world. Processed: 123704 chunks (7.90%), ETA: 39:58:13, Rate: 10.0 cps, Current: 188, 168
[23:17:07] [Server thread/INFO]: [Chunky] Task running for world. Processed: 123717 chunks (7.91%), ETA: 39:59:32, Rate: 10.0 cps, Current: 176, 174
[23:17:08] [Server thread/INFO]: [Chunky] Task running for world. Processed: 123738 chunks (7.91%), ETA: 39:02:53, Rate: 10.3 cps, Current: 177, 172
[23:17:09] [Server thread/INFO]: [Chunky] Task running for world. Processed: 123763 chunks (7.91%), ETA: 36:38:06, Rate: 10.9 cps, Current: 183, 169
[23:17:10] [Server thread/INFO]: [Chunky] Task running for world. Processed: 123773 chunks (7.91%), ETA: 38:19:35, Rate: 10.4 cps, Current: 182, 168
[23:17:11] [Server thread/INFO]: [Chunky] Task running for world. Processed: 123799 chunks (7.91%), ETA: 36:10:45, Rate: 11.1 cps, Current: 177, 163
[23:17:12] [Server thread/INFO]: AL5PT issued server command: //set gold_block
[23:17:13] [Server thread/INFO]: [Chunky] Task running for world. Processed: 123830 chunks (7.91%), ETA: 34:32:28, Rate: 11.6 cps, Current: 182, 160
[23:17:14] [Server thread/INFO]: [Chunky] Task running for world. Processed: 123852 chunks (7.91%), ETA: 33:21:07, Rate: 12.0 cps, Current: 185, 161
[23:17:15] [Server thread/INFO]: [Chunky] Task running for world. Processed: 123875 chunks (7.92%), ETA: 31:58:06, Rate: 12.5 cps, Current: 190, 167
[23:17:17] [Server thread/INFO]: [Chunky] Task running for world. Processed: 123891 chunks (7.92%), ETA: 32:12:29, Rate: 12.4 cps, Current: 190, 166
[23:17:18] [Server thread/INFO]: [Chunky] Task running for world. Processed: 123910 chunks (7.92%), ETA: 31:11:14, Rate: 12.8 cps, Current: 192, 165
[23:17:19] [Server thread/INFO]: [Chunky] Task running for world. Processed: 123918 chunks (7.92%), ETA: 31:55:01, Rate: 12.5 cps, Current: 193, 160
[23:17:21] [Server thread/INFO]: [Chunky] Task running for world. Processed: 123929 chunks (7.92%), ETA: 31:33:01, Rate: 12.7 cps, Current: 197, 165
[23:17:22] [Server thread/INFO]: [Chunky] Task running for world. Processed: 123938 chunks (7.92%), ETA: 31:37:01, Rate: 12.7 cps, Current: 196, 163
[23:17:22] [Server thread/INFO]: AL5PT issued server command: //set gold_block
[23:17:23] [Server thread/INFO]: [Chunky] Task running for world. Processed: 123950 chunks (7.92%), ETA: 31:08:45, Rate: 12.9 cps, Current: 197, 162
[23:17:24] [Server thread/INFO]: [Chunky] Task running for world. Processed: 123953 chunks (7.92%), ETA: 31:46:01, Rate: 12.6 cps, Current: 196, 167
[23:17:25] [Server thread/INFO]: [Chunky] Task running for world. Processed: 123957 chunks (7.92%), ETA: 32:58:03, Rate: 12.1 cps, Current: 197, 167
[23:17:26] [Server thread/INFO]: AL5PT issued server command: //set gold_block
[23:17:26] [Server thread/INFO]: [Chunky] Task running for world. Processed: 123967 chunks (7.92%), ETA: 33:27:38, Rate: 12.0 cps, Current: 200, 161
[23:17:27] [Server thread/INFO]: [Chunky] Task running for world. Processed: 123971 chunks (7.92%), ETA: 34:25:03, Rate: 11.6 cps, Current: 198, 160
[23:17:28] [Server thread/INFO]: [Chunky] Task running for world. Processed: 123982 chunks (7.92%), ETA: 34:27:11, Rate: 11.6 cps, Current: 204, 162
[23:17:30] [Server thread/INFO]: [Chunky] Task running for world. Processed: 124003 chunks (7.92%), ETA: 32:46:41, Rate: 12.2 cps, Current: 202, 160
[23:17:31] [Server thread/INFO]: [Chunky] Task running for world. Processed: 124007 chunks (7.92%), ETA: 32:35:56, Rate: 12.3 cps, Current: 205, 160
[23:17:32] [Server thread/INFO]: [Chunky] Task running for world. Processed: 124026 chunks (7.92%), ETA: 32:14:36, Rate: 12.4 cps, Current: 202, 167
[23:17:32] [Paper Common Worker #0/ERROR]: Block-attached entity at invalid position: BlockPos{x=-129, y=74, z=-118}
[23:17:32] [Paper Common Worker #0/ERROR]: Block-attached entity at invalid position: BlockPos{x=-129, y=74, z=-116}
[23:17:32] [Paper Common Worker #0/ERROR]: Block-attached entity at invalid position: BlockPos{x=-128, y=74, z=-118}
[23:17:33] [Server thread/INFO]: AL5PT issued server command: //set gold_block
[23:17:33] [Server thread/INFO]: [Chunky] Task running for world. Processed: 124033 chunks (7.93%), ETA: 32:32:45, Rate: 12.3 cps, Current: 207, 165
[23:17:35] [Server thread/INFO]: [Chunky] Task running for world. Processed: 124048 chunks (7.93%), ETA: 32:25:40, Rate: 12.3 cps, Current: 205, 169
[23:17:36] [Server thread/INFO]: [Chunky] Task running for world. Processed: 124053 chunks (7.93%), ETA: 33:58:11, Rate: 11.8 cps, Current: 205, 171
[23:17:37] [Server thread/INFO]: [Chunky] Task running for world. Processed: 124062 chunks (7.93%), ETA: 34:31:35, Rate: 11.6 cps, Current: 204, 172
[23:17:38] [Server thread/INFO]: [Chunky] Task running for world. Processed: 124073 chunks (7.93%), ETA: 35:26:30, Rate: 11.3 cps, Current: 203, 173
[23:17:39] [Server thread/INFO]: AL5PT issued server command: //set gold_block
[23:17:39] [Server thread/INFO]: [Chunky] Task running for world. Processed: 124079 chunks (7.93%), ETA: 37:44:38, Rate: 10.6 cps, Current: 205, 174
[23:17:41] [Server thread/INFO]: [Chunky] Task running for world. Processed: 124091 chunks (7.93%), ETA: 39:50:12, Rate: 10.0 cps, Current: 202, 174
[23:17:42] [Server thread/INFO]: [Chunky] Task running for world. Processed: 124126 chunks (7.93%), ETA: 39:45:17, Rate: 10.1 cps, Current: 196, 170
[23:17:43] [Server thread/INFO]: AL5PT issued server command: //set gold_block
[23:17:43] [Server thread/INFO]: [Chunky] Task running for world. Processed: 124161 chunks (7.93%), ETA: 38:09:09, Rate: 10.5 cps, Current: 192, 176
[23:17:44] [Server thread/INFO]: [Chunky] Task running for world. Processed: 124166 chunks (7.93%), ETA: 40:19:48, Rate: 9.9 cps, Current: 194, 176
[23:17:46] [Server thread/INFO]: [Chunky] Task running for world. Processed: 124185 chunks (7.94%), ETA: 39:21:33, Rate: 10.2 cps, Current: 197, 177
[23:17:47] [Server thread/INFO]: [Chunky] Task running for world. Processed: 124200 chunks (7.94%), ETA: 39:37:04, Rate: 10.1 cps, Current: 199, 177
[23:17:48] [Server thread/INFO]: [Chunky] Task running for world. Processed: 124214 chunks (7.94%), ETA: 39:07:03, Rate: 10.2 cps, Current: 192, 185
[23:17:48] [Paper Common Worker #0/ERROR]: Failed to parse jigsaw replacement state 'minecrat:dripstone_block' at BlockPos{x=3073, y=-115, z=3015}: Unknown block type 'minecrat:dripstone_block' at position 0: <--[HERE]
[23:17:48] [Paper Common Worker #0/ERROR]: Failed to parse jigsaw replacement state 'minecrat:dripstone_block' at BlockPos{x=3073, y=-115, z=3015}: Unknown block type 'minecrat:dripstone_block' at position 0: <--[HERE]
[23:17:48] [Paper Common Worker #0/ERROR]: Failed to parse jigsaw replacement state 'minecrat:dripstone_block' at BlockPos{x=3073, y=-115, z=3015}: Unknown block type 'minecrat:dripstone_block' at position 0: <--[HERE]
[23:17:48] [Paper Common Worker #0/ERROR]: Failed to parse jigsaw replacement state 'minecrat:dripstone_block' at BlockPos{x=3076, y=-115, z=3054}: Unknown block type 'minecrat:dripstone_block' at position 0: <--[HERE]
[23:17:48] [Paper Common Worker #0/ERROR]: Failed to parse jigsaw replacement state 'minecrat:dripstone_block' at BlockPos{x=3076, y=-115, z=3054}: Unknown block type 'minecrat:dripstone_block' at position 0: <--[HERE]
[23:17:48] [Paper Common Worker #0/ERROR]: Failed to parse jigsaw replacement state 'minecrat:dripstone_block' at BlockPos{x=3076, y=-115, z=3054}: Unknown block type 'minecrat:dripstone_block' at position 0: <--[HERE]
[23:17:48] [Paper Common Worker #0/ERROR]: Failed to parse jigsaw replacement state 'minecrat:dripstone_block' at BlockPos{x=3076, y=-115, z=3054}: Unknown block type 'minecrat:dripstone_block' at position 0: <--[HERE]
[23:17:48] [Paper Common Worker #0/ERROR]: Failed to parse jigsaw replacement state 'minecrat:dripstone_block' at BlockPos{x=3076, y=-115, z=3054}: Unknown block type 'minecrat:dripstone_block' at position 0: <--[HERE]
[23:17:48] [Paper Common Worker #0/ERROR]: Failed to parse jigsaw replacement state 'minecrat:dripstone_block' at BlockPos{x=3076, y=-115, z=3054}: Unknown block type 'minecrat:dripstone_block' at position 0: <--[HERE]
[23:17:48] [Paper Common Worker #0/ERROR]: Failed to parse jigsaw replacement state 'minecrat:dripstone_block' at BlockPos{x=3073, y=-115, z=3015}: Unknown block type 'minecrat:dripstone_block' at position 0: <--[HERE]
[23:17:48] [Paper Common Worker #0/ERROR]: Failed to parse jigsaw replacement state 'minecrat:dripstone_block' at BlockPos{x=3073, y=-115, z=3015}: Unknown block type 'minecrat:dripstone_block' at position 0: <--[HERE]
[23:17:48] [Paper Common Worker #0/ERROR]: Failed to parse jigsaw replacement state 'minecrat:dripstone_block' at BlockPos{x=3073, y=-115, z=3015}: Unknown block type 'minecrat:dripstone_block' at position 0: <--[HERE]
[23:17:48] [Paper Common Worker #0/ERROR]: Failed to parse jigsaw replacement state 'minecrat:dripstone_block' at BlockPos{x=3099, y=-115, z=3041}: Unknown block type 'minecrat:dripstone_block' at position 0: <--[HERE]
[23:17:48] [Paper Common Worker #0/ERROR]: Failed to parse jigsaw replacement state 'minecrat:dripstone_block' at BlockPos{x=3099, y=-115, z=3041}: Unknown block type 'minecrat:dripstone_block' at position 0: <--[HERE]
[23:17:48] [Paper Common Worker #0/ERROR]: Failed to parse jigsaw replacement state 'minecrat:dripstone_block' at BlockPos{x=3099, y=-115, z=3041}: Unknown block type 'minecrat:dripstone_block' at position 0: <--[HERE]
[23:17:48] [Paper Common Worker #0/ERROR]: Failed to parse jigsaw replacement state 'minecrat:dripstone_block' at BlockPos{x=3076, y=-115, z=3054}: Unknown block type 'minecrat:dripstone_block' at position 0: <--[HERE]
[23:17:48] [Paper Common Worker #0/ERROR]: Failed to parse jigsaw replacement state 'minecrat:dripstone_block' at BlockPos{x=3076, y=-115, z=3054}: Unknown block type 'minecrat:dripstone_block' at position 0: <--[HERE]
[23:17:48] [Paper Common Worker #0/ERROR]: Failed to parse jigsaw replacement state 'minecrat:dripstone_block' at BlockPos{x=3076, y=-115, z=3054}: Unknown block type 'minecrat:dripstone_block' at position 0: <--[HERE]
[23:17:48] [Paper Common Worker #0/ERROR]: Failed to parse jigsaw replacement state 'minecrat:dripstone_block' at BlockPos{x=3076, y=-115, z=3054}: Unknown block type 'minecrat:dripstone_block' at position 0: <--[HERE]
[23:17:48] [Paper Common Worker #0/ERROR]: Failed to parse jigsaw replacement state 'minecrat:dripstone_block' at BlockPos{x=3076, y=-115, z=3054}: Unknown block type 'minecrat:dripstone_block' at position 0: <--[HERE]
[23:17:48] [Paper Common Worker #0/ERROR]: Failed to parse jigsaw replacement state 'minecrat:dripstone_block' at BlockPos{x=3076, y=-115, z=3054}: Unknown block type 'minecrat:dripstone_block' at position 0: <--[HERE]
[23:17:48] [Paper Common Worker #0/ERROR]: Failed to parse jigsaw replacement state 'minecrat:dripstone_block' at BlockPos{x=3099, y=-115, z=3041}: Unknown block type 'minecrat:dripstone_block' at position 0: <--[HERE]
[23:17:48] [Paper Common Worker #0/ERROR]: Failed to parse jigsaw replacement state 'minecrat:dripstone_block' at BlockPos{x=3099, y=-115, z=3041}: Unknown block type 'minecrat:dripstone_block' at position 0: <--[HERE]
[23:17:48] [Paper Common Worker #0/ERROR]: Failed to parse jigsaw replacement state 'minecrat:dripstone_block' at BlockPos{x=3099, y=-115, z=3041}: Unknown block type 'minecrat:dripstone_block' at position 0: <--[HERE]
[23:17:48] [Paper Common Worker #0/ERROR]: Failed to parse jigsaw replacement state 'minecrat:dripstone_block' at BlockPos{x=3105, y=-115, z=3063}: Unknown block type 'minecrat:dripstone_block' at position 0: <--[HERE]
[23:17:48] [Paper Common Worker #0/ERROR]: Failed to parse jigsaw replacement state 'minecrat:dripstone_block' at BlockPos{x=3105, y=-115, z=3063}: Unknown block type 'minecrat:dripstone_block' at position 0: <--[HERE]
[23:17:48] [Paper Common Worker #0/ERROR]: Failed to parse jigsaw replacement state 'minecrat:dripstone_block' at BlockPos{x=3105, y=-115, z=3063}: Unknown block type 'minecrat:dripstone_block' at position 0: <--[HERE]
[23:17:48] [Paper Common Worker #0/ERROR]: Failed to parse jigsaw replacement state 'minecrat:dripstone_block' at BlockPos{x=3105, y=-115, z=3063}: Unknown block type 'minecrat:dripstone_block' at position 0: <--[HERE]
[23:17:48] [Paper Common Worker #0/ERROR]: Failed to parse jigsaw replacement state 'minecrat:dripstone_block' at BlockPos{x=3115, y=-115, z=3073}: Unknown block type 'minecrat:dripstone_block' at position 0: <--[HERE]
[23:17:48] [Paper Common Worker #0/ERROR]: Failed to parse jigsaw replacement state 'minecrat:dripstone_block' at BlockPos{x=3115, y=-115, z=3073}: Unknown block type 'minecrat:dripstone_block' at position 0: <--[HERE]
[23:17:48] [Paper Common Worker #0/ERROR]: Failed to parse jigsaw replacement state 'minecrat:dripstone_block' at BlockPos{x=3115, y=-115, z=3073}: Unknown block type 'minecrat:dripstone_block' at position 0: <--[HERE]
[23:17:48] [Paper Common Worker #0/ERROR]: Failed to parse jigsaw replacement state 'minecrat:dripstone_block' at BlockPos{x=3086, y=-115, z=3089}: Unknown block type 'minecrat:dripstone_block' at position 0: <--[HERE]
[23:17:48] [Paper Common Worker #0/ERROR]: Failed to parse jigsaw replacement state 'minecrat:dripstone_block' at BlockPos{x=3086, y=-115, z=3089}: Unknown block type 'minecrat:dripstone_block' at position 0: <--[HERE]
[23:17:48] [Server thread/INFO]: AL5PT issued server command: //set gold_block
[23:17:49] [Server thread/INFO]: [Chunky] Task running for world. Processed: 124221 chunks (7.94%), ETA: 38:46:25, Rate: 10.3 cps, Current: 192, 188
[23:17:49] [Paper Common Worker #0/ERROR]: Failed to parse jigsaw replacement state 'minecrat:dripstone_block' at BlockPos{x=3099, y=-115, z=3041}: Unknown block type 'minecrat:dripstone_block' at position 0: <--[HERE]
[23:17:49] [Paper Common Worker #0/ERROR]: Failed to parse jigsaw replacement state 'minecrat:dripstone_block' at BlockPos{x=3099, y=-115, z=3041}: Unknown block type 'minecrat:dripstone_block' at position 0: <--[HERE]
[23:17:49] [Paper Common Worker #0/ERROR]: Failed to parse jigsaw replacement state 'minecrat:dripstone_block' at BlockPos{x=3099, y=-115, z=3041}: Unknown block type 'minecrat:dripstone_block' at position 0: <--[HERE]
[23:17:50] [Paper Common Worker #0/ERROR]: Failed to parse jigsaw replacement state 'minecrat:dripstone_block' at BlockPos{x=3133, y=-115, z=3006}: Unknown block type 'minecrat:dripstone_block' at position 0: <--[HERE]
[23:17:50] [Paper Common Worker #0/ERROR]: Failed to parse jigsaw replacement state 'minecrat:dripstone_block' at BlockPos{x=3133, y=-115, z=3006}: Unknown block type 'minecrat:dripstone_block' at position 0: <--[HERE]
[23:17:50] [Paper Common Worker #0/ERROR]: Failed to parse jigsaw replacement state 'minecrat:dripstone_block' at BlockPos{x=3133, y=-115, z=3019}: Unknown block type 'minecrat:dripstone_block' at position 0: <--[HERE]
[23:17:50] [Paper Common Worker #0/ERROR]: Failed to parse jigsaw replacement state 'minecrat:dripstone_block' at BlockPos{x=3133, y=-115, z=3019}: Unknown block type 'minecrat:dripstone_block' at position 0: <--[HERE]
[23:17:50] [Paper Common Worker #0/ERROR]: Failed to parse jigsaw replacement state 'minecrat:dripstone_block' at BlockPos{x=3133, y=-115, z=3019}: Unknown block type 'minecrat:dripstone_block' at position 0: <--[HERE]
[23:17:50] [Paper Common Worker #0/ERROR]: Failed to parse jigsaw replacement state 'minecrat:dripstone_block' at BlockPos{x=3133, y=-115, z=3019}: Unknown block type 'minecrat:dripstone_block' at position 0: <--[HERE]
[23:17:50] [Paper Common Worker #0/ERROR]: Failed to parse jigsaw replacement state 'minecrat:dripstone_block' at BlockPos{x=3133, y=-115, z=3006}: Unknown block type 'minecrat:dripstone_block' at position 0: <--[HERE]
[23:17:50] [Paper Common Worker #0/ERROR]: Failed to parse jigsaw replacement state 'minecrat:dripstone_block' at BlockPos{x=3133, y=-115, z=3006}: Unknown block type 'minecrat:dripstone_block' at position 0: <--[HERE]
[23:17:50] [Paper Common Worker #0/ERROR]: Failed to parse jigsaw replacement state 'minecrat:dripstone_block' at BlockPos{x=3133, y=-115, z=3038}: Unknown block type 'minecrat:dripstone_block' at position 0: <--[HERE]
[23:17:50] [Paper Common Worker #0/ERROR]: Failed to parse jigsaw replacement state 'minecrat:dripstone_block' at BlockPos{x=3133, y=-115, z=3038}: Unknown block type 'minecrat:dripstone_block' at position 0: <--[HERE]
[23:17:50] [Paper Common Worker #0/ERROR]: Failed to parse jigsaw replacement state 'minecrat:dripstone_block' at BlockPos{x=3133, y=-115, z=3019}: Unknown block type 'minecrat:dripstone_block' at position 0: <--[HERE]
[23:17:50] [Paper Common Worker #0/ERROR]: Failed to parse jigsaw replacement state 'minecrat:dripstone_block' at BlockPos{x=3133, y=-115, z=3019}: Unknown block type 'minecrat:dripstone_block' at position 0: <--[HERE]
[23:17:50] [Paper Common Worker #0/ERROR]: Failed to parse jigsaw replacement state 'minecrat:dripstone_block' at BlockPos{x=3133, y=-115, z=3019}: Unknown block type 'minecrat:dripstone_block' at position 0: <--[HERE]
[23:17:50] [Paper Common Worker #0/ERROR]: Failed to parse jigsaw replacement state 'minecrat:dripstone_block' at BlockPos{x=3133, y=-115, z=3019}: Unknown block type 'minecrat:dripstone_block' at position 0: <--[HERE]
[23:17:50] [Server thread/INFO]: [Chunky] Task running for world. Processed: 124228 chunks (7.94%), ETA: 38:56:51, Rate: 10.3 cps, Current: 194, 184
[23:17:50] [Paper Common Worker #0/ERROR]: Failed to parse jigsaw replacement state 'minecrat:dripstone_block' at BlockPos{x=3120, y=-115, z=3072}: Unknown block type 'minecrat:dripstone_block' at position 0: <--[HERE]
[23:17:50] [Paper Common Worker #0/ERROR]: Failed to parse jigsaw replacement state 'minecrat:dripstone_block' at BlockPos{x=3120, y=-115, z=3072}: Unknown block type 'minecrat:dripstone_block' at position 0: <--[HERE]
[23:17:50] [Paper Common Worker #0/ERROR]: Failed to parse jigsaw replacement state 'minecrat:dripstone_block' at BlockPos{x=3120, y=-115, z=3072}: Unknown block type 'minecrat:dripstone_block' at position 0: <--[HERE]
[23:17:50] [Paper Common Worker #0/ERROR]: Failed to parse jigsaw replacement state 'minecrat:dripstone_block' at BlockPos{x=3120, y=-115, z=3072}: Unknown block type 'minecrat:dripstone_block' at position 0: <--[HERE]
[23:17:50] [Paper Common Worker #0/ERROR]: Failed to parse jigsaw replacement state 'minecrat:dripstone_block' at BlockPos{x=3120, y=-115, z=3072}: Unknown block type 'minecrat:dripstone_block' at position 0: <--[HERE]
[23:17:50] [Paper Common Worker #0/ERROR]: Failed to parse jigsaw replacement state 'minecrat:dripstone_block' at BlockPos{x=3120, y=-115, z=3072}: Unknown block type 'minecrat:dripstone_block' at position 0: <--[HERE]
[23:17:50] [Paper Common Worker #0/ERROR]: Failed to parse jigsaw replacement state 'minecrat:dripstone_block' at BlockPos{x=3120, y=-115, z=3072}: Unknown block type 'minecrat:dripstone_block' at position 0: <--[HERE]
[23:17:50] [Paper Common Worker #0/ERROR]: Failed to parse jigsaw replacement state 'minecrat:dripstone_block' at BlockPos{x=3120, y=-115, z=3072}: Unknown block type 'minecrat:dripstone_block' at position 0: <--[HERE]
[23:17:50] [Paper Common Worker #0/ERROR]: Failed to parse jigsaw replacement state 'minecrat:dripstone_block' at BlockPos{x=3099, y=-115, z=3041}: Unknown block type 'minecrat:dripstone_block' at position 0: <--[HERE]
[23:17:50] [Paper Common Worker #0/ERROR]: Failed to parse jigsaw replacement state 'minecrat:dripstone_block' at BlockPos{x=3099, y=-115, z=3041}: Unknown block type 'minecrat:dripstone_block' at position 0: <--[HERE]
[23:17:50] [Paper Common Worker #0/ERROR]: Failed to parse jigsaw replacement state 'minecrat:dripstone_block' at BlockPos{x=3099, y=-115, z=3041}: Unknown block type 'minecrat:dripstone_block' at position 0: <--[HERE]
[23:17:50] [Paper Common Worker #0/ERROR]: Failed to parse jigsaw replacement state 'minecrat:dripstone_block' at BlockPos{x=3105, y=-115, z=3063}: Unknown block type 'minecrat:dripstone_block' at position 0: <--[HERE]
[23:17:50] [Paper Common Worker #0/ERROR]: Failed to parse jigsaw replacement state 'minecrat:dripstone_block' at BlockPos{x=3105, y=-115, z=3063}: Unknown block type 'minecrat:dripstone_block' at position 0: <--[HERE]
[23:17:50] [Paper Common Worker #0/ERROR]: Failed to parse jigsaw replacement state 'minecrat:dripstone_block' at BlockPos{x=3105, y=-115, z=3063}: Unknown block type 'minecrat:dripstone_block' at position 0: <--[HERE]
[23:17:50] [Paper Common Worker #0/ERROR]: Failed to parse jigsaw replacement state 'minecrat:dripstone_block' at BlockPos{x=3105, y=-115, z=3063}: Unknown block type 'minecrat:dripstone_block' at position 0: <--[HERE]
[23:17:50] [Paper Common Worker #0/ERROR]: Failed to parse jigsaw replacement state 'minecrat:dripstone_block' at BlockPos{x=3137, y=-115, z=3051}: Unknown block type 'minecrat:dripstone_block' at position 0: <--[HERE]
[23:17:50] [Paper Common Worker #0/ERROR]: Failed to parse jigsaw replacement state 'minecrat:dripstone_block' at BlockPos{x=3137, y=-115, z=3051}: Unknown block type 'minecrat:dripstone_block' at position 0: <--[HERE]
[23:17:50] [Paper Common Worker #0/ERROR]: Failed to parse jigsaw replacement state 'minecrat:dripstone_block' at BlockPos{x=3137, y=-115, z=3051}: Unknown block type 'minecrat:dripstone_block' at position 0: <--[HERE]
[23:17:50] [Paper Common Worker #0/ERROR]: Failed to parse jigsaw replacement state 'minecrat:dripstone_block' at BlockPos{x=3133, y=-115, z=3038}: Unknown block type 'minecrat:dripstone_block' at position 0: <--[HERE]
[23:17:50] [Paper Common Worker #0/ERROR]: Failed to parse jigsaw replacement state 'minecrat:dripstone_block' at BlockPos{x=3133, y=-115, z=3038}: Unknown block type 'minecrat:dripstone_block' at position 0: <--[HERE]
[23:17:50] [Paper Common Worker #0/ERROR]: Failed to parse jigsaw replacement state 'minecrat:dripstone_block' at BlockPos{x=3133, y=-115, z=3019}: Unknown block type 'minecrat:dripstone_block' at position 0: <--[HERE]
[23:17:50] [Paper Common Worker #0/ERROR]: Failed to parse jigsaw replacement state 'minecrat:dripstone_block' at BlockPos{x=3133, y=-115, z=3019}: Unknown block type 'minecrat:dripstone_block' at position 0: <--[HERE]
[23:17:50] [Paper Common Worker #0/ERROR]: Failed to parse jigsaw replacement state 'minecrat:dripstone_block' at BlockPos{x=3133, y=-115, z=3019}: Unknown block type 'minecrat:dripstone_block' at position 0: <--[HERE]
[23:17:50] [Paper Common Worker #0/ERROR]: Failed to parse jigsaw replacement state 'minecrat:dripstone_block' at BlockPos{x=3133, y=-115, z=3019}: Unknown block type 'minecrat:dripstone_block' at position 0: <--[HERE]
[23:17:50] [Paper Common Worker #0/ERROR]: Failed to parse jigsaw replacement state 'minecrat:dripstone_block' at BlockPos{x=3133, y=-115, z=3006}: Unknown block type 'minecrat:dripstone_block' at position 0: <--[HERE]
[23:17:50] [Paper Common Worker #0/ERROR]: Failed to parse jigsaw replacement state 'minecrat:dripstone_block' at BlockPos{x=3133, y=-115, z=3006}: Unknown block type 'minecrat:dripstone_block' at position 0: <--[HERE]
[23:17:50] [Paper Common Worker #0/ERROR]: Failed to parse jigsaw replacement state 'minecrat:dripstone_block' at BlockPos{x=3133, y=-115, z=3006}: Unknown block type 'minecrat:dripstone_block' at position 0: <--[HERE]
[23:17:50] [Paper Common Worker #0/ERROR]: Failed to parse jigsaw replacement state 'minecrat:dripstone_block' at BlockPos{x=3133, y=-115, z=3006}: Unknown block type 'minecrat:dripstone_block' at position 0: <--[HERE]
[23:17:51] [Paper Common Worker #0/ERROR]: Failed to parse jigsaw replacement state 'minecrat:dripstone_block' at BlockPos{x=3120, y=-115, z=3072}: Unknown block type 'minecrat:dripstone_block' at position 0: <--[HERE]
[23:17:51] [Paper Common Worker #0/ERROR]: Failed to parse jigsaw replacement state 'minecrat:dripstone_block' at BlockPos{x=3120, y=-115, z=3072}: Unknown block type 'minecrat:dripstone_block' at position 0: <--[HERE]
[23:17:51] [Paper Common Worker #0/ERROR]: Failed to parse jigsaw replacement state 'minecrat:dripstone_block' at BlockPos{x=3120, y=-115, z=3072}: Unknown block type 'minecrat:dripstone_block' at position 0: <--[HERE]
[23:17:51] [Paper Common Worker #0/ERROR]: Failed to parse jigsaw replacement state 'minecrat:dripstone_block' at BlockPos{x=3120, y=-115, z=3072}: Unknown block type 'minecrat:dripstone_block' at position 0: <--[HERE]
[23:17:51] [Paper Common Worker #0/ERROR]: Failed to parse jigsaw replacement state 'minecrat:dripstone_block' at BlockPos{x=3120, y=-115, z=3072}: Unknown block type 'minecrat:dripstone_block' at position 0: <--[HERE]
[23:17:51] [Paper Common Worker #0/ERROR]: Failed to parse jigsaw replacement state 'minecrat:dripstone_block' at BlockPos{x=3120, y=-115, z=3072}: Unknown block type 'minecrat:dripstone_block' at position 0: <--[HERE]
[23:17:51] [Paper Common Worker #0/ERROR]: Failed to parse jigsaw replacement state 'minecrat:dripstone_block' at BlockPos{x=3120, y=-115, z=3072}: Unknown block type 'minecrat:dripstone_block' at position 0: <--[HERE]
[23:17:51] [Paper Common Worker #0/ERROR]: Failed to parse jigsaw replacement state 'minecrat:dripstone_block' at BlockPos{x=3120, y=-115, z=3072}: Unknown block type 'minecrat:dripstone_block' at position 0: <--[HERE]
[23:17:51] [Paper Common Worker #0/ERROR]: Failed to parse jigsaw replacement state 'minecrat:dripstone_block' at BlockPos{x=3115, y=-115, z=3073}: Unknown block type 'minecrat:dripstone_block' at position 0: <--[HERE]
[23:17:51] [Paper Common Worker #0/ERROR]: Failed to parse jigsaw replacement state 'minecrat:dripstone_block' at BlockPos{x=3115, y=-115, z=3073}: Unknown block type 'minecrat:dripstone_block' at position 0: <--[HERE]
[23:17:51] [Paper Common Worker #0/ERROR]: Failed to parse jigsaw replacement state 'minecrat:dripstone_block' at BlockPos{x=3115, y=-115, z=3073}: Unknown block type 'minecrat:dripstone_block' at position 0: <--[HERE]
[23:17:51] [Paper Common Worker #0/ERROR]: Failed to parse jigsaw replacement state 'minecrat:dripstone_block' at BlockPos{x=3133, y=-115, z=3038}: Unknown block type 'minecrat:dripstone_block' at position 0: <--[HERE]
[23:17:51] [Paper Common Worker #0/ERROR]: Failed to parse jigsaw replacement state 'minecrat:dripstone_block' at BlockPos{x=3133, y=-115, z=3038}: Unknown block type 'minecrat:dripstone_block' at position 0: <--[HERE]
[23:17:51] [Paper Common Worker #0/ERROR]: Failed to parse jigsaw replacement state 'minecrat:dripstone_block' at BlockPos{x=3133, y=-115, z=3019}: Unknown block type 'minecrat:dripstone_block' at position 0: <--[HERE]
[23:17:51] [Paper Common Worker #0/ERROR]: Failed to parse jigsaw replacement state 'minecrat:dripstone_block' at BlockPos{x=3133, y=-115, z=3019}: Unknown block type 'minecrat:dripstone_block' at position 0: <--[HERE]
[23:17:51] [Paper Common Worker #0/ERROR]: Failed to parse jigsaw replacement state 'minecrat:dripstone_block' at BlockPos{x=3133, y=-115, z=3019}: Unknown block type 'minecrat:dripstone_block' at position 0: <--[HERE]
[23:17:51] [Paper Common Worker #0/ERROR]: Failed to parse jigsaw replacement state 'minecrat:dripstone_block' at BlockPos{x=3133, y=-115, z=3019}: Unknown block type 'minecrat:dripstone_block' at position 0: <--[HERE]
[23:17:51] [Server thread/INFO]: [Chunky] Task running for world. Processed: 124244 chunks (7.94%), ETA: 38:09:43, Rate: 10.5 cps, Current: 193, 190
[23:17:51] [Paper Common Worker #0/ERROR]: Failed to parse jigsaw replacement state 'minecrat:dripstone_block' at BlockPos{x=3137, y=-115, z=3051}: Unknown block type 'minecrat:dripstone_block' at position 0: <--[HERE]
[23:17:51] [Paper Common Worker #0/ERROR]: Failed to parse jigsaw replacement state 'minecrat:dripstone_block' at BlockPos{x=3137, y=-115, z=3051}: Unknown block type 'minecrat:dripstone_block' at position 0: <--[HERE]
[23:17:51] [Paper Common Worker #0/ERROR]: Failed to parse jigsaw replacement state 'minecrat:dripstone_block' at BlockPos{x=3137, y=-115, z=3051}: Unknown block type 'minecrat:dripstone_block' at position 0: <--[HERE]
[23:17:51] [Paper Common Worker #0/ERROR]: Failed to parse jigsaw replacement state 'minecrat:dripstone_block' at BlockPos{x=3133, y=-115, z=3038}: Unknown block type 'minecrat:dripstone_block' at position 0: <--[HERE]
[23:17:51] [Paper Common Worker #0/ERROR]: Failed to parse jigsaw replacement state 'minecrat:dripstone_block' at BlockPos{x=3133, y=-115, z=3038}: Unknown block type 'minecrat:dripstone_block' at position 0: <--[HERE]
[23:17:51] [Paper Common Worker #0/ERROR]: Failed to parse jigsaw replacement state 'minecrat:dripstone_block' at BlockPos{x=3120, y=-115, z=3072}: Unknown block type 'minecrat:dripstone_block' at position 0: <--[HERE]
[23:17:51] [Paper Common Worker #0/ERROR]: Failed to parse jigsaw replacement state 'minecrat:dripstone_block' at BlockPos{x=3120, y=-115, z=3072}: Unknown block type 'minecrat:dripstone_block' at position 0: <--[HERE]
[23:17:51] [Paper Common Worker #0/ERROR]: Failed to parse jigsaw replacement state 'minecrat:dripstone_block' at BlockPos{x=3120, y=-115, z=3072}: Unknown block type 'minecrat:dripstone_block' at position 0: <--[HERE]
[23:17:51] [Paper Common Worker #0/ERROR]: Failed to parse jigsaw replacement state 'minecrat:dripstone_block' at BlockPos{x=3120, y=-115, z=3072}: Unknown block type 'minecrat:dripstone_block' at position 0: <--[HERE]
[23:17:51] [Paper Common Worker #0/ERROR]: Failed to parse jigsaw replacement state 'minecrat:dripstone_block' at BlockPos{x=3120, y=-115, z=3072}: Unknown block type 'minecrat:dripstone_block' at position 0: <--[HERE]
[23:17:51] [Paper Common Worker #0/ERROR]: Failed to parse jigsaw replacement state 'minecrat:dripstone_block' at BlockPos{x=3120, y=-115, z=3072}: Unknown block type 'minecrat:dripstone_block' at position 0: <--[HERE]
[23:17:51] [Paper Common Worker #0/ERROR]: Failed to parse jigsaw replacement state 'minecrat:dripstone_block' at BlockPos{x=3120, y=-115, z=3072}: Unknown block type 'minecrat:dripstone_block' at position 0: <--[HERE]
[23:17:51] [Paper Common Worker #0/ERROR]: Failed to parse jigsaw replacement state 'minecrat:dripstone_block' at BlockPos{x=3120, y=-115, z=3072}: Unknown block type 'minecrat:dripstone_block' at position 0: <--[HERE]
[23:17:51] [Paper Common Worker #0/ERROR]: Failed to parse jigsaw replacement state 'minecrat:dripstone_block' at BlockPos{x=3137, y=-115, z=3051}: Unknown block type 'minecrat:dripstone_block' at position 0: <--[HERE]
[23:17:51] [Paper Common Worker #0/ERROR]: Failed to parse jigsaw replacement state 'minecrat:dripstone_block' at BlockPos{x=3137, y=-115, z=3051}: Unknown block type 'minecrat:dripstone_block' at position 0: <--[HERE]
[23:17:51] [Paper Common Worker #0/ERROR]: Failed to parse jigsaw replacement state 'minecrat:dripstone_block' at BlockPos{x=3137, y=-115, z=3051}: Unknown block type 'minecrat:dripstone_block' at position 0: <--[HERE]
[23:17:52] [Server thread/INFO]: [Chunky] Task running for world. Processed: 124259 chunks (7.94%), ETA: 37:49:33, Rate: 10.6 cps, Current: 197, 184
[23:17:52] [Paper Common Worker #0/ERROR]: Failed to parse jigsaw replacement state 'minecrat:dripstone_block' at BlockPos{x=3137, y=-115, z=3051}: Unknown block type 'minecrat:dripstone_block' at position 0: <--[HERE]
[23:17:52] [Paper Common Worker #0/ERROR]: Failed to parse jigsaw replacement state 'minecrat:dripstone_block' at BlockPos{x=3137, y=-115, z=3051}: Unknown block type 'minecrat:dripstone_block' at position 0: <--[HERE]
[23:17:52] [Paper Common Worker #0/ERROR]: Failed to parse jigsaw replacement state 'minecrat:dripstone_block' at BlockPos{x=3137, y=-115, z=3051}: Unknown block type 'minecrat:dripstone_block' at position 0: <--[HERE]
[23:17:52] [Paper Common Worker #0/ERROR]: Failed to parse jigsaw replacement state 'minecrat:dripstone_block' at BlockPos{x=3120, y=-115, z=3072}: Unknown block type 'minecrat:dripstone_block' at position 0: <--[HERE]
[23:17:52] [Paper Common Worker #0/ERROR]: Failed to parse jigsaw replacement state 'minecrat:dripstone_block' at BlockPos{x=3120, y=-115, z=3072}: Unknown block type 'minecrat:dripstone_block' at position 0: <--[HERE]
[23:17:52] [Paper Common Worker #0/ERROR]: Failed to parse jigsaw replacement state 'minecrat:dripstone_block' at BlockPos{x=3120, y=-115, z=3072}: Unknown block type 'minecrat:dripstone_block' at position 0: <--[HERE]
[23:17:52] [Paper Common Worker #0/ERROR]: Failed to parse jigsaw replacement state 'minecrat:dripstone_block' at BlockPos{x=3120, y=-115, z=3072}: Unknown block type 'minecrat:dripstone_block' at position 0: <--[HERE]
[23:17:52] [Paper Common Worker #0/ERROR]: Failed to parse jigsaw replacement state 'minecrat:dripstone_block' at BlockPos{x=3120, y=-115, z=3072}: Unknown block type 'minecrat:dripstone_block' at position 0: <--[HERE]
[23:17:52] [Paper Common Worker #0/ERROR]: Failed to parse jigsaw replacement state 'minecrat:dripstone_block' at BlockPos{x=3120, y=-115, z=3072}: Unknown block type 'minecrat:dripstone_block' at position 0: <--[HERE]
[23:17:52] [Paper Common Worker #0/ERROR]: Failed to parse jigsaw replacement state 'minecrat:dripstone_block' at BlockPos{x=3120, y=-115, z=3072}: Unknown block type 'minecrat:dripstone_block' at position 0: <--[HERE]
[23:17:52] [Paper Common Worker #0/ERROR]: Failed to parse jigsaw replacement state 'minecrat:dripstone_block' at BlockPos{x=3120, y=-115, z=3072}: Unknown block type 'minecrat:dripstone_block' at position 0: <--[HERE]
[23:17:53] [Server thread/INFO]: AL5PT issued server command: //set gold_block
[23:17:53] [Server thread/INFO]: [Chunky] Task running for world. Processed: 124270 chunks (7.94%), ETA: 36:41:11, Rate: 10.9 cps, Current: 194, 191
[23:17:54] [Server thread/INFO]: [Chunky] Task running for world. Processed: 124276 chunks (7.94%), ETA: 36:24:34, Rate: 11.0 cps, Current: 197, 190
[23:17:55] [Server thread/INFO]: [Chunky] Task running for world. Processed: 124292 chunks (7.94%), ETA: 35:57:53, Rate: 11.1 cps, Current: 197, 191
[23:17:56] [Server thread/INFO]: [Chunky] Task running for world. Processed: 124303 chunks (7.94%), ETA: 35:07:58, Rate: 11.4 cps, Current: 202, 187
[23:17:57] [Server thread/INFO]: AL5PT issued server command: //set 0
[23:17:57] [Server thread/INFO]: [Chunky] Task running for world. Processed: 124313 chunks (7.94%), ETA: 35:00:38, Rate: 11.4 cps, Current: 201, 190
[23:17:58] [Server thread/INFO]: [Chunky] Task running for world. Processed: 124319 chunks (7.94%), ETA: 35:52:09, Rate: 11.2 cps, Current: 205, 189
[23:18:00] [Server thread/INFO]: [Chunky] Task running for world. Processed: 124330 chunks (7.94%), ETA: 36:11:37, Rate: 11.1 cps, Current: 205, 186
[23:18:01] [Server thread/INFO]: [Chunky] Task running for world. Processed: 124345 chunks (7.95%), ETA: 36:25:44, Rate: 11.0 cps, Current: 206, 186
[23:18:01] [Server thread/INFO]: AL5PT issued server command: //set 0
[23:18:02] [Server thread/INFO]: [Chunky] Task running for world. Processed: 124360 chunks (7.95%), ETA: 35:13:35, Rate: 11.4 cps, Current: 200, 179
[23:18:04] [Server thread/INFO]: [Chunky] Task running for world. Processed: 124383 chunks (7.95%), ETA: 34:36:14, Rate: 11.6 cps, Current: 202, 180
[23:18:05] [Server thread/INFO]: [Chunky] Task running for world. Processed: 124417 chunks (7.95%), ETA: 32:20:22, Rate: 12.4 cps, Current: 208, 176
[23:18:06] [Server thread/INFO]: AL5PT issued server command: //set 0
[23:18:07] [Server thread/INFO]: [Chunky] Task running for world. Processed: 124419 chunks (7.95%), ETA: 33:28:54, Rate: 12.0 cps, Current: 208, 178
[23:18:08] [Server thread/INFO]: [Chunky] Task running for world. Processed: 124423 chunks (7.95%), ETA: 34:09:09, Rate: 11.7 cps, Current: 210, 178
[23:18:09] [Server thread/INFO]: [Chunky] Task running for world. Processed: 124441 chunks (7.95%), ETA: 32:42:20, Rate: 12.2 cps, Current: 210, 181
[23:18:09] [Server thread/INFO]: AL5PT issued server command: //set 0
[23:18:11] [Server thread/INFO]: [Chunky] Task running for world. Processed: 124462 chunks (7.95%), ETA: 34:08:14, Rate: 11.7 cps, Current: 211, 176
[23:18:12] [Server thread/INFO]: [Chunky] Task running for world. Processed: 124468 chunks (7.95%), ETA: 37:27:00, Rate: 10.7 cps, Current: 212, 176
[23:18:13] [Server thread/INFO]: [Chunky] Task running for world. Processed: 124494 chunks (7.95%), ETA: 35:47:06, Rate: 11.2 cps, Current: 209, 188
[23:18:14] [Server thread/INFO]: [Chunky] Task running for world. Processed: 124500 chunks (7.96%), ETA: 35:34:14, Rate: 11.2 cps, Current: 210, 188
[23:18:15] [Server thread/INFO]: [Chunky] Task running for world. Processed: 124506 chunks (7.96%), ETA: 37:04:26, Rate: 10.8 cps, Current: 211, 188
[23:18:16] [Server thread/INFO]: [Chunky] Task running for world. Processed: 124524 chunks (7.96%), ETA: 36:37:56, Rate: 10.9 cps, Current: 216, 184
[23:18:18] [Server thread/INFO]: [Chunky] Task running for world. Processed: 124529 chunks (7.96%), ETA: 37:31:55, Rate: 10.7 cps, Current: 211, 191
[23:18:19] [Server thread/INFO]: [Chunky] Task running for world. Processed: 124541 chunks (7.96%), ETA: 37:04:54, Rate: 10.8 cps, Current: 212, 191
[23:18:20] [Server thread/INFO]: [Chunky] Task running for world. Processed: 124553 chunks (7.96%), ETA: 37:37:37, Rate: 10.6 cps, Current: 216, 189
[23:18:21] [Server thread/INFO]: [Chunky] Task running for world. Processed: 124561 chunks (7.96%), ETA: 38:32:04, Rate: 10.4 cps, Current: 216, 190
[23:18:22] [Server thread/INFO]: [Chunky] Task running for world. Processed: 124573 chunks (7.96%), ETA: 38:25:56, Rate: 10.4 cps, Current: 216, 191
[23:18:23] [Server thread/INFO]: [Chunky] Task running for world. Processed: 124580 chunks (7.96%), ETA: 38:28:22, Rate: 10.4 cps, Current: 217, 191
[23:18:25] [Server thread/INFO]: [Chunky] Task running for world. Processed: 124589 chunks (7.96%), ETA: 39:18:09, Rate: 10.2 cps, Current: 218, 191
[23:18:26] [Server thread/INFO]: [Chunky] Task running for world. Processed: 124601 chunks (7.96%), ETA: 39:11:36, Rate: 10.2 cps, Current: 222, 186
[23:18:26] [Paper Common Worker #0/ERROR]: Failed to parse jigsaw replacement state 'minecrat:dripstone_block' at BlockPos{x=3589, y=-115, z=3100}: Unknown block type 'minecrat:dripstone_block' at position 0: <--[HERE]
[23:18:26] [Paper Common Worker #0/ERROR]: Failed to parse jigsaw replacement state 'minecrat:dripstone_block' at BlockPos{x=3589, y=-115, z=3100}: Unknown block type 'minecrat:dripstone_block' at position 0: <--[HERE]
[23:18:26] [Paper Common Worker #0/ERROR]: Failed to parse jigsaw replacement state 'minecrat:dripstone_block' at BlockPos{x=3589, y=-115, z=3100}: Unknown block type 'minecrat:dripstone_block' at position 0: <--[HERE]
[23:18:27] [Server thread/INFO]: [Chunky] Task running for world. Processed: 124614 chunks (7.96%), ETA: 38:46:52, Rate: 10.3 cps, Current: 223, 191
[23:18:28] [Server thread/INFO]: [Chunky] Task running for world. Processed: 124629 chunks (7.96%), ETA: 37:45:36, Rate: 10.6 cps, Current: 223, 185
[23:18:29] [Server thread/INFO]: [Chunky] Task running for world. Processed: 124642 chunks (7.96%), ETA: 37:34:47, Rate: 10.6 cps, Current: 223, 181
[23:18:30] [Server thread/INFO]: [Chunky] Task running for world. Processed: 124654 chunks (7.97%), ETA: 37:15:38, Rate: 10.7 cps, Current: 220, 178
[23:18:31] [Server thread/INFO]: [Chunky] Task running for world. Processed: 124662 chunks (7.97%), ETA: 37:40:31, Rate: 10.6 cps, Current: 219, 176
[23:18:33] [Server thread/INFO]: [Chunky] Task running for world. Processed: 124666 chunks (7.97%), ETA: 40:45:41, Rate: 9.8 cps, Current: 223, 179
[23:18:33] [Paper Common Worker #0/ERROR]: Failed to parse jigsaw replacement state 'minecrat:dripstone_block' at BlockPos{x=3550, y=-115, z=2741}: Unknown block type 'minecrat:dripstone_block' at position 0: <--[HERE]
[23:18:33] [Paper Common Worker #0/ERROR]: Failed to parse jigsaw replacement state 'minecrat:dripstone_block' at BlockPos{x=3550, y=-115, z=2741}: Unknown block type 'minecrat:dripstone_block' at position 0: <--[HERE]
[23:18:33] [Paper Common Worker #0/ERROR]: Failed to parse jigsaw replacement state 'minecrat:dripstone_block' at BlockPos{x=3550, y=-115, z=2741}: Unknown block type 'minecrat:dripstone_block' at position 0: <--[HERE]
[23:18:33] [Paper Common Worker #0/ERROR]: Failed to parse jigsaw replacement state 'minecrat:dripstone_block' at BlockPos{x=3567, y=-115, z=2729}: Unknown block type 'minecrat:dripstone_block' at position 0: <--[HERE]
[23:18:33] [Paper Common Worker #0/ERROR]: Failed to parse jigsaw replacement state 'minecrat:dripstone_block' at BlockPos{x=3567, y=-115, z=2729}: Unknown block type 'minecrat:dripstone_block' at position 0: <--[HERE]
[23:18:33] [Paper Common Worker #0/ERROR]: Failed to parse jigsaw replacement state 'minecrat:dripstone_block' at BlockPos{x=3567, y=-115, z=2729}: Unknown block type 'minecrat:dripstone_block' at position 0: <--[HERE]
[23:18:33] [Paper Common Worker #0/ERROR]: Failed to parse jigsaw replacement state 'minecrat:dripstone_block' at BlockPos{x=3567, y=-115, z=2729}: Unknown block type 'minecrat:dripstone_block' at position 0: <--[HERE]
[23:18:33] [Paper Common Worker #0/ERROR]: Failed to parse jigsaw replacement state 'minecrat:dripstone_block' at BlockPos{x=3550, y=-115, z=2741}: Unknown block type 'minecrat:dripstone_block' at position 0: <--[HERE]
[23:18:33] [Paper Common Worker #0/ERROR]: Failed to parse jigsaw replacement state 'minecrat:dripstone_block' at BlockPos{x=3550, y=-115, z=2741}: Unknown block type 'minecrat:dripstone_block' at position 0: <--[HERE]
[23:18:33] [Paper Common Worker #0/ERROR]: Failed to parse jigsaw replacement state 'minecrat:dripstone_block' at BlockPos{x=3550, y=-115, z=2741}: Unknown block type 'minecrat:dripstone_block' at position 0: <--[HERE]
[23:18:34] [Paper Common Worker #0/ERROR]: Failed to parse jigsaw replacement state 'minecrat:dripstone_block' at BlockPos{x=3550, y=-115, z=2741}: Unknown block type 'minecrat:dripstone_block' at position 0: <--[HERE]
[23:18:34] [Paper Common Worker #0/ERROR]: Failed to parse jigsaw replacement state 'minecrat:dripstone_block' at BlockPos{x=3550, y=-115, z=2741}: Unknown block type 'minecrat:dripstone_block' at position 0: <--[HERE]
[23:18:34] [Paper Common Worker #0/ERROR]: Failed to parse jigsaw replacement state 'minecrat:dripstone_block' at BlockPos{x=3550, y=-115, z=2741}: Unknown block type 'minecrat:dripstone_block' at position 0: <--[HERE]
[23:18:34] [Paper Common Worker #0/ERROR]: Failed to parse jigsaw replacement state 'minecrat:dripstone_block' at BlockPos{x=3550, y=-115, z=2741}: Unknown block type 'minecrat:dripstone_block' at position 0: <--[HERE]
[23:18:34] [Paper Common Worker #0/ERROR]: Failed to parse jigsaw replacement state 'minecrat:dripstone_block' at BlockPos{x=3550, y=-115, z=2741}: Unknown block type 'minecrat:dripstone_block' at position 0: <--[HERE]
[23:18:34] [Paper Common Worker #0/ERROR]: Failed to parse jigsaw replacement state 'minecrat:dripstone_block' at BlockPos{x=3550, y=-115, z=2741}: Unknown block type 'minecrat:dripstone_block' at position 0: <--[HERE]
[23:18:34] [Server thread/INFO]: [Chunky] Task running for world. Processed: 124669 chunks (7.97%), ETA: 45:44:36, Rate: 8.7 cps, Current: 222, 177
[23:18:36] [Paper Common Worker #0/ERROR]: Failed to parse jigsaw replacement state 'minecrat:dripstone_block' at BlockPos{x=3567, y=-115, z=2729}: Unknown block type 'minecrat:dripstone_block' at position 0: <--[HERE]
[23:18:36] [Paper Common Worker #0/ERROR]: Failed to parse jigsaw replacement state 'minecrat:dripstone_block' at BlockPos{x=3567, y=-115, z=2729}: Unknown block type 'minecrat:dripstone_block' at position 0: <--[HERE]
[23:18:36] [Paper Common Worker #0/ERROR]: Failed to parse jigsaw replacement state 'minecrat:dripstone_block' at BlockPos{x=3567, y=-115, z=2729}: Unknown block type 'minecrat:dripstone_block' at position 0: <--[HERE]
[23:18:36] [Paper Common Worker #0/ERROR]: Failed to parse jigsaw replacement state 'minecrat:dripstone_block' at BlockPos{x=3567, y=-115, z=2729}: Unknown block type 'minecrat:dripstone_block' at position 0: <--[HERE]
[23:18:36] [Server thread/INFO]: [Chunky] Task running for world. Processed: 124676 chunks (7.97%), ETA: 44:48:53, Rate: 8.9 cps, Current: 221, 172
[23:18:37] [Server thread/INFO]: [Chunky] Task running for world. Processed: 124690 chunks (7.97%), ETA: 43:19:38, Rate: 9.2 cps, Current: 223, 176
[23:18:38] [Paper Common Worker #0/ERROR]: Block-attached entity at invalid position: BlockPos{x=78, y=-53, z=-180}
[23:18:38] [Paper Common Worker #0/ERROR]: Block-attached entity at invalid position: BlockPos{x=78, y=-52, z=-181}
[23:18:38] [Paper Common Worker #0/ERROR]: Failed to parse jigsaw replacement state 'minecrat:dripstone_block' at BlockPos{x=3599, y=-115, z=2729}: Unknown block type 'minecrat:dripstone_block' at position 0: <--[HERE]
[23:18:38] [Paper Common Worker #0/ERROR]: Failed to parse jigsaw replacement state 'minecrat:dripstone_block' at BlockPos{x=3599, y=-115, z=2729}: Unknown block type 'minecrat:dripstone_block' at position 0: <--[HERE]
[23:18:38] [Paper Common Worker #0/ERROR]: Failed to parse jigsaw replacement state 'minecrat:dripstone_block' at BlockPos{x=3599, y=-115, z=2729}: Unknown block type 'minecrat:dripstone_block' at position 0: <--[HERE]
[23:18:38] [Paper Common Worker #0/ERROR]: Failed to parse jigsaw replacement state 'minecrat:dripstone_block' at BlockPos{x=3599, y=-115, z=2729}: Unknown block type 'minecrat:dripstone_block' at position 0: <--[HERE]
[23:18:38] [Paper Common Worker #0/ERROR]: Failed to parse jigsaw replacement state 'minecrat:dripstone_block' at BlockPos{x=3598, y=-115, z=2725}: Unknown block type 'minecrat:dripstone_block' at position 0: <--[HERE]
[23:18:38] [Paper Common Worker #0/ERROR]: Failed to parse jigsaw replacement state 'minecrat:dripstone_block' at BlockPos{x=3598, y=-115, z=2725}: Unknown block type 'minecrat:dripstone_block' at position 0: <--[HERE]
[23:18:38] [Paper Common Worker #0/ERROR]: Failed to parse jigsaw replacement state 'minecrat:dripstone_block' at BlockPos{x=3567, y=-115, z=2729}: Unknown block type 'minecrat:dripstone_block' at position 0: <--[HERE]
[23:18:38] [Paper Common Worker #0/ERROR]: Failed to parse jigsaw replacement state 'minecrat:dripstone_block' at BlockPos{x=3567, y=-115, z=2729}: Unknown block type 'minecrat:dripstone_block' at position 0: <--[HERE]
[23:18:38] [Paper Common Worker #0/ERROR]: Failed to parse jigsaw replacement state 'minecrat:dripstone_block' at BlockPos{x=3567, y=-115, z=2729}: Unknown block type 'minecrat:dripstone_block' at position 0: <--[HERE]
[23:18:38] [Paper Common Worker #0/ERROR]: Failed to parse jigsaw replacement state 'minecrat:dripstone_block' at BlockPos{x=3567, y=-115, z=2729}: Unknown block type 'minecrat:dripstone_block' at position 0: <--[HERE]
[23:18:39] [Server thread/INFO]: [Chunky] Task running for world. Processed: 124707 chunks (7.97%), ETA: 44:16:37, Rate: 9.0 cps, Current: 223, 173
[23:18:39] [Server thread/INFO]: AL5PT issued server command: /up 9
[23:18:40] [Server thread/INFO]: [Chunky] Task running for world. Processed: 124727 chunks (7.97%), ETA: 43:59:35, Rate: 9.1 cps, Current: 220, 168
[23:18:41] [Server thread/INFO]: [Chunky] Task running for world. Processed: 124740 chunks (7.97%), ETA: 42:45:12, Rate: 9.4 cps, Current: 213, 174
[23:18:43] [Server thread/INFO]: [Chunky] Task running for world. Processed: 124762 chunks (7.97%), ETA: 43:40:10, Rate: 9.2 cps, Current: 209, 172
[23:18:44] [Server thread/INFO]: [Chunky] Task running for world. Processed: 124790 chunks (7.97%), ETA: 40:40:51, Rate: 9.8 cps, Current: 214, 169
[23:18:45] [Server thread/INFO]: [Chunky] Task running for world. Processed: 124802 chunks (7.97%), ETA: 39:59:21, Rate: 10.0 cps, Current: 214, 167
[23:18:46] [Server thread/INFO]: [Chunky] Task running for world. Processed: 124820 chunks (7.98%), ETA: 40:00:18, Rate: 10.0 cps, Current: 215, 166
[23:18:48] [Server thread/INFO]: [Chunky] Task running for world. Processed: 124834 chunks (7.98%), ETA: 39:02:42, Rate: 10.2 cps, Current: 210, 162
[23:18:49] [Server thread/INFO]: [Chunky] Task running for world. Processed: 124846 chunks (7.98%), ETA: 39:09:21, Rate: 10.2 cps, Current: 214, 163
[23:18:50] [Server thread/INFO]: [Chunky] Task running for world. Processed: 124868 chunks (7.98%), ETA: 37:38:23, Rate: 10.6 cps, Current: 210, 160
[23:18:50] [Server thread/INFO]: AL5PT issued server command: //set gold_block
[23:18:51] [Server thread/INFO]: [Chunky] Task running for world. Processed: 124875 chunks (7.98%), ETA: 38:16:16, Rate: 10.5 cps, Current: 216, 161
[23:18:53] [Server thread/INFO]: [Chunky] Task running for world. Processed: 124891 chunks (7.98%), ETA: 37:22:24, Rate: 10.7 cps, Current: 214, 160
[23:18:54] [Server thread/INFO]: [Chunky] Task running for world. Processed: 124897 chunks (7.98%), ETA: 37:46:43, Rate: 10.6 cps, Current: 219, 164
[23:18:55] [Server thread/INFO]: [Chunky] Task running for world. Processed: 124910 chunks (7.98%), ETA: 37:58:58, Rate: 10.5 cps, Current: 223, 166
[23:18:56] [Server thread/INFO]: [Chunky] Task running for world. Processed: 124913 chunks (7.98%), ETA: 39:38:37, Rate: 10.1 cps, Current: 222, 164
[23:18:57] [Server thread/INFO]: [Chunky] Task running for world. Processed: 124927 chunks (7.98%), ETA: 39:44:23, Rate: 10.1 cps, Current: 192, 135
[23:18:59] [Server thread/INFO]: [Chunky] Task running for world. Processed: 124935 chunks (7.98%), ETA: 40:13:34, Rate: 9.9 cps, Current: 193, 129
[23:19:00] [Server thread/INFO]: [Chunky] Task running for world. Processed: 124941 chunks (7.98%), ETA: 41:10:51, Rate: 9.7 cps, Current: 222, 160
[23:19:01] [Server thread/INFO]: [Chunky] Task running for world. Processed: 124950 chunks (7.98%), ETA: 41:29:56, Rate: 9.6 cps, Current: 195, 133
[23:19:03] [Server thread/INFO]: [Chunky] Task running for world. Processed: 124954 chunks (7.98%), ETA: 39:41:06, Rate: 10.1 cps, Current: 195, 132
[23:19:04] [Server thread/INFO]: [Chunky] Task running for world. Processed: 124964 chunks (7.98%), ETA: 40:06:28, Rate: 10.0 cps, Current: 196, 131
[23:19:05] [Server thread/INFO]: [Chunky] Task running for world. Processed: 124975 chunks (7.99%), ETA: 38:51:04, Rate: 10.3 cps, Current: 198, 130
[23:19:06] [Server thread/INFO]: [Chunky] Task running for world. Processed: 124978 chunks (7.99%), ETA: 40:13:54, Rate: 9.9 cps, Current: 196, 128
[23:19:07] [Server thread/INFO]: [Chunky] Task running for world. Processed: 124989 chunks (7.99%), ETA: 39:59:40, Rate: 10.0 cps, Current: 199, 129
[23:19:08] [Server thread/INFO]: [Chunky] Task running for world. Processed: 124993 chunks (7.99%), ETA: 41:00:13, Rate: 9.8 cps, Current: 201, 129
[23:19:09] [Server thread/INFO]: [Chunky] Task running for world. Processed: 124998 chunks (7.99%), ETA: 42:59:23, Rate: 9.3 cps, Current: 203, 130
[23:19:10] [Server thread/INFO]: [Chunky] Task running for world. Processed: 125020 chunks (7.99%), ETA: 41:16:45, Rate: 9.7 cps, Current: 202, 128
[23:19:12] [Server thread/INFO]: [Chunky] Task running for world. Processed: 125028 chunks (7.99%), ETA: 43:25:58, Rate: 9.2 cps, Current: 206, 131
[23:19:13] [Server thread/INFO]: [Chunky] Task running for world. Processed: 125037 chunks (7.99%), ETA: 43:32:53, Rate: 9.2 cps, Current: 207, 130
